........................................................................ [ 29%]
...F...FFFFFFFJIT session error: Failed to materialize symbols: { (main, { _ZNSt12_Vector_baseISt6vectorIiSaIiEESaIS2_EE19_M_get_Tp_allocatorEv }) }
make_dtor_wrapperFailed to compile
==== SOURCE BEGIN ====
__attribute__((used)) extern "C" void __dtor_594(void* obj, unsigned long nary, int withFree)
{
   if (withFree) {
      if (!nary) {
         delete (std::vector<std::vector<int, std::allocator<int>>, std::allocator<std::vector<int, std::allocator<int>>>>*) obj;
      }
      else {
         delete[] (std::vector<std::vector<int, std::allocator<int>>, std::allocator<std::vector<int, std::allocator<int>>>>*) obj;
      }
   }
   else {
      typedef std::vector<std::vector<int, std::allocator<int>>, std::allocator<std::vector<int, std::allocator<int>>>> Nm;
if (!nary) {
         ((Nm*)obj)->~Nm();
      }
      else {
         do {
            (((Nm*)obj)+(--nary))->~Nm();
         } while (nary);
      }
   }
}

  ==== SOURCE END ====JIT session error: Failed to materialize symbols: { (main, { _ZNSt12_Vector_baseIhSaIhEE19_M_get_Tp_allocatorEv }) }
make_dtor_wrapperFailed to compile
==== SOURCE BEGIN ====
__attribute__((used)) extern "C" void __dtor_595(void* obj, unsigned long nary, int withFree)
{
   if (withFree) {
      if (!nary) {
         delete (std::vector<unsigned char, std::allocator<unsigned char>>*) obj;
      }
      else {
         delete[] (std::vector<unsigned char, std::allocator<unsigned char>>*) obj;
      }
   }
   else {
      typedef std::vector<unsigned char, std::allocator<unsigned char>> Nm;
if (!nary) {
         ((Nm*)obj)->~Nm();
      }
      else {
         do {
            (((Nm*)obj)+(--nary))->~Nm();
         } while (nary);
      }
   }
}

  ==== SOURCE END ====FFF.FF.F.FFFFFJIT session error: Failed to materialize symbols: { (main, { _ZNSt7__cxx1110_List_baseIiSaIiEED2Ev }) }
make_dtor_wrapperFailed to compile
==== SOURCE BEGIN ====
__attribute__((used)) extern "C" void __dtor_643(void* obj, unsigned long nary, int withFree)
{
   if (withFree) {
      if (!nary) {
         delete (std::list<int, std::allocator<int>>*) obj;
      }
      else {
         delete[] (std::list<int, std::allocator<int>>*) obj;
      }
   }
   else {
      typedef std::list<int, std::allocator<int>> Nm;
if (!nary) {
         ((Nm*)obj)->~Nm();
      }
      else {
         do {
            (((Nm*)obj)+(--nary))->~Nm();
         } while (nary);
      }
   }
}

  ==== SOURCE END ====JIT session error: Failed to materialize symbols: { (main, { _ZNSt7__cxx114listIiSaIiEED2Ev }) }
make_dtor_wrapperFailed to compile
==== SOURCE BEGIN ====
__attribute__((used)) extern "C" void __dtor_644(void* obj, unsigned long nary, int withFree)
{
   if (withFree) {
      if (!nary) {
         delete (std::list<int, std::allocator<int>>*) obj;
      }
      else {
         delete[] (std::list<int, std::allocator<int>>*) obj;
      }
   }
   else {
      typedef std::list<int, std::allocator<int>> Nm;
if (!nary) {
         ((Nm*)obj)->~Nm();
      }
      else {
         do {
            (((Nm*)obj)+(--nary))->~Nm();
         } while (nary);
      }
   }
}

  ==== SOURCE END ====JIT session error: Failed to materialize symbols: { (main, { _ZNSt7__cxx114listIiSaIiEED2Ev }) }
make_dtor_wrapperFailed to compile
==== SOURCE BEGIN ====
__attribute__((used)) extern "C" void __dtor_645(void* obj, unsigned long nary, int withFree)
{
   if (withFree) {
      if (!nary) {
         delete (std::list<int, std::allocator<int>>*) obj;
      }
      else {
         delete[] (std::list<int, std::allocator<int>>*) obj;
      }
   }
   else {
      typedef std::list<int, std::allocator<int>> Nm;
if (!nary) {
         ((Nm*)obj)->~Nm();
      }
      else {
         do {
            (((Nm*)obj)+(--nary))->~Nm();
         } while (nary);
      }
   }
}

  ==== SOURCE END ====FFFFFFFFFFF..JIT session error: Failed to materialize symbols: { (main, { _ZNSt10_List_nodeINSt7__cxx1112basic_stringIcSt11char_traitsIcESaIcEEEE9_M_valptrEv }) }
make_dtor_wrapperFailed to compile
==== SOURCE BEGIN ====
__attribute__((used)) extern "C" void __dtor_740(void* obj, unsigned long nary, int withFree)
{
   if (withFree) {
      if (!nary) {
         delete (std::list<std::basic_string<char, std::char_traits<char>, std::allocator<char>>, std::allocator<std::basic_string<char, std::char_traits<char>, std::allocator<char>>>>*) obj;
      }
      else {
         delete[] (std::list<std::basic_string<char, std::char_traits<char>, std::allocator<char>>, std::allocator<std::basic_string<char, std::char_traits<char>, std::allocator<char>>>>*) obj;
      }
   }
   else {
      typedef std::list<std::basic_string<char, std::char_traits<char>, std::allocator<char>>, std::allocator<std::basic_string<char, std::char_traits<char>, std::allocator<char>>>> Nm;
if (!nary) {
         ((Nm*)obj)->~Nm();
      }
      else {
         do {
            (((Nm*)obj)+(--nary))->~Nm();
         } while (nary);
      }
   }
}

  ==== SOURCE END ====F.FF.F..FFFFFFFFFFFF.....ss.... [ 59%]
.............F......F...........F.FF.x.....FFFFFF.FF.FFFF..F.FFFFFF...FF [ 88%]
.F..F....FFFF.FFF..FFFFFFF..                                             [100%]
=================================== FAILURES ===================================
__________________ TestSTLVECTOR.test14_vector_of_vector_of_ ___________________

self = <test_stltypes.TestSTLVECTOR object at 0x70acb29653d0>

    @mark.xfail(condition=IS_MAC and IS_CLING, run=False, reason="Fails on OSX-Cling")
    def test14_vector_of_vector_of_(self):
        """Nested vectors"""
    
        from cppjit.gbl.std import vector
    
        vv = vector[vector[int]](((1, 2), [3, 4]))
    
>       assert len(vv) == 2
               ^^^^^^^
E       cppjit.gbl.std.runtime_error: unsigned long std::vector<std::vector<int>>::size() =>
E           runtime_error: failed to resolve function

test_stltypes.py:639: runtime_error
----------------------------- Captured stderr call -----------------------------
JIT session error: In graph incr_module_1627-jitted-objectbuffer, section .eh_frame: relocation target 0x70acb471d0a0 (DW.ref.__gxx_personality_v0) is out of range of Delta32 fixup at address 0x70acb471d0a0 (<anonymous block> @ 0x70ac275e72a0 + 0x13)
TClingCallFunc::make_wrapper:Failed to compile
==== SOURCE BEGIN ====
#pragma clang diagnostic push
#pragma clang diagnostic ignored "-Wformat-security"
__attribute__((used)) __attribute__((annotate("__cling__ptrcheck(off)")))
extern "C" void __jc_555(void* obj, unsigned long nargs, void** args, void* ret)
{
   ((std::vector<std::vector<int, std::allocator<int>>, std::allocator<std::vector<int, std::allocator<int>>>>*)obj)->std::vector<std::vector<int, std::allocator<int>>, std::allocator<std::vector<int, std::allocator<int>>>>::reserve(*(unsigned long*)args[0]);
   return;
}
#pragma clang diagnostic pop
==== SOURCE END ====
JIT session error: Failed to materialize symbols: { (main, { _ZNKSt6vectorIS_IiSaIiEESaIS1_EE8max_sizeEv }) }
TClingCallFunc::make_wrapper:Failed to compile
==== SOURCE BEGIN ====
#pragma clang diagnostic push
#pragma clang diagnostic ignored "-Wformat-security"
__attribute__((used)) __attribute__((annotate("__cling__ptrcheck(off)")))
extern "C" void __jc_556(void* obj, unsigned long nargs, void** args, void* ret)
{
   if (ret) {
      ::new (ret) (std::vector<int>*) (&((std::vector<std::vector<int, std::allocator<int>>, std::allocator<std::vector<int, std::allocator<int>>>>*)obj)->std::vector<std::vector<int, std::allocator<int>>, std::allocator<std::vector<int, std::allocator<int>>>>::emplace_back<std::vector<int>>((std::vector<int>&&)*(std::vector<int>*)args[0]));
      return;
   }
   else {
      (void)(((std::vector<std::vector<int, std::allocator<int>>, std::allocator<std::vector<int, std::allocator<int>>>>*)obj)->std::vector<std::vector<int, std::allocator<int>>, std::allocator<std::vector<int, std::allocator<int>>>>::emplace_back<std::vector<int>>((std::vector<int>&&)*(std::vector<int>*)args[0]));
      return;
   }
}
#pragma clang diagnostic pop
==== SOURCE END ====
JIT session error: Failed to materialize symbols: { (main, { _ZNSt6vectorIS_IiSaIiEESaIS1_EE12emplace_backIJS1_EEERS1_DpOT_ }) }
TClingCallFunc::make_wrapper:Failed to compile
==== SOURCE BEGIN ====
#pragma clang diagnostic push
#pragma clang diagnostic ignored "-Wformat-security"
__attribute__((used)) __attribute__((annotate("__cling__ptrcheck(off)")))
extern "C" void __jc_557(void* obj, unsigned long nargs, void** args, void* ret)
{
   if (ret) {
      ::new (ret) (std::vector<int>*) (&((std::vector<std::vector<int, std::allocator<int>>, std::allocator<std::vector<int, std::allocator<int>>>>*)obj)->std::vector<std::vector<int, std::allocator<int>>, std::allocator<std::vector<int, std::allocator<int>>>>::emplace_back<std::vector<int>>((std::vector<int>&&)*(std::vector<int>*)args[0]));
      return;
   }
   else {
      (void)(((std::vector<std::vector<int, std::allocator<int>>, std::allocator<std::vector<int, std::allocator<int>>>>*)obj)->std::vector<std::vector<int, std::allocator<int>>, std::allocator<std::vector<int, std::allocator<int>>>>::emplace_back<std::vector<int>>((std::vector<int>&&)*(std::vector<int>*)args[0]));
      return;
   }
}
#pragma clang diagnostic pop
==== SOURCE END ====
JIT session error: Failed to materialize symbols: { (main, { _ZNKSt6vectorIS_IiSaIiEESaIS1_EE4sizeEv }) }
TClingCallFunc::make_wrapper:Failed to compile
==== SOURCE BEGIN ====
#pragma clang diagnostic push
#pragma clang diagnostic ignored "-Wformat-security"
__attribute__((used)) __attribute__((annotate("__cling__ptrcheck(off)")))
extern "C" void __jc_558(void* obj, unsigned long nargs, void** args, void* ret)
{
   if (ret) {
      ::new (ret) (unsigned long) (((const std::vector<std::vector<int, std::allocator<int>>, std::allocator<std::vector<int, std::allocator<int>>>>*)obj)->std::vector<std::vector<int, std::allocator<int>>, std::allocator<std::vector<int, std::allocator<int>>>>::size());
      return;
   }
   else {
      (void)(((const std::vector<std::vector<int, std::allocator<int>>, std::allocator<std::vector<int, std::allocator<int>>>>*)obj)->std::vector<std::vector<int, std::allocator<int>>, std::allocator<std::vector<int, std::allocator<int>>>>::size());
      return;
   }
}
#pragma clang diagnostic pop
==== SOURCE END ====
_____________________ TestSTLVECTOR.test18_array_interface _____________________

self = <test_stltypes.TestSTLVECTOR object at 0x70acc22d31d0>

    @mark.xfail(condition=IS_MAC and IS_CLING, run=False, reason="Crashes on OSX-Cling")
    def test18_array_interface(self):
        """Test usage of __array__ from numpy"""
    
        import cppjit
    
        try:
            import numpy as np
        except ImportError:
            skip("numpy is not installed")
    
        a = cppjit.gbl.std.vector[int]((1, 2, 3))
    
        b = np.array(a)
        assert len(a) == len(b)
        a[0] = 4
        assert a[0] == 4
        assert b[0] == 1
    
        b = np.array(a, copy=False)
        assert b[0] == 4
        a[0] = 1
        assert b[0] == 1
    
        b = np.array(a, dtype=np.int32, copy=False)
        assert b[0] == 1
        a[0] = 5
        assert b[0] == 5
    
        cppjit.cppdef("""\
        namespace ImplicitVector {
        int func(std::vector<int> v) {
            return std::accumulate(v.begin(), v.end(), 0);
        } }""")
    
        ns = cppjit.gbl.ImplicitVector
    
        v = np.array(range(10), dtype=np.intc)
>       assert ns.func(v) == sum(v)
               ^^^^^^^^^^
E       TypeError: int ImplicitVector::func(std::vector<int> v) =>
E           TypeError: could not convert argument 1: [InstanceConverter]

test_stltypes.py:727: TypeError
----------------------------- Captured stderr call -----------------------------
JIT session error: In graph incr_module_1652-jitted-objectbuffer, section .eh_frame: relocation target 0x70acb471d0a0 (DW.ref.__gxx_personality_v0) is out of range of Delta32 fixup at address 0x70acb471d0a0 (<anonymous block> @ 0x70ac275e11b0 + 0x13)
TClingCallFunc::make_wrapper:Failed to compile
==== SOURCE BEGIN ====
#pragma clang diagnostic push
#pragma clang diagnostic ignored "-Wformat-security"
__attribute__((used)) __attribute__((annotate("__cling__ptrcheck(off)")))
extern "C" void __jc_562(void* ret, unsigned long nary, unsigned long nargs, void** args, void* is_arena)
{
   if (nargs == 1) {
            (*(std::vector<int, std::allocator<int>>**)ret) = (is_arena) ? ::new (*(std::vector<int, std::allocator<int>>**)ret) std::vector<int, std::allocator<int>>(*(std::initializer_list<int>*)args[0]): new std::vector<int, std::allocator<int>>(*(std::initializer_list<int>*)args[0]);
      }
   if (nargs == 2) {
            (*(std::vector<int, std::allocator<int>>**)ret) = (is_arena) ? ::new (*(std::vector<int, std::allocator<int>>**)ret) std::vector<int, std::allocator<int>>(*(std::initializer_list<int>*)args[0], (const std::allocator<int>&)*(const std::allocator<int>*)args[1]): new std::vector<int, std::allocator<int>>(*(std::initializer_list<int>*)args[0], (const std::allocator<int>&)*(const std::allocator<int>*)args[1]);
      }
}
#pragma clang diagnostic pop
==== SOURCE END ====
_____________________ TestSTLVECTOR.test19_vector_point3d ______________________

self = <test_stltypes.TestSTLVECTOR object at 0x70acc23076b0>

    @mark.xfail(
        condition=IS_MAC and IS_CLING, run=False, reason="Crashes with OSX-Cling"
    )
    def test19_vector_point3d(self):
        """Iteration over a vector of by-value objects"""
    
        import cppjit
    
        N = 10
    
        cppjit.cppdef("""namespace vector_point3d {
        class Point3D {
            double x, y, z;
    
        public:
            Point3D(double x, double y, double z) : x(x), y(y), z(z) {}
            double square() { return x*x+y*y+z*z; }
        }; }""")
    
        Point3D = cppjit.gbl.vector_point3d.Point3D
        v = cppjit.gbl.std.vector[Point3D]()
        for i in range(N):
            v.emplace_back(i, i * 2, i * 3)
    
        pysum = 0.0
        for x in range(N):
            pysum += 14 * x**2
    
        cppsum = 0.0
>       for p in v:
                 ^
E       cppjit.gbl.std.runtime_error: unsigned long std::vector<vector_point3d::Point3D>::size() =>
E           runtime_error: failed to resolve function

test_stltypes.py:765: runtime_error
----------------------------- Captured stderr call -----------------------------
JIT session error: In graph incr_module_1681-jitted-objectbuffer, section .eh_frame: relocation target 0x70acb471d0a0 (DW.ref.__gxx_personality_v0) is out of range of Delta32 fixup at address 0x70acb471d0a0 (<anonymous block> @ 0x70ac275df484 + 0x13)
TClingCallFunc::make_wrapper:Failed to compile
==== SOURCE BEGIN ====
#pragma clang diagnostic push
#pragma clang diagnostic ignored "-Wformat-security"
__attribute__((used)) __attribute__((annotate("__cling__ptrcheck(off)")))
extern "C" void __jc_564(void* obj, unsigned long nargs, void** args, void* ret)
{
   if (ret) {
      ::new (ret) (vector_point3d::Point3D*) (&((std::vector<vector_point3d::Point3D, std::allocator<vector_point3d::Point3D>>*)obj)->std::vector<vector_point3d::Point3D, std::allocator<vector_point3d::Point3D>>::emplace_back<int, int, int>((int&&)*(int*)args[0], (int&&)*(int*)args[1], (int&&)*(int*)args[2]));
      return;
   }
   else {
      (void)(((std::vector<vector_point3d::Point3D, std::allocator<vector_point3d::Point3D>>*)obj)->std::vector<vector_point3d::Point3D, std::allocator<vector_point3d::Point3D>>::emplace_back<int, int, int>((int&&)*(int*)args[0], (int&&)*(int*)args[1], (int&&)*(int*)args[2]));
      return;
   }
}
#pragma clang diagnostic pop
==== SOURCE END ====
JIT session error: Failed to materialize symbols: { (main, { _ZNSt6vectorIN14vector_point3d7Point3DESaIS1_EE12emplace_backIJiiiEEERS1_DpOT_ }) }
TClingCallFunc::make_wrapper:Failed to compile
==== SOURCE BEGIN ====
#pragma clang diagnostic push
#pragma clang diagnostic ignored "-Wformat-security"
__attribute__((used)) __attribute__((annotate("__cling__ptrcheck(off)")))
extern "C" void __jc_565(void* obj, unsigned long nargs, void** args, void* ret)
{
   if (ret) {
      ::new (ret) (vector_point3d::Point3D*) (&((std::vector<vector_point3d::Point3D, std::allocator<vector_point3d::Point3D>>*)obj)->std::vector<vector_point3d::Point3D, std::allocator<vector_point3d::Point3D>>::emplace_back<int, int, int>((int&&)*(int*)args[0], (int&&)*(int*)args[1], (int&&)*(int*)args[2]));
      return;
   }
   else {
      (void)(((std::vector<vector_point3d::Point3D, std::allocator<vector_point3d::Point3D>>*)obj)->std::vector<vector_point3d::Point3D, std::allocator<vector_point3d::Point3D>>::emplace_back<int, int, int>((int&&)*(int*)args[0], (int&&)*(int*)args[1], (int&&)*(int*)args[2]));
      return;
   }
}
#pragma clang diagnostic pop
==== SOURCE END ====
JIT session error: Failed to materialize symbols: { (main, { _ZNSt6vectorIN14vector_point3d7Point3DESaIS1_EE12emplace_backIJiiiEEERS1_DpOT_ }) }
TClingCallFunc::make_wrapper:Failed to compile
==== SOURCE BEGIN ====
#pragma clang diagnostic push
#pragma clang diagnostic ignored "-Wformat-security"
__attribute__((used)) __attribute__((annotate("__cling__ptrcheck(off)")))
extern "C" void __jc_566(void* obj, unsigned long nargs, void** args, void* ret)
{
   if (ret) {
      ::new (ret) (vector_point3d::Point3D*) (&((std::vector<vector_point3d::Point3D, std::allocator<vector_point3d::Point3D>>*)obj)->std::vector<vector_point3d::Point3D, std::allocator<vector_point3d::Point3D>>::emplace_back<int, int, int>((int&&)*(int*)args[0], (int&&)*(int*)args[1], (int&&)*(int*)args[2]));
      return;
   }
   else {
      (void)(((std::vector<vector_point3d::Point3D, std::allocator<vector_point3d::Point3D>>*)obj)->std::vector<vector_point3d::Point3D, std::allocator<vector_point3d::Point3D>>::emplace_back<int, int, int>((int&&)*(int*)args[0], (int&&)*(int*)args[1], (int&&)*(int*)args[2]));
      return;
   }
}
#pragma clang diagnostic pop
==== SOURCE END ====
JIT session error: Failed to materialize symbols: { (main, { _ZNSt6vectorIN14vector_point3d7Point3DESaIS1_EE12emplace_backIJiiiEEERS1_DpOT_ }) }
TClingCallFunc::make_wrapper:Failed to compile
==== SOURCE BEGIN ====
#pragma clang diagnostic push
#pragma clang diagnostic ignored "-Wformat-security"
__attribute__((used)) __attribute__((annotate("__cling__ptrcheck(off)")))
extern "C" void __jc_567(void* obj, unsigned long nargs, void** args, void* ret)
{
   if (ret) {
      ::new (ret) (vector_point3d::Point3D*) (&((std::vector<vector_point3d::Point3D, std::allocator<vector_point3d::Point3D>>*)obj)->std::vector<vector_point3d::Point3D, std::allocator<vector_point3d::Point3D>>::emplace_back<int, int, int>((int&&)*(int*)args[0], (int&&)*(int*)args[1], (int&&)*(int*)args[2]));
      return;
   }
   else {
      (void)(((std::vector<vector_point3d::Point3D, std::allocator<vector_point3d::Point3D>>*)obj)->std::vector<vector_point3d::Point3D, std::allocator<vector_point3d::Point3D>>::emplace_back<int, int, int>((int&&)*(int*)args[0], (int&&)*(int*)args[1], (int&&)*(int*)args[2]));
      return;
   }
}
#pragma clang diagnostic pop
==== SOURCE END ====
JIT session error: Failed to materialize symbols: { (main, { _ZNSt6vectorIN14vector_point3d7Point3DESaIS1_EE12emplace_backIJiiiEEERS1_DpOT_ }) }
TClingCallFunc::make_wrapper:Failed to compile
==== SOURCE BEGIN ====
#pragma clang diagnostic push
#pragma clang diagnostic ignored "-Wformat-security"
__attribute__((used)) __attribute__((annotate("__cling__ptrcheck(off)")))
extern "C" void __jc_568(void* obj, unsigned long nargs, void** args, void* ret)
{
   if (ret) {
      ::new (ret) (vector_point3d::Point3D*) (&((std::vector<vector_point3d::Point3D, std::allocator<vector_point3d::Point3D>>*)obj)->std::vector<vector_point3d::Point3D, std::allocator<vector_point3d::Point3D>>::emplace_back<int, int, int>((int&&)*(int*)args[0], (int&&)*(int*)args[1], (int&&)*(int*)args[2]));
      return;
   }
   else {
      (void)(((std::vector<vector_point3d::Point3D, std::allocator<vector_point3d::Point3D>>*)obj)->std::vector<vector_point3d::Point3D, std::allocator<vector_point3d::Point3D>>::emplace_back<int, int, int>((int&&)*(int*)args[0], (int&&)*(int*)args[1], (int&&)*(int*)args[2]));
      return;
   }
}
#pragma clang diagnostic pop
==== SOURCE END ====
JIT session error: Failed to materialize symbols: { (main, { _ZNSt6vectorIN14vector_point3d7Point3DESaIS1_EE12emplace_backIJiiiEEERS1_DpOT_ }) }
TClingCallFunc::make_wrapper:Failed to compile
==== SOURCE BEGIN ====
#pragma clang diagnostic push
#pragma clang diagnostic ignored "-Wformat-security"
__attribute__((used)) __attribute__((annotate("__cling__ptrcheck(off)")))
extern "C" void __jc_569(void* obj, unsigned long nargs, void** args, void* ret)
{
   if (ret) {
      ::new (ret) (vector_point3d::Point3D*) (&((std::vector<vector_point3d::Point3D, std::allocator<vector_point3d::Point3D>>*)obj)->std::vector<vector_point3d::Point3D, std::allocator<vector_point3d::Point3D>>::emplace_back<int, int, int>((int&&)*(int*)args[0], (int&&)*(int*)args[1], (int&&)*(int*)args[2]));
      return;
   }
   else {
      (void)(((std::vector<vector_point3d::Point3D, std::allocator<vector_point3d::Point3D>>*)obj)->std::vector<vector_point3d::Point3D, std::allocator<vector_point3d::Point3D>>::emplace_back<int, int, int>((int&&)*(int*)args[0], (int&&)*(int*)args[1], (int&&)*(int*)args[2]));
      return;
   }
}
#pragma clang diagnostic pop
==== SOURCE END ====
JIT session error: Failed to materialize symbols: { (main, { _ZNSt6vectorIN14vector_point3d7Point3DESaIS1_EE12emplace_backIJiiiEEERS1_DpOT_ }) }
TClingCallFunc::make_wrapper:Failed to compile
==== SOURCE BEGIN ====
#pragma clang diagnostic push
#pragma clang diagnostic ignored "-Wformat-security"
__attribute__((used)) __attribute__((annotate("__cling__ptrcheck(off)")))
extern "C" void __jc_570(void* obj, unsigned long nargs, void** args, void* ret)
{
   if (ret) {
      ::new (ret) (vector_point3d::Point3D*) (&((std::vector<vector_point3d::Point3D, std::allocator<vector_point3d::Point3D>>*)obj)->std::vector<vector_point3d::Point3D, std::allocator<vector_point3d::Point3D>>::emplace_back<int, int, int>((int&&)*(int*)args[0], (int&&)*(int*)args[1], (int&&)*(int*)args[2]));
      return;
   }
   else {
      (void)(((std::vector<vector_point3d::Point3D, std::allocator<vector_point3d::Point3D>>*)obj)->std::vector<vector_point3d::Point3D, std::allocator<vector_point3d::Point3D>>::emplace_back<int, int, int>((int&&)*(int*)args[0], (int&&)*(int*)args[1], (int&&)*(int*)args[2]));
      return;
   }
}
#pragma clang diagnostic pop
==== SOURCE END ====
JIT session error: Failed to materialize symbols: { (main, { _ZNSt6vectorIN14vector_point3d7Point3DESaIS1_EE12emplace_backIJiiiEEERS1_DpOT_ }) }
TClingCallFunc::make_wrapper:Failed to compile
==== SOURCE BEGIN ====
#pragma clang diagnostic push
#pragma clang diagnostic ignored "-Wformat-security"
__attribute__((used)) __attribute__((annotate("__cling__ptrcheck(off)")))
extern "C" void __jc_571(void* obj, unsigned long nargs, void** args, void* ret)
{
   if (ret) {
      ::new (ret) (vector_point3d::Point3D*) (&((std::vector<vector_point3d::Point3D, std::allocator<vector_point3d::Point3D>>*)obj)->std::vector<vector_point3d::Point3D, std::allocator<vector_point3d::Point3D>>::emplace_back<int, int, int>((int&&)*(int*)args[0], (int&&)*(int*)args[1], (int&&)*(int*)args[2]));
      return;
   }
   else {
      (void)(((std::vector<vector_point3d::Point3D, std::allocator<vector_point3d::Point3D>>*)obj)->std::vector<vector_point3d::Point3D, std::allocator<vector_point3d::Point3D>>::emplace_back<int, int, int>((int&&)*(int*)args[0], (int&&)*(int*)args[1], (int&&)*(int*)args[2]));
      return;
   }
}
#pragma clang diagnostic pop
==== SOURCE END ====
JIT session error: Failed to materialize symbols: { (main, { _ZNSt6vectorIN14vector_point3d7Point3DESaIS1_EE12emplace_backIJiiiEEERS1_DpOT_ }) }
TClingCallFunc::make_wrapper:Failed to compile
==== SOURCE BEGIN ====
#pragma clang diagnostic push
#pragma clang diagnostic ignored "-Wformat-security"
__attribute__((used)) __attribute__((annotate("__cling__ptrcheck(off)")))
extern "C" void __jc_572(void* obj, unsigned long nargs, void** args, void* ret)
{
   if (ret) {
      ::new (ret) (vector_point3d::Point3D*) (&((std::vector<vector_point3d::Point3D, std::allocator<vector_point3d::Point3D>>*)obj)->std::vector<vector_point3d::Point3D, std::allocator<vector_point3d::Point3D>>::emplace_back<int, int, int>((int&&)*(int*)args[0], (int&&)*(int*)args[1], (int&&)*(int*)args[2]));
      return;
   }
   else {
      (void)(((std::vector<vector_point3d::Point3D, std::allocator<vector_point3d::Point3D>>*)obj)->std::vector<vector_point3d::Point3D, std::allocator<vector_point3d::Point3D>>::emplace_back<int, int, int>((int&&)*(int*)args[0], (int&&)*(int*)args[1], (int&&)*(int*)args[2]));
      return;
   }
}
#pragma clang diagnostic pop
==== SOURCE END ====
JIT session error: Failed to materialize symbols: { (main, { _ZNSt6vectorIN14vector_point3d7Point3DESaIS1_EE12emplace_backIJiiiEEERS1_DpOT_ }) }
TClingCallFunc::make_wrapper:Failed to compile
==== SOURCE BEGIN ====
#pragma clang diagnostic push
#pragma clang diagnostic ignored "-Wformat-security"
__attribute__((used)) __attribute__((annotate("__cling__ptrcheck(off)")))
extern "C" void __jc_573(void* obj, unsigned long nargs, void** args, void* ret)
{
   if (ret) {
      ::new (ret) (vector_point3d::Point3D*) (&((std::vector<vector_point3d::Point3D, std::allocator<vector_point3d::Point3D>>*)obj)->std::vector<vector_point3d::Point3D, std::allocator<vector_point3d::Point3D>>::emplace_back<int, int, int>((int&&)*(int*)args[0], (int&&)*(int*)args[1], (int&&)*(int*)args[2]));
      return;
   }
   else {
      (void)(((std::vector<vector_point3d::Point3D, std::allocator<vector_point3d::Point3D>>*)obj)->std::vector<vector_point3d::Point3D, std::allocator<vector_point3d::Point3D>>::emplace_back<int, int, int>((int&&)*(int*)args[0], (int&&)*(int*)args[1], (int&&)*(int*)args[2]));
      return;
   }
}
#pragma clang diagnostic pop
==== SOURCE END ====
JIT session error: Failed to materialize symbols: { (main, { _ZNKSt6vectorIN14vector_point3d7Point3DESaIS1_EE4sizeEv }) }
TClingCallFunc::make_wrapper:Failed to compile
==== SOURCE BEGIN ====
#pragma clang diagnostic push
#pragma clang diagnostic ignored "-Wformat-security"
__attribute__((used)) __attribute__((annotate("__cling__ptrcheck(off)")))
extern "C" void __jc_575(void* obj, unsigned long nargs, void** args, void* ret)
{
   if (ret) {
      ::new (ret) (unsigned long) (((const std::vector<vector_point3d::Point3D, std::allocator<vector_point3d::Point3D>>*)obj)->std::vector<vector_point3d::Point3D, std::allocator<vector_point3d::Point3D>>::size());
      return;
   }
   else {
      (void)(((const std::vector<vector_point3d::Point3D, std::allocator<vector_point3d::Point3D>>*)obj)->std::vector<vector_point3d::Point3D, std::allocator<vector_point3d::Point3D>>::size());
      return;
   }
}
#pragma clang diagnostic pop
==== SOURCE END ====
_____________________ TestSTLVECTOR.test20_vector_cstring ______________________

self = <test_stltypes.TestSTLVECTOR object at 0x70acc2307890>

    def test20_vector_cstring(self):
        """Usage of a vector of const char*"""
    
        import cppjit
    
>       cppjit.cppdef("""\
        namespace VectorConstCharStar {
            std::vector<const char*> test = {"hello"};
        }""")

test_stltypes.py:775: 
_ _ _ _ _ _ _ _ _ _ _ _ _ _ _ _ _ _ _ _ _ _ _ _ _ _ _ _ _ _ _ _ _ _ _ _ _ _ _ _ 

src = '        namespace VectorConstCharStar {\n            std::vector<const char*> test = {"hello"};\n        }'
verbose = True

    def cppdef(src, verbose=True):
        """Declare C++ source <src> to Cling."""
        with _stderr_capture() as err:
            errcode = gbl.Cpp.Declare(src, not verbose)
        if not errcode == 0 or err.err:
            if "warning" in err.err.lower() and "error" not in err.err.lower():
                warnings.warn(err.err, SyntaxWarning)
                return True
>           raise SyntaxError("Failed to parse the given C++ code%s" % err.err)
E           SyntaxError: Failed to parse the given C++ code

/tmp/t/lib/python3.13/site-packages/cppjit/__init__.py:229: SyntaxError
----------------------------- Captured stderr call -----------------------------
JIT session error: In graph incr_module_1693-jitted-objectbuffer, section .eh_frame: relocation target 0x70acb471d0a0 (DW.ref.__gxx_personality_v0) is out of range of Delta32 fixup at address 0x70acb471d0a0 (<anonymous block> @ 0x70ac275dc338 + 0x13)
Failed to execute via ::process:Failed to materialize symbols: { (main, { _ZNSt12_Vector_baseIPKcSaIS1_EE12_Vector_implC2ERKS2_, _ZNSt6vectorIPKcSaIS1_EE21_M_range_initialize_nIPKS1_S6_EEvT_T0_m, _ZNKSt16initializer_listIPKcE3endEv, _ZNKSt16initializer_listIPKcE5beginEv, _ZNSt6vectorIPKcSaIS1_EEC2ESt16initializer_listIS1_ERKS2_, _ZNSt12_Vector_baseIPKcSaIS1_EE13_M_deallocateEPS1_m, _ZNKSt16initializer_listIPKcE4sizeEv, _ZN19VectorConstCharStar4testE, _ZNSt6vectorIPKcSaIS1_EE17_S_check_init_lenEmRKS2_, _ZSt22__uninitialized_copy_aIPKPKcS3_PS1_S1_ET1_T_T0_S5_RSaIT2_E, _ZNSt12_Vector_baseIPKcSaIS1_EE19_M_get_Tp_allocatorEv, _ZNSt6vectorIPKcSaIS1_EE11_S_max_sizeERKS2_, _ZNSt15__new_allocatorIPKcE8allocateEmPKv, _ZSt8_DestroyIPPKcEvT_S3_, _ZNSt12_Vector_baseIPKcSaIS1_EE12_Vector_implD2Ev, $.incr_module_1693.__inits.0, _ZNSt15__new_allocatorIPKcED2Ev, _ZSt18uninitialized_copyIPKPKcPS1_ET0_T_S6_S5_, _ZNSt12_Vector_baseIPKcSaIS1_EEC2ERKS2_, _ZNSt6vectorIPKcSaIS1_EED2Ev, _ZNSt15__new_allocatorIPKcE10deallocateEPS1_m, __orc_init_func.incr_module_1693, _ZNSt12_Vector_baseIPKcSaIS1_EE17_Vector_impl_dataC2Ev, _ZNSt12_Vector_baseIPKcSaIS1_EED2Ev, _ZNSt12_Vector_baseIPKcSaIS1_EE11_M_allocateEm }) }
_________________ TestSTLVECTOR.test21_vector_of_structs_data __________________

self = <test_stltypes.TestSTLVECTOR object at 0x70acb279b650>

    @mark.xfail(condition=IS_MAC and IS_CLING, reason="Fails on OSX Cling")
    def test21_vector_of_structs_data(self):
        """Vector of structs data() should return array-like"""
    
        import cppjit
>       import cppjit.ll

test_stltypes.py:795: 
_ _ _ _ _ _ _ _ _ _ _ _ _ _ _ _ _ _ _ _ _ _ _ _ _ _ _ _ _ _ _ _ _ _ _ _ _ _ _ _ 
/tmp/t/lib/python3.13/site-packages/cppjit/ll.py:62: in <module>
    cppjit.cppdef("""namespace __cppjit_internal {
_ _ _ _ _ _ _ _ _ _ _ _ _ _ _ _ _ _ _ _ _ _ _ _ _ _ _ _ _ _ _ _ _ _ _ _ _ _ _ _ 

src = 'namespace __cppjit_internal {\n    // type casting\n      template<typename T, typename U>\n      T cppjit_cast(U val... return new T[count]; }\n\n      template<typename T>\n      void cppjit_array_delete(T* ptr) { delete[] ptr; }\n    }'
verbose = True

    def cppdef(src, verbose=True):
        """Declare C++ source <src> to Cling."""
        with _stderr_capture() as err:
            errcode = gbl.Cpp.Declare(src, not verbose)
        if not errcode == 0 or err.err:
            if "warning" in err.err.lower() and "error" not in err.err.lower():
                warnings.warn(err.err, SyntaxWarning)
                return True
>           raise SyntaxError("Failed to parse the given C++ code%s" % err.err)
E           SyntaxError: Failed to parse the given C++ code

/tmp/t/lib/python3.13/site-packages/cppjit/__init__.py:229: SyntaxError
----------------------------- Captured stderr call -----------------------------
Failed to execute via ::process:Failed to materialize symbols: { (main, { __orc_init_func.incr_module_1693 }) }
_______________________ TestSTLVECTOR.test22_polymorphic _______________________

self = <test_stltypes.TestSTLVECTOR object at 0x70acb3e4e5d0>

    def test22_polymorphic(self):
        """Vector of polymorphic types should auto-cast"""
    
        import cppjit
    
        cppjit.cppdef("""\
        namespace Polymorphic {
        class vertex {
        public:
          virtual ~vertex() {}
        };
    
        class Mvertex : public vertex {};
    
        class vCont {
        public:
          virtual ~vCont() { for (auto& v: verts) delete v; }
          std::vector<vertex*> verts { new vertex(), new Mvertex() };
          const std::vector<vertex*>& vertices() { return verts; }
        }; }""")
    
        ns = cppjit.gbl.Polymorphic
>       cont = ns.vCont()
               ^^^^^^^^^^
E       TypeError: none of the 2 overloaded methods succeeded. Full details:
E         vCont::vCont(const Polymorphic::vCont &) =>
E           TypeError: takes at least 1 arguments (0 given)
E         Polymorphic::vCont constructor failed

test_stltypes.py:848: TypeError
----------------------------- Captured stderr call -----------------------------
JIT session error: In graph incr_module_1699-jitted-objectbuffer, section .eh_frame: relocation target 0x70acb471d0a0 (DW.ref.__gxx_personality_v0) is out of range of Delta32 fixup at address 0x70acb471d0a0 (<anonymous block> @ 0x70ac275dc4b4 + 0x13)
TClingCallFunc::make_wrapper:Failed to compile
==== SOURCE BEGIN ====
#pragma clang diagnostic push
#pragma clang diagnostic ignored "-Wformat-security"
__attribute__((used)) __attribute__((annotate("__cling__ptrcheck(off)")))
extern "C" void __jc_576(void* ret, unsigned long nary, unsigned long nargs, void** args, void* is_arena)
{
   if (nary > 1) {
   (*(Polymorphic::vCont**)ret) = (is_arena) ? ::new (*(Polymorphic::vCont**)ret) Polymorphic::vCont[nary]: new Polymorphic::vCont[nary];
   }
else {
   (*(Polymorphic::vCont**)ret) = (is_arena) ? ::new (*(Polymorphic::vCont**)ret) Polymorphic::vCont(): new Polymorphic::vCont();
}
}
#pragma clang diagnostic pop
==== SOURCE END ====
_____________________ TestSTLVECTOR.test23_copy_conversion _____________________

self = <test_stltypes.TestSTLVECTOR object at 0x70acb3e4df50>

    def test23_copy_conversion(self):
        """Vector given an array of different type should copy convert"""
    
        import cppjit
    
        try:
            import numpy as np
        except ImportError:
            skip("numpy is not installed")
    
        x = np.array([5.0, 25.0, 125.0])
>       v = cppjit.gbl.std.vector("float")(x)
            ^^^^^^^^^^^^^^^^^^^^^^^^^^^^^^^^^
E       TypeError: Template method resolution failed:
E         none of the 9 overloaded methods succeeded. Full details:
E         std::vector<float> constructor failed
E         vector<float, std::allocator<float>>::vector<float, std::allocator<float>>(std::vector<float> && __rv, const std::__type_identity_t<std::vector<float, std::allocator<float>>::allocator_type> & __m) =>
E           TypeError: takes at least 2 arguments (1 given)
E         vector<float, std::allocator<float>>::vector<float, std::allocator<float>>(std::vector<float> &&) =>
E           TypeError: could not convert argument 1: [InstanceMoveConverter]
E         vector<float, std::allocator<float>>::vector<float, std::allocator<float>>(const std::vector<float> & __x, const std::__type_identity_t<std::vector<float, std::allocator<float>>::allocator_type> & __a) =>
E           TypeError: takes at least 2 arguments (1 given)
E         vector<float, std::allocator<float>>::vector<float, std::allocator<float>>(const std::vector<float>::allocator_type & __a) =>
E           TypeError: could not convert argument 1: [InstanceRefConverter]
E         vector<float, std::allocator<float>>::vector<float, std::allocator<float>>(const std::vector<float> & __x) =>
E           TypeError: could not convert argument 1: [InstanceRefConverter]
E         vector<float, std::allocator<float>>::vector<float, std::allocator<float>>() =>
E           TypeError: takes at most 0 arguments (1 given)
E         vector<float, std::allocator<float>>::vector<float, std::allocator<float>>(std::vector::size_type __n, const std::vector<float>::allocator_type & __a = allocator_type()) =>
E           TypeError: could not convert argument 1: [ULongConverter] (an integer is required)
E         vector<float, std::allocator<float>>::vector<float, std::allocator<float>>(std::vector::size_type __n, const std::vector<float>::value_type & __value, const std::vector<float>::allocator_type & __a = allocator_type()) =>
E           TypeError: takes at least 2 arguments (1 given)
E         vector<float, std::allocator<float>>::vector<float, std::allocator<float>>() =>
E           TypeError: takes at most 0 arguments (1 given)

test_stltypes.py:864: TypeError
----------------------------- Captured stderr call -----------------------------
JIT session error: In graph incr_module_1700-jitted-objectbuffer, section .eh_frame: relocation target 0x70acb471d0a0 (DW.ref.__gxx_personality_v0) is out of range of Delta32 fixup at address 0x70acb471d0a0 (<anonymous block> @ 0x70ac275dd1b0 + 0x13)
TClingCallFunc::make_wrapper:Failed to compile
==== SOURCE BEGIN ====
#pragma clang diagnostic push
#pragma clang diagnostic ignored "-Wformat-security"
__attribute__((used)) __attribute__((annotate("__cling__ptrcheck(off)")))
extern "C" void __jc_577(void* ret, unsigned long nary, unsigned long nargs, void** args, void* is_arena)
{
   if (nargs == 1) {
            (*(std::vector<float, std::allocator<float>>**)ret) = (is_arena) ? ::new (*(std::vector<float, std::allocator<float>>**)ret) std::vector<float, std::allocator<float>>(*(std::initializer_list<float>*)args[0]): new std::vector<float, std::allocator<float>>(*(std::initializer_list<float>*)args[0]);
      }
   if (nargs == 2) {
            (*(std::vector<float, std::allocator<float>>**)ret) = (is_arena) ? ::new (*(std::vector<float, std::allocator<float>>**)ret) std::vector<float, std::allocator<float>>(*(std::initializer_list<float>*)args[0], (const std::allocator<float>&)*(const std::allocator<float>*)args[1]): new std::vector<float, std::allocator<float>>(*(std::initializer_list<float>*)args[0], (const std::allocator<float>&)*(const std::allocator<float>*)args[1]);
      }
}
#pragma clang diagnostic pop
==== SOURCE END ====
______________________ TestSTLVECTOR.test24_byte_vectors _______________________

self = <test_stltypes.TestSTLVECTOR object at 0x70acb271c830>

    @mark.xfail(condition=IS_LINUX_ARM, reason="Fails on Linux ARM")
    def test24_byte_vectors(self):
        """Vectors of "byte" types should return low level views"""
    
        import cppjit
        import cppjit.types
    
        vector = cppjit.gbl.std.vector
    
        for ctype in ("unsigned char", "signed char", "int8_t", "uint8_t"):
            vc = vector[ctype](range(10))
            data = vc.data()
    
            assert type(data) == cppjit.types.LowLevelView
>           assert len(data) == 10
E           assert 0 == 10
E            +  where 0 = len(<cppjit.LowLevelView object at 0x70acb3a64730>)

test_stltypes.py:883: AssertionError
----------------------------- Captured stderr call -----------------------------
JIT session error: In graph incr_module_1732-jitted-objectbuffer, section .eh_frame: relocation target 0x70acb471d0a0 (DW.ref.__gxx_personality_v0) is out of range of Delta32 fixup at address 0x70acb471d0a0 (<anonymous block> @ 0x70ac275db200 + 0x13)
TClingCallFunc::make_wrapper:Failed to compile
==== SOURCE BEGIN ====
#pragma clang diagnostic push
#pragma clang diagnostic ignored "-Wformat-security"
__attribute__((used)) __attribute__((annotate("__cling__ptrcheck(off)")))
extern "C" void __jc_579(void* obj, unsigned long nargs, void** args, void* ret)
{
   ((std::vector<unsigned char, std::allocator<unsigned char>>*)obj)->std::vector<unsigned char, std::allocator<unsigned char>>::reserve(*(unsigned long*)args[0]);
   return;
}
#pragma clang diagnostic pop
==== SOURCE END ====
JIT session error: Failed to materialize symbols: { (main, { _ZNKSt6vectorIhSaIhEE8max_sizeEv }) }
TClingCallFunc::make_wrapper:Failed to compile
==== SOURCE BEGIN ====
#pragma clang diagnostic push
#pragma clang diagnostic ignored "-Wformat-security"
__attribute__((used)) __attribute__((annotate("__cling__ptrcheck(off)")))
extern "C" void __jc_580(void* obj, unsigned long nargs, void** args, void* ret)
{
   ((std::vector<unsigned char, std::allocator<unsigned char>>*)obj)->std::vector<unsigned char, std::allocator<unsigned char>>::push_back((unsigned char&&)*(unsigned char*)args[0]);
   return;
}
#pragma clang diagnostic pop
==== SOURCE END ====
JIT session error: Failed to materialize symbols: { (main, { _ZNSt6vectorIhSaIhEE9push_backEOh }) }
TClingCallFunc::make_wrapper:Failed to compile
==== SOURCE BEGIN ====
#pragma clang diagnostic push
#pragma clang diagnostic ignored "-Wformat-security"
__attribute__((used)) __attribute__((annotate("__cling__ptrcheck(off)")))
extern "C" void __jc_581(void* obj, unsigned long nargs, void** args, void* ret)
{
   ((std::vector<unsigned char, std::allocator<unsigned char>>*)obj)->std::vector<unsigned char, std::allocator<unsigned char>>::push_back((unsigned char&&)*(unsigned char*)args[0]);
   return;
}
#pragma clang diagnostic pop
==== SOURCE END ====
JIT session error: Failed to materialize symbols: { (main, { _ZNSt6vectorIhSaIhEE9push_backEOh }) }
TClingCallFunc::make_wrapper:Failed to compile
==== SOURCE BEGIN ====
#pragma clang diagnostic push
#pragma clang diagnostic ignored "-Wformat-security"
__attribute__((used)) __attribute__((annotate("__cling__ptrcheck(off)")))
extern "C" void __jc_582(void* obj, unsigned long nargs, void** args, void* ret)
{
   ((std::vector<unsigned char, std::allocator<unsigned char>>*)obj)->std::vector<unsigned char, std::allocator<unsigned char>>::push_back((unsigned char&&)*(unsigned char*)args[0]);
   return;
}
#pragma clang diagnostic pop
==== SOURCE END ====
JIT session error: Failed to materialize symbols: { (main, { _ZNSt6vectorIhSaIhEE9push_backEOh }) }
TClingCallFunc::make_wrapper:Failed to compile
==== SOURCE BEGIN ====
#pragma clang diagnostic push
#pragma clang diagnostic ignored "-Wformat-security"
__attribute__((used)) __attribute__((annotate("__cling__ptrcheck(off)")))
extern "C" void __jc_583(void* obj, unsigned long nargs, void** args, void* ret)
{
   ((std::vector<unsigned char, std::allocator<unsigned char>>*)obj)->std::vector<unsigned char, std::allocator<unsigned char>>::push_back((unsigned char&&)*(unsigned char*)args[0]);
   return;
}
#pragma clang diagnostic pop
==== SOURCE END ====
JIT session error: Failed to materialize symbols: { (main, { _ZNSt6vectorIhSaIhEE9push_backEOh }) }
TClingCallFunc::make_wrapper:Failed to compile
==== SOURCE BEGIN ====
#pragma clang diagnostic push
#pragma clang diagnostic ignored "-Wformat-security"
__attribute__((used)) __attribute__((annotate("__cling__ptrcheck(off)")))
extern "C" void __jc_584(void* obj, unsigned long nargs, void** args, void* ret)
{
   ((std::vector<unsigned char, std::allocator<unsigned char>>*)obj)->std::vector<unsigned char, std::allocator<unsigned char>>::push_back((unsigned char&&)*(unsigned char*)args[0]);
   return;
}
#pragma clang diagnostic pop
==== SOURCE END ====
JIT session error: Failed to materialize symbols: { (main, { _ZNSt6vectorIhSaIhEE9push_backEOh }) }
TClingCallFunc::make_wrapper:Failed to compile
==== SOURCE BEGIN ====
#pragma clang diagnostic push
#pragma clang diagnostic ignored "-Wformat-security"
__attribute__((used)) __attribute__((annotate("__cling__ptrcheck(off)")))
extern "C" void __jc_585(void* obj, unsigned long nargs, void** args, void* ret)
{
   ((std::vector<unsigned char, std::allocator<unsigned char>>*)obj)->std::vector<unsigned char, std::allocator<unsigned char>>::push_back((unsigned char&&)*(unsigned char*)args[0]);
   return;
}
#pragma clang diagnostic pop
==== SOURCE END ====
JIT session error: Failed to materialize symbols: { (main, { _ZNSt6vectorIhSaIhEE9push_backEOh }) }
TClingCallFunc::make_wrapper:Failed to compile
==== SOURCE BEGIN ====
#pragma clang diagnostic push
#pragma clang diagnostic ignored "-Wformat-security"
__attribute__((used)) __attribute__((annotate("__cling__ptrcheck(off)")))
extern "C" void __jc_586(void* obj, unsigned long nargs, void** args, void* ret)
{
   ((std::vector<unsigned char, std::allocator<unsigned char>>*)obj)->std::vector<unsigned char, std::allocator<unsigned char>>::push_back((unsigned char&&)*(unsigned char*)args[0]);
   return;
}
#pragma clang diagnostic pop
==== SOURCE END ====
JIT session error: Failed to materialize symbols: { (main, { _ZNSt6vectorIhSaIhEE9push_backEOh }) }
TClingCallFunc::make_wrapper:Failed to compile
==== SOURCE BEGIN ====
#pragma clang diagnostic push
#pragma clang diagnostic ignored "-Wformat-security"
__attribute__((used)) __attribute__((annotate("__cling__ptrcheck(off)")))
extern "C" void __jc_587(void* obj, unsigned long nargs, void** args, void* ret)
{
   ((std::vector<unsigned char, std::allocator<unsigned char>>*)obj)->std::vector<unsigned char, std::allocator<unsigned char>>::push_back((unsigned char&&)*(unsigned char*)args[0]);
   return;
}
#pragma clang diagnostic pop
==== SOURCE END ====
JIT session error: Failed to materialize symbols: { (main, { _ZNSt6vectorIhSaIhEE9push_backEOh }) }
TClingCallFunc::make_wrapper:Failed to compile
==== SOURCE BEGIN ====
#pragma clang diagnostic push
#pragma clang diagnostic ignored "-Wformat-security"
__attribute__((used)) __attribute__((annotate("__cling__ptrcheck(off)")))
extern "C" void __jc_588(void* obj, unsigned long nargs, void** args, void* ret)
{
   ((std::vector<unsigned char, std::allocator<unsigned char>>*)obj)->std::vector<unsigned char, std::allocator<unsigned char>>::push_back((unsigned char&&)*(unsigned char*)args[0]);
   return;
}
#pragma clang diagnostic pop
==== SOURCE END ====
JIT session error: Failed to materialize symbols: { (main, { _ZNSt6vectorIhSaIhEE9push_backEOh }) }
TClingCallFunc::make_wrapper:Failed to compile
==== SOURCE BEGIN ====
#pragma clang diagnostic push
#pragma clang diagnostic ignored "-Wformat-security"
__attribute__((used)) __attribute__((annotate("__cling__ptrcheck(off)")))
extern "C" void __jc_589(void* obj, unsigned long nargs, void** args, void* ret)
{
   ((std::vector<unsigned char, std::allocator<unsigned char>>*)obj)->std::vector<unsigned char, std::allocator<unsigned char>>::push_back((unsigned char&&)*(unsigned char*)args[0]);
   return;
}
#pragma clang diagnostic pop
==== SOURCE END ====
JIT session error: Failed to materialize symbols: { (main, { _ZNKSt6vectorIhSaIhEE4sizeEv }) }
TClingCallFunc::make_wrapper:Failed to compile
==== SOURCE BEGIN ====
#pragma clang diagnostic push
#pragma clang diagnostic ignored "-Wformat-security"
__attribute__((used)) __attribute__((annotate("__cling__ptrcheck(off)")))
extern "C" void __jc_591(void* obj, unsigned long nargs, void** args, void* ret)
{
   if (ret) {
      ::new (ret) (unsigned long) (((const std::vector<unsigned char, std::allocator<unsigned char>>*)obj)->std::vector<unsigned char, std::allocator<unsigned char>>::size());
      return;
   }
   else {
      (void)(((const std::vector<unsigned char, std::allocator<unsigned char>>*)obj)->std::vector<unsigned char, std::allocator<unsigned char>>::size());
      return;
   }
}
#pragma clang diagnostic pop
==== SOURCE END ====
_________________ TestSTLSTRING.test01_string_argument_passing _________________

self = <test_stltypes.TestSTLSTRING object at 0x70acb27cc2d0>

    @mark.xfail(condition=IS_MAC, reason="Fails on OSX")
    def test01_string_argument_passing(self):
        """Test mapping of python strings and std::[w]string"""
    
        import cppjit
    
        std = cppjit.gbl.std
    
        for stp, pystp in [(std.string, str), (std.wstring, pyunicode)]:
            stringy_class = cppjit.gbl.stringy_class[stp]
    
>           c, s = stringy_class(pystp("")), stp(pystp("test1"))
                   ^^^^^^^^^^^^^^^^^^^^^^^^
E           TypeError: none of the 3 overloaded methods succeeded. Full details:
E             stringy_class<std::basic_string<char, std::char_traits<char>, std::allocator<char>>>::stringy_class<std::basic_string<char, std::char_traits<char>, std::allocator<char>>>(stringy_class<std::basic_string<char>> &&) =>
E               TypeError: could not convert argument 1: [InstanceMoveConverter]
E             stringy_class<std::basic_string<char>> constructor failed
E             stringy_class<std::basic_string<char, std::char_traits<char>, std::allocator<char>>>::stringy_class<std::basic_string<char, std::char_traits<char>, std::allocator<char>>>(const stringy_class<std::basic_string<char>> &) =>
E               TypeError: could not convert argument 1: [InstanceRefConverter]

test_stltypes.py:917: TypeError
----------------------------- Captured stderr call -----------------------------
JIT session error: In graph incr_module_1756-jitted-objectbuffer, section .eh_frame: relocation target 0x70acb471d0a0 (DW.ref.__gxx_personality_v0) is out of range of Delta32 fixup at address 0x70acb471d0a0 (<anonymous block> @ 0x70ac275d7020 + 0x13)
TClingCallFunc::make_wrapper:Failed to compile
==== SOURCE BEGIN ====
#pragma clang diagnostic push
#pragma clang diagnostic ignored "-Wformat-security"
__attribute__((used)) __attribute__((annotate("__cling__ptrcheck(off)")))
extern "C" void __jc_593(void* ret, unsigned long nary, unsigned long nargs, void** args, void* is_arena)
{
      (*(stringy_class<std::basic_string<char, std::char_traits<char>, std::allocator<char>>>**)ret) = (is_arena) ? ::new (*(stringy_class<std::basic_string<char, std::char_traits<char>, std::allocator<char>>>**)ret) stringy_class<std::basic_string<char, std::char_traits<char>, std::allocator<char>>>(*(const char**)args[0]): new stringy_class<std::basic_string<char, std::char_traits<char>, std::allocator<char>>>(*(const char**)args[0]);
}
#pragma clang diagnostic pop
==== SOURCE END ====
___________________ TestSTLSTRING.test02_string_data_access ____________________

self = <test_stltypes.TestSTLSTRING object at 0x70acb27cc050>

    @mark.xfail(condition=IS_MAC, reason="Fails on OSX")
    def test02_string_data_access(self):
        """Test access to std::string object data members"""
    
        import cppjit
    
        std = cppjit.gbl.std
    
        for stp, pystp in [(std.string, str), (std.wstring, pyunicode)]:
            stringy_class = cppjit.gbl.stringy_class[stp]
    
>           c, s = stringy_class(pystp("dummy")), stp(pystp("test string"))
                   ^^^^^^^^^^^^^^^^^^^^^^^^^^^^^
E           TypeError: none of the 3 overloaded methods succeeded. Full details:
E             stringy_class<std::basic_string<char, std::char_traits<char>, std::allocator<char>>>::stringy_class<std::basic_string<char, std::char_traits<char>, std::allocator<char>>>(stringy_class<std::basic_string<char>> &&) =>
E               TypeError: could not convert argument 1: [InstanceMoveConverter]
E             stringy_class<std::basic_string<char>> constructor failed
E             stringy_class<std::basic_string<char, std::char_traits<char>, std::allocator<char>>>::stringy_class<std::basic_string<char, std::char_traits<char>, std::allocator<char>>>(const stringy_class<std::basic_string<char>> &) =>
E               TypeError: could not convert argument 1: [InstanceRefConverter]

test_stltypes.py:952: TypeError
----------------------------- Captured stderr call -----------------------------
JIT session error: Failed to materialize symbols: { (main, { _ZN13stringy_classINSt7__cxx1112basic_stringIcSt11char_traitsIcESaIcEEEEC2EPKc }) }
TClingCallFunc::make_wrapper:Failed to compile
==== SOURCE BEGIN ====
#pragma clang diagnostic push
#pragma clang diagnostic ignored "-Wformat-security"
__attribute__((used)) __attribute__((annotate("__cling__ptrcheck(off)")))
extern "C" void __jc_596(void* ret, unsigned long nary, unsigned long nargs, void** args, void* is_arena)
{
      (*(stringy_class<std::basic_string<char, std::char_traits<char>, std::allocator<char>>>**)ret) = (is_arena) ? ::new (*(stringy_class<std::basic_string<char, std::char_traits<char>, std::allocator<char>>>**)ret) stringy_class<std::basic_string<char, std::char_traits<char>, std::allocator<char>>>(*(const char**)args[0]): new stringy_class<std::basic_string<char, std::char_traits<char>, std::allocator<char>>>(*(const char**)args[0]);
}
#pragma clang diagnostic pop
==== SOURCE END ====
_______________ TestSTLSTRING.test03_string_with_null_character ________________

self = <test_stltypes.TestSTLSTRING object at 0x70acb40ffe10>

    @mark.xfail(condition=IS_MAC, reason="Fails in OSX")
    def test03_string_with_null_character(self):
        """Test that strings with NULL do not get truncated"""
    
        import cppjit
    
        std = cppjit.gbl.std
        stringy_class = cppjit.gbl.stringy_class["std::string"]
    
        t0 = "aap\0noot"
        assert t0 == "aap\0noot"
    
>       c, s = stringy_class(""), std.string(t0)
               ^^^^^^^^^^^^^^^^^
E       TypeError: none of the 3 overloaded methods succeeded. Full details:
E         stringy_class<std::basic_string<char, std::char_traits<char>, std::allocator<char>>>::stringy_class<std::basic_string<char, std::char_traits<char>, std::allocator<char>>>(stringy_class<std::basic_string<char>> &&) =>
E           TypeError: could not convert argument 1: [InstanceMoveConverter]
E         stringy_class<std::basic_string<char>> constructor failed
E         stringy_class<std::basic_string<char, std::char_traits<char>, std::allocator<char>>>::stringy_class<std::basic_string<char, std::char_traits<char>, std::allocator<char>>>(const stringy_class<std::basic_string<char>> &) =>
E           TypeError: could not convert argument 1: [InstanceRefConverter]

test_stltypes.py:976: TypeError
----------------------------- Captured stderr call -----------------------------
JIT session error: Failed to materialize symbols: { (main, { _ZN13stringy_classINSt7__cxx1112basic_stringIcSt11char_traitsIcESaIcEEEEC2EPKc }) }
TClingCallFunc::make_wrapper:Failed to compile
==== SOURCE BEGIN ====
#pragma clang diagnostic push
#pragma clang diagnostic ignored "-Wformat-security"
__attribute__((used)) __attribute__((annotate("__cling__ptrcheck(off)")))
extern "C" void __jc_597(void* ret, unsigned long nary, unsigned long nargs, void** args, void* is_arena)
{
      (*(stringy_class<std::basic_string<char, std::char_traits<char>, std::allocator<char>>>**)ret) = (is_arena) ? ::new (*(stringy_class<std::basic_string<char, std::char_traits<char>, std::allocator<char>>>**)ret) stringy_class<std::basic_string<char, std::char_traits<char>, std::allocator<char>>>(*(const char**)args[0]): new stringy_class<std::basic_string<char, std::char_traits<char>, std::allocator<char>>>(*(const char**)args[0]);
}
#pragma clang diagnostic pop
==== SOURCE END ====
__________________ TestSTLSTRING.test05_stlstring_and_unicode __________________

self = <test_stltypes.TestSTLSTRING object at 0x70acb27115b0>

    @mark.xfail(condition=IS_MAC, reason="Fails on OS X")
    def test05_stlstring_and_unicode(self):
        """Mixing unicode and std::string"""
    
        import cppjit
    
        uas = cppjit.gbl.UnicodeAndSTL
    
        actlen = len("ℕ".encode(encoding="UTF-8"))
>       assert uas.get_size("ℕ") == actlen
               ^^^^^^^^^^^^^^^^^
E       cppjit.gbl.std.runtime_error: unsigned long UnicodeAndSTL::get_size(std::string s) =>
E           runtime_error: failed to resolve function

test_stltypes.py:1038: runtime_error
----------------------------- Captured stderr call -----------------------------
JIT session error: In graph incr_module_1767-jitted-objectbuffer, section .eh_frame: relocation target 0x70acb471d0a0 (DW.ref.__gxx_personality_v0) is out of range of Delta32 fixup at address 0x70acb471d0a0 (<anonymous block> @ 0x70ac275d7020 + 0x13)
TClingCallFunc::make_wrapper:Failed to compile
==== SOURCE BEGIN ====
#pragma clang diagnostic push
#pragma clang diagnostic ignored "-Wformat-security"
__attribute__((used)) __attribute__((annotate("__cling__ptrcheck(off)")))
extern "C" void __jc_598(void* obj, unsigned long nargs, void** args, void* ret)
{
   if (ret) {
      ::new (ret) (unsigned long) (((unsigned long (&)(std::basic_string<char>))UnicodeAndSTL::get_size)(*(std::basic_string<char>*)args[0]));
      return;
   }
   else {
      (void)(((unsigned long (&)(std::basic_string<char>))UnicodeAndSTL::get_size)(*(std::basic_string<char>*)args[0]));
      return;
   }
}
#pragma clang diagnostic pop
==== SOURCE END ====
________________ TestSTLSTRING.test06_stlstring_bytes_and_text _________________

self = <test_stltypes.TestSTLSTRING object at 0x70acc225b460>

    @mark.xfail(condition=IS_CLING, run=False, reason="Fails on Cling")
    def test06_stlstring_bytes_and_text(self):
        """Mixing of bytes and str"""
    
        import cppjit
    
>       cppjit.cppdef("""\
        namespace PyBytesTest {
        std::string string_field = "";
        }""")

test_stltypes.py:1072: 
_ _ _ _ _ _ _ _ _ _ _ _ _ _ _ _ _ _ _ _ _ _ _ _ _ _ _ _ _ _ _ _ _ _ _ _ _ _ _ _ 

src = '        namespace PyBytesTest {\n        std::string string_field = "";\n        }'
verbose = True

    def cppdef(src, verbose=True):
        """Declare C++ source <src> to Cling."""
        with _stderr_capture() as err:
            errcode = gbl.Cpp.Declare(src, not verbose)
        if not errcode == 0 or err.err:
            if "warning" in err.err.lower() and "error" not in err.err.lower():
                warnings.warn(err.err, SyntaxWarning)
                return True
>           raise SyntaxError("Failed to parse the given C++ code%s" % err.err)
E           SyntaxError: Failed to parse the given C++ code

/tmp/t/lib/python3.13/site-packages/cppjit/__init__.py:229: SyntaxError
----------------------------- Captured stderr call -----------------------------
JIT session error: In graph incr_module_1768-jitted-objectbuffer, section .text.startup: relocation target 0x70acb471e43c (_ZNSt7__cxx1112basic_stringIcSt11char_traitsIcESaIcEED2Ev:0x70acb471e440 + 0xfffffffffffffffc) is out of range of Delta32 fixup at address 0x70acb471e440 (<anonymous block> @ 0x70ac275d8010 + 0x3a)
Failed to execute via ::process:Failed to materialize symbols: { (main, { __orc_init_func.incr_module_1768, _ZN11PyBytesTest12string_fieldB5cxx11E, $.incr_module_1768.__inits.0 }) }
____________________ TestSTLSTRING.test08_string_operators _____________________

self = <test_stltypes.TestSTLSTRING object at 0x70acb3a78650>

    @mark.xfail(condition=IS_MAC, reason="Fails on OSX")
    def test08_string_operators(self):
        """Mixing of C++ and Python types in global operators"""
    
        import cppjit
    
        # note order in these checks: the first is str then unicode, the other is
        # the reverse; this exercises both paths (once resolved, the operator+ can
        # handle both str and unicde
        s1 = cppjit.gbl.std.string("Hello")
        s2 = ", World!"
    
>       assert s1 + s2 == "Hello, World!"
E       AssertionError: assert (b'Hello' + ', World!') == 'Hello, World!'

test_stltypes.py:1108: AssertionError
----------------------------- Captured stderr call -----------------------------
Failed to execute via ::process:Failed to materialize symbols: { (main, { __orc_init_func.incr_module_1768 }) }
JIT session error: In graph incr_module_1774-jitted-objectbuffer, section .eh_frame: relocation target 0x70acb471d0a0 (DW.ref.__gxx_personality_v0) is out of range of Delta32 fixup at address 0x70acb471d0a0 (<anonymous block> @ 0x70ac275d719c + 0x13)
TClingCallFunc::make_wrapper:Failed to compile
==== SOURCE BEGIN ====
#pragma clang diagnostic push
#pragma clang diagnostic ignored "-Wformat-security"
__attribute__((used)) __attribute__((annotate("__cling__ptrcheck(off)")))
extern "C" void __jc_599(void* obj, unsigned long nargs, void** args, void* ret)
{
   if (ret) {
      ::new (ret) (std::basic_string<char>) (((const std::basic_string<char>&)*(const std::basic_string<char>*)args[0] + (const std::basic_string<char>&)*(const std::basic_string<char>*)args[1]));
      return;
   }
   else {
      (void)(((const std::basic_string<char>&)*(const std::basic_string<char>*)args[0] + (const std::basic_string<char>&)*(const std::basic_string<char>*)args[1]));
      return;
   }
}
#pragma clang diagnostic pop
==== SOURCE END ====
JIT session error: In graph incr_module_1775-jitted-objectbuffer, section .eh_frame: relocation target 0x70acb471d0a0 (DW.ref.__gxx_personality_v0) is out of range of Delta32 fixup at address 0x70acb471d0a0 (<anonymous block> @ 0x70ac275d7048 + 0x13)
TClingCallFunc::make_wrapper:Failed to compile
==== SOURCE BEGIN ====
#pragma clang diagnostic push
#pragma clang diagnostic ignored "-Wformat-security"
__attribute__((used)) __attribute__((annotate("__cling__ptrcheck(off)")))
extern "C" void __jc_600(void* obj, unsigned long nargs, void** args, void* ret)
{
   if (ret) {
      ::new (ret) (std::basic_string<char>::iterator) (((std::basic_string<char, std::char_traits<char>, std::allocator<char>>*)obj)->std::basic_string<char, std::char_traits<char>, std::allocator<char>>::begin());
      return;
   }
   else {
      (void)(((std::basic_string<char, std::char_traits<char>, std::allocator<char>>*)obj)->std::basic_string<char, std::char_traits<char>, std::allocator<char>>::begin());
      return;
   }
}
#pragma clang diagnostic pop
==== SOURCE END ====
JIT session error: In graph incr_module_1776-jitted-objectbuffer, section .eh_frame: relocation target 0x70acb471d0a0 (DW.ref.__gxx_personality_v0) is out of range of Delta32 fixup at address 0x70acb471d0a0 (<anonymous block> @ 0x70ac275d7048 + 0x13)
TClingCallFunc::make_wrapper:Failed to compile
==== SOURCE BEGIN ====
#pragma clang diagnostic push
#pragma clang diagnostic ignored "-Wformat-security"
__attribute__((used)) __attribute__((annotate("__cling__ptrcheck(off)")))
extern "C" void __jc_601(void* obj, unsigned long nargs, void** args, void* ret)
{
   if (ret) {
      ::new (ret) (std::basic_string<char>::const_iterator) (((const std::basic_string<char, std::char_traits<char>, std::allocator<char>>*)obj)->std::basic_string<char, std::char_traits<char>, std::allocator<char>>::begin());
      return;
   }
   else {
      (void)(((const std::basic_string<char, std::char_traits<char>, std::allocator<char>>*)obj)->std::basic_string<char, std::char_traits<char>, std::allocator<char>>::begin());
      return;
   }
}
#pragma clang diagnostic pop
==== SOURCE END ====
______________ TestSTLSTRING.test10_string_in_repr_and_str_bytes _______________

self = <test_stltypes.TestSTLSTRING object at 0x70acb2620410>

    @mark.xfail(condition=IS_MAC, run=False, reason="Crashes on OS X")
    def test10_string_in_repr_and_str_bytes(self):
        """Special cases for __str__/__repr__"""
    
        import cppjit
    
        cppjit.cppdef(r"""\
        namespace ReprAndStr {
    
        struct Test1 {
            const char* __repr__() const { return "Test1"; }
            const char* __str__()  const { return "Test1"; }
        };
    
        struct Test2 {
            std::string __repr__() const { return "Test2"; }
            std::string __str__()  const { return "Test2"; }
        };
    
        struct Test3 {
            std::wstring __repr__() const { return L"Test3"; }
            std::wstring __str__()  const { return L"Test3"; }
        };
        }""")
    
        ns = cppjit.gbl.ReprAndStr
    
        assert str(ns.Test1()) == "Test1"
        assert repr(ns.Test1()) == "Test1"
    
>       assert str(ns.Test2()) == "Test2"
E       AssertionError: assert '' == 'Test2'
E         
E         - Test2

test_stltypes.py:1217: AssertionError
----------------------------- Captured stderr call -----------------------------
JIT session error: In graph incr_module_1831-jitted-objectbuffer, section .eh_frame: relocation target 0x70acb471d0a0 (DW.ref.__gxx_personality_v0) is out of range of Delta32 fixup at address 0x70acb471d0a0 (<anonymous block> @ 0x70ac275cd098 + 0x13)
TClingCallFunc::make_wrapper:Failed to compile
==== SOURCE BEGIN ====
#pragma clang diagnostic push
#pragma clang diagnostic ignored "-Wformat-security"
__attribute__((used)) __attribute__((annotate("__cling__ptrcheck(off)")))
extern "C" void __jc_631(void* obj, unsigned long nargs, void** args, void* ret)
{
   if (ret) {
      ::new (ret) (std::string) (((const ReprAndStr::Test2*)obj)->ReprAndStr::Test2::__str__());
      return;
   }
   else {
      (void)(((const ReprAndStr::Test2*)obj)->ReprAndStr::Test2::__str__());
      return;
   }
}
#pragma clang diagnostic pop
==== SOURCE END ====
JIT session error: In graph incr_module_1832-jitted-objectbuffer, section .eh_frame: relocation target 0x70acb471d0a0 (DW.ref.__gxx_personality_v0) is out of range of Delta32 fixup at address 0x70acb471d0a0 (<anonymous block> @ 0x70ac275cd098 + 0x13)
TClingCallFunc::make_wrapper:Failed to compile
==== SOURCE BEGIN ====
#pragma clang diagnostic push
#pragma clang diagnostic ignored "-Wformat-security"
__attribute__((used)) __attribute__((annotate("__cling__ptrcheck(off)")))
extern "C" void __jc_632(void* obj, unsigned long nargs, void** args, void* ret)
{
   if (ret) {
      ::new (ret) (std::string) (((const ReprAndStr::Test2*)obj)->ReprAndStr::Test2::__repr__());
      return;
   }
   else {
      (void)(((const ReprAndStr::Test2*)obj)->ReprAndStr::Test2::__repr__());
      return;
   }
}
#pragma clang diagnostic pop
==== SOURCE END ====
_____________________ TestSTLLIST.test01_builtin_list_type _____________________

self = <test_stltypes.TestSTLLIST object at 0x70acb27cce10>

    def test01_builtin_list_type(self):
        """Test access to a list<int>"""
    
        import cppjit
        from cppjit.gbl import std
    
        type_info = (
            ("int", int),
            ("float", "float"),
            ("double", "double"),
        )
    
        for c_type, p_type in type_info:
            tl1 = getattr(std, "list<%s>" % c_type)
            tl2 = cppjit.gbl.std.list(p_type)
            assert tl1 is tl2
            assert tl1.iterator is cppjit.gbl.std.list(p_type).iterator
    
            # -----
            a = tl1()
>           assert not a
E           assert not <cppjit.gbl.std.__cxx11.list<int, std::allocator<int>> object at 0x5f791f107bd0>

test_stltypes.py:1252: AssertionError
----------------------------- Captured stderr call -----------------------------
JIT session error: In graph incr_module_1862-jitted-objectbuffer, section .eh_frame: relocation target 0x70acb471d0a0 (DW.ref.__gxx_personality_v0) is out of range of Delta32 fixup at address 0x70acb471d0a0 (<anonymous block> @ 0x70ac275cb068 + 0x13)
TClingCallFunc::make_wrapper:Failed to compile
==== SOURCE BEGIN ====
#pragma clang diagnostic push
#pragma clang diagnostic ignored "-Wformat-security"
__attribute__((used)) __attribute__((annotate("__cling__ptrcheck(off)")))
extern "C" void __jc_634(void* obj, unsigned long nargs, void** args, void* ret)
{
   if (ret) {
      ::new (ret) (unsigned long) (((const std::list<int, std::allocator<int>>*)obj)->std::list<int, std::allocator<int>>::size());
      return;
   }
   else {
      (void)(((const std::list<int, std::allocator<int>>*)obj)->std::list<int, std::allocator<int>>::size());
      return;
   }
}
#pragma clang diagnostic pop
==== SOURCE END ====
______________________ TestSTLLIST.test02_empty_list_type ______________________

self = <test_stltypes.TestSTLLIST object at 0x70acb27cc910>

    def test02_empty_list_type(self):
        """Test behavior of empty list<int>"""
    
        from cppjit.gbl import std
    
        a = std.list(int)()
>       assert not a
E       assert not <cppjit.gbl.std.__cxx11.list<int, std::allocator<int>> object at 0x5f791ef5e010>

test_stltypes.py:1275: AssertionError
----------------------------- Captured stderr call -----------------------------
JIT session error: Failed to materialize symbols: { (main, { _ZNKSt7__cxx114listIiSaIiEE4sizeEv }) }
TClingCallFunc::make_wrapper:Failed to compile
==== SOURCE BEGIN ====
#pragma clang diagnostic push
#pragma clang diagnostic ignored "-Wformat-security"
__attribute__((used)) __attribute__((annotate("__cling__ptrcheck(off)")))
extern "C" void __jc_635(void* obj, unsigned long nargs, void** args, void* ret)
{
   if (ret) {
      ::new (ret) (unsigned long) (((const std::list<int, std::allocator<int>>*)obj)->std::list<int, std::allocator<int>>::size());
      return;
   }
   else {
      (void)(((const std::list<int, std::allocator<int>>*)obj)->std::list<int, std::allocator<int>>::size());
      return;
   }
}
#pragma clang diagnostic pop
==== SOURCE END ====
_____________________ TestSTLLIST.test03_replacement_of_eq _____________________

self = <test_stltypes.TestSTLLIST object at 0x70acb40fec40>

    def test03_replacement_of_eq(self):
        """A global templated function should work as a method"""
    
        import cppjit
    
        cppjit.cppdef("""template<class C>
            bool cont_eq(const typename C::iterator& a, const typename C::iterator& b) {
                return a != b;
            }""")
    
        a = cppjit.gbl.std.list[int]()
        icls = a.begin().__class__
        oldeq = icls.__eq__
        icls.__eq__ = cppjit.gbl.cont_eq[cppjit.gbl.std.list[int]]
>       assert not (a.begin() == a.end())
                                 ^^^^^^^
E       ValueError: none of the 2 overloaded methods succeeded. Full details:
E         std::_List_iterator<int> std::list<int>::end() =>
E           ValueError: nullptr result where temporary expected
E         std::_List_const_iterator<int> std::list<int>::end() =>
E           ValueError: nullptr result where temporary expected

test_stltypes.py:1293: ValueError
----------------------------- Captured stderr call -----------------------------
JIT session error: In graph incr_module_1867-jitted-objectbuffer, section .eh_frame: relocation target 0x70acb471d0a0 (DW.ref.__gxx_personality_v0) is out of range of Delta32 fixup at address 0x70acb471d0a0 (<anonymous block> @ 0x70ac275c7048 + 0x13)
TClingCallFunc::make_wrapper:Failed to compile
==== SOURCE BEGIN ====
#pragma clang diagnostic push
#pragma clang diagnostic ignored "-Wformat-security"
__attribute__((used)) __attribute__((annotate("__cling__ptrcheck(off)")))
extern "C" void __jc_638(void* obj, unsigned long nargs, void** args, void* ret)
{
   if (ret) {
      ::new (ret) (std::list<int>::iterator) (((std::list<int, std::allocator<int>>*)obj)->std::list<int, std::allocator<int>>::end());
      return;
   }
   else {
      (void)(((std::list<int, std::allocator<int>>*)obj)->std::list<int, std::allocator<int>>::end());
      return;
   }
}
#pragma clang diagnostic pop
==== SOURCE END ====
JIT session error: In graph incr_module_1868-jitted-objectbuffer, section .eh_frame: relocation target 0x70acb471d0a0 (DW.ref.__gxx_personality_v0) is out of range of Delta32 fixup at address 0x70acb471d0a0 (<anonymous block> @ 0x70ac275c7088 + 0x13)
TClingCallFunc::make_wrapper:Failed to compile
==== SOURCE BEGIN ====
#pragma clang diagnostic push
#pragma clang diagnostic ignored "-Wformat-security"
__attribute__((used)) __attribute__((annotate("__cling__ptrcheck(off)")))
extern "C" void __jc_639(void* obj, unsigned long nargs, void** args, void* ret)
{
   if (ret) {
      ::new (ret) (std::list<int>::const_iterator) (((const std::list<int, std::allocator<int>>*)obj)->std::list<int, std::allocator<int>>::end());
      return;
   }
   else {
      (void)(((const std::list<int, std::allocator<int>>*)obj)->std::list<int, std::allocator<int>>::end());
      return;
   }
}
#pragma clang diagnostic pop
==== SOURCE END ====
_______________________ TestSTLLIST.test04_iter_of_iter ________________________

self = <test_stltypes.TestSTLLIST object at 0x70acb40fe780>

    def test04_iter_of_iter(self):
        """Iteration using iter()"""
    
        import cppjit
    
>       l = cppjit.gbl.std.list["int"]((1, 2, 3))
            ^^^^^^^^^^^^^^^^^^^^^^^^^^^^^^^^^^^^^
E       TypeError: Template method resolution failed:
E         none of the 9 overloaded methods succeeded. Full details:
E         std::list<int> constructor failed
E         list<int, std::allocator<int>>::list<int, std::allocator<int>>(std::list<int> && __x, const std::__type_identity_t<std::list<int, std::allocator<int>>::allocator_type> & __a) =>
E           TypeError: takes at least 2 arguments (1 given)
E         list<int, std::allocator<int>>::list<int, std::allocator<int>>(std::list<int> &&) =>
E           TypeError: could not convert argument 1: [InstanceMoveConverter]
E         list<int, std::allocator<int>>::list<int, std::allocator<int>>(const std::list<int> & __x, const std::__type_identity_t<std::list<int, std::allocator<int>>::allocator_type> & __a) =>
E           TypeError: takes at least 2 arguments (1 given)
E         list<int, std::allocator<int>>::list<int, std::allocator<int>>(const std::list<int>::allocator_type & __a) =>
E           TypeError: could not convert argument 1: [InstanceRefConverter]
E         list<int, std::allocator<int>>::list<int, std::allocator<int>>(const std::list<int> & __x) =>
E           TypeError: could not convert argument 1: [InstanceRefConverter]
E         list<int, std::allocator<int>>::list<int, std::allocator<int>>() =>
E           TypeError: takes at most 0 arguments (1 given)
E         list<int, std::allocator<int>>::list<int, std::allocator<int>>(std::list::size_type __n, const std::list<int>::allocator_type & __a = allocator_type()) =>
E           TypeError: could not convert argument 1: [ULongConverter] (an integer is required)
E         list<int, std::allocator<int>>::list<int, std::allocator<int>>(std::list::size_type __n, const std::list<int>::value_type & __value, const std::list<int>::allocator_type & __a = allocator_type()) =>
E           TypeError: takes at least 2 arguments (1 given)
E         Failed to instantiate "list(std::initializer_list<int>)"

test_stltypes.py:1308: TypeError
----------------------------- Captured stderr call -----------------------------
JIT session error: Failed to materialize symbols: { (main, { _ZNSt7__cxx114listIiSaIiEE3endEv }) }
TClingCallFunc::make_wrapper:Failed to compile
==== SOURCE BEGIN ====
#pragma clang diagnostic push
#pragma clang diagnostic ignored "-Wformat-security"
__attribute__((used)) __attribute__((annotate("__cling__ptrcheck(off)")))
extern "C" void __jc_640(void* ret, unsigned long nary, unsigned long nargs, void** args, void* is_arena)
{
   if (nargs == 1) {
            (*(std::list<int, std::allocator<int>>**)ret) = (is_arena) ? ::new (*(std::list<int, std::allocator<int>>**)ret) std::list<int, std::allocator<int>>(*(std::initializer_list<int>*)args[0]): new std::list<int, std::allocator<int>>(*(std::initializer_list<int>*)args[0]);
      }
   if (nargs == 2) {
            (*(std::list<int, std::allocator<int>>**)ret) = (is_arena) ? ::new (*(std::list<int, std::allocator<int>>**)ret) std::list<int, std::allocator<int>>(*(std::initializer_list<int>*)args[0], (const std::allocator<int>&)*(const std::allocator<int>*)args[1]): new std::list<int, std::allocator<int>>(*(std::initializer_list<int>*)args[0], (const std::allocator<int>&)*(const std::allocator<int>*)args[1]);
      }
}
#pragma clang diagnostic pop
==== SOURCE END ====
_____________________ TestSTLLIST.test05_list_cpp17_style ______________________

self = <test_stltypes.TestSTLLIST object at 0x70acc22accb0>

    @mark.xfail(condition=IS_MAC and IS_CLING, run=False, reason="Crashes on OSX-Cling")
    def test05_list_cpp17_style(self):
        """C++17 style initialization of std::list"""
    
        import cppjit
    
        l = [1.0, 2.0, 3.0]
>       v = cppjit.gbl.std.list(l)
            ^^^^^^^^^^^^^^^^^^^^^^

test_stltypes.py:1323: 
_ _ _ _ _ _ _ _ _ _ _ _ _ _ _ _ _ _ _ _ _ _ _ _ _ _ _ _ _ _ _ _ _ _ _ _ _ _ _ _ 

self = <cppjit.Template 'std::list' object at 0x70acc2542780>
args = ([1.0, 2.0, 3.0],)

    def __call__(self, *args):
        # for C++17, we're required to derive the type when using initializer syntax
        # (i.e. a tuple or list); not sure how to do that in general, but below the
        # most common cases are covered
        if args:
            args0 = args[0]
            if args0 and isinstance(args0, (tuple, list)):
                t = type(args0[0])
                if t is float:
                    t = "double"
    
                if self.__name__ in self.stl_sequence_types:
>                   return self[t](*args)
                           ^^^^^^^^^^^^^^
E                   TypeError: Template method resolution failed:
E                     none of the 9 overloaded methods succeeded. Full details:
E                     std::list<double> constructor failed
E                     list<double, std::allocator<double>>::list<double, std::allocator<double>>(std::list<double> && __x, const std::__type_identity_t<std::list<double, std::allocator<double>>::allocator_type> & __a) =>
E                       TypeError: takes at least 2 arguments (1 given)
E                     list<double, std::allocator<double>>::list<double, std::allocator<double>>(std::list<double> &&) =>
E                       TypeError: could not convert argument 1: [InstanceMoveConverter]
E                     list<double, std::allocator<double>>::list<double, std::allocator<double>>(const std::list<double> & __x, const std::__type_identity_t<std::list<double, std::allocator<double>>::allocator_type> & __a) =>
E                       TypeError: takes at least 2 arguments (1 given)
E                     list<double, std::allocator<double>>::list<double, std::allocator<double>>(const std::list<double>::allocator_type & __a) =>
E                       TypeError: could not convert argument 1: [InstanceRefConverter]
E                     list<double, std::allocator<double>>::list<double, std::allocator<double>>(const std::list<double> & __x) =>
E                       TypeError: could not convert argument 1: [InstanceRefConverter]
E                     list<double, std::allocator<double>>::list<double, std::allocator<double>>() =>
E                       TypeError: takes at most 0 arguments (1 given)
E                     list<double, std::allocator<double>>::list<double, std::allocator<double>>(std::list::size_type __n, const std::list<double>::allocator_type & __a = allocator_type()) =>
E                       TypeError: could not convert argument 1: [ULongConverter] (an integer is required)
E                     list<double, std::allocator<double>>::list<double, std::allocator<double>>(std::list::size_type __n, const std::list<double>::value_type & __value, const std::list<double>::allocator_type & __a = allocator_type()) =>
E                       TypeError: takes at least 2 arguments (1 given)
E                     Failed to instantiate "list(std::initializer_list<double>)"

/tmp/t/lib/python3.13/site-packages/cppjit/_cpython_cppjit.py:111: TypeError
----------------------------- Captured stderr call -----------------------------
JIT session error: Failed to materialize symbols: { (main, { _ZNKSt8__detail15_List_node_base7_M_baseEv }) }
TClingCallFunc::make_wrapper:Failed to compile
==== SOURCE BEGIN ====
#pragma clang diagnostic push
#pragma clang diagnostic ignored "-Wformat-security"
__attribute__((used)) __attribute__((annotate("__cling__ptrcheck(off)")))
extern "C" void __jc_641(void* ret, unsigned long nary, unsigned long nargs, void** args, void* is_arena)
{
   if (nargs == 1) {
            (*(std::list<double, std::allocator<double>>**)ret) = (is_arena) ? ::new (*(std::list<double, std::allocator<double>>**)ret) std::list<double, std::allocator<double>>(*(std::initializer_list<double>*)args[0]): new std::list<double, std::allocator<double>>(*(std::initializer_list<double>*)args[0]);
      }
   if (nargs == 2) {
            (*(std::list<double, std::allocator<double>>**)ret) = (is_arena) ? ::new (*(std::list<double, std::allocator<double>>**)ret) std::list<double, std::allocator<double>>(*(std::initializer_list<double>*)args[0], (const std::allocator<double>&)*(const std::allocator<double>*)args[1]): new std::list<double, std::allocator<double>>(*(std::initializer_list<double>*)args[0], (const std::allocator<double>&)*(const std::allocator<double>*)args[1]);
      }
}
#pragma clang diagnostic pop
==== SOURCE END ====
__________________ TestSTLLIST.test06_convert_list_of_strings __________________
ValueError: none of the 2 overloaded methods succeeded. Full details:
  std::_List_iterator<std::basic_string<char>> std::list<std::basic_string<char>>::end() =>
    ValueError: nullptr result where temporary expected
  std::_List_const_iterator<std::basic_string<char>> std::list<std::basic_string<char>>::end() =>
    ValueError: nullptr result where temporary expected

The above exception was the direct cause of the following exception:

self = <test_stltypes.TestSTLLIST object at 0x70acc225b020>

    @mark.xfail(condition=IS_MAC, reason="Fails with OSX")
    def test06_convert_list_of_strings(self):
        """Convert list of strings from C++ to Python types"""
    
        import cppjit
    
        contents = ["aap", "noot", "mies"]
    
        l = cppjit.gbl.std.list[str]()
        l += contents
    
        # the following used to fail on Windows (TODO: currently worked around in
        # cppjit-backend/clingwrapper; need to see whether Clang9 solves the issue)
>       assert [str(x) for x in l] == contents
                                ^
E       SystemError: <bound method __iter__ of <cppjit.gbl.std.__cxx11.list<std::basic_string<char, std::char_traits<char>, std::allocator<char>>, std::allocator<std::basic_string<char, std::char_traits<char>, std::allocator<char>>>> object at 0x5f791f3f8a00>> returned a result with an exception set

test_stltypes.py:1339: SystemError
----------------------------- Captured stderr call -----------------------------
JIT session error: In graph incr_module_1941-jitted-objectbuffer, section .eh_frame: relocation target 0x70acb471d0a0 (DW.ref.__gxx_personality_v0) is out of range of Delta32 fixup at address 0x70acb471d0a0 (<anonymous block> @ 0x70ac275c3300 + 0x13)
TClingCallFunc::make_wrapper:Failed to compile
==== SOURCE BEGIN ====
#pragma clang diagnostic push
#pragma clang diagnostic ignored "-Wformat-security"
__attribute__((used)) __attribute__((annotate("__cling__ptrcheck(off)")))
extern "C" void __jc_647(void* obj, unsigned long nargs, void** args, void* ret)
{
   ((std::list<std::basic_string<char, std::char_traits<char>, std::allocator<char>>, std::allocator<std::basic_string<char, std::char_traits<char>, std::allocator<char>>>>*)obj)->std::list<std::basic_string<char, std::char_traits<char>, std::allocator<char>>, std::allocator<std::basic_string<char, std::char_traits<char>, std::allocator<char>>>>::push_back((std::basic_string<char>&&)*(std::basic_string<char>*)args[0]);
   return;
}
#pragma clang diagnostic pop
==== SOURCE END ====
JIT session error: Failed to materialize symbols: { (main, { _ZNSt7__cxx114listINS_12basic_stringIcSt11char_traitsIcESaIcEEESaIS5_EE9push_backEOS5_ }) }
TClingCallFunc::make_wrapper:Failed to compile
==== SOURCE BEGIN ====
#pragma clang diagnostic push
#pragma clang diagnostic ignored "-Wformat-security"
__attribute__((used)) __attribute__((annotate("__cling__ptrcheck(off)")))
extern "C" void __jc_648(void* obj, unsigned long nargs, void** args, void* ret)
{
   ((std::list<std::basic_string<char, std::char_traits<char>, std::allocator<char>>, std::allocator<std::basic_string<char, std::char_traits<char>, std::allocator<char>>>>*)obj)->std::list<std::basic_string<char, std::char_traits<char>, std::allocator<char>>, std::allocator<std::basic_string<char, std::char_traits<char>, std::allocator<char>>>>::push_back((std::basic_string<char>&&)*(std::basic_string<char>*)args[0]);
   return;
}
#pragma clang diagnostic pop
==== SOURCE END ====
JIT session error: Failed to materialize symbols: { (main, { _ZNSt7__cxx114listINS_12basic_stringIcSt11char_traitsIcESaIcEEESaIS5_EE9push_backEOS5_ }) }
TClingCallFunc::make_wrapper:Failed to compile
==== SOURCE BEGIN ====
#pragma clang diagnostic push
#pragma clang diagnostic ignored "-Wformat-security"
__attribute__((used)) __attribute__((annotate("__cling__ptrcheck(off)")))
extern "C" void __jc_649(void* obj, unsigned long nargs, void** args, void* ret)
{
   ((std::list<std::basic_string<char, std::char_traits<char>, std::allocator<char>>, std::allocator<std::basic_string<char, std::char_traits<char>, std::allocator<char>>>>*)obj)->std::list<std::basic_string<char, std::char_traits<char>, std::allocator<char>>, std::allocator<std::basic_string<char, std::char_traits<char>, std::allocator<char>>>>::push_back((std::basic_string<char>&&)*(std::basic_string<char>*)args[0]);
   return;
}
#pragma clang diagnostic pop
==== SOURCE END ====
JIT session error: Failed to materialize symbols: { (main, { _ZNSt14_List_iteratorINSt7__cxx1112basic_stringIcSt11char_traitsIcESaIcEEEEC2EPNSt8__detail15_List_node_baseE }) }
TClingCallFunc::make_wrapper:Failed to compile
==== SOURCE BEGIN ====
#pragma clang diagnostic push
#pragma clang diagnostic ignored "-Wformat-security"
__attribute__((used)) __attribute__((annotate("__cling__ptrcheck(off)")))
extern "C" void __jc_650(void* obj, unsigned long nargs, void** args, void* ret)
{
   if (ret) {
      ::new (ret) (std::list<std::basic_string<char>>::iterator) (((std::list<std::basic_string<char, std::char_traits<char>, std::allocator<char>>, std::allocator<std::basic_string<char, std::char_traits<char>, std::allocator<char>>>>*)obj)->std::list<std::basic_string<char, std::char_traits<char>, std::allocator<char>>, std::allocator<std::basic_string<char, std::char_traits<char>, std::allocator<char>>>>::begin());
      return;
   }
   else {
      (void)(((std::list<std::basic_string<char, std::char_traits<char>, std::allocator<char>>, std::allocator<std::basic_string<char, std::char_traits<char>, std::allocator<char>>>>*)obj)->std::list<std::basic_string<char, std::char_traits<char>, std::allocator<char>>, std::allocator<std::basic_string<char, std::char_traits<char>, std::allocator<char>>>>::begin());
      return;
   }
}
#pragma clang diagnostic pop
==== SOURCE END ====
JIT session error: Failed to materialize symbols: { (main, { _ZNSt7__cxx114listINS_12basic_stringIcSt11char_traitsIcESaIcEEESaIS5_EE3endEv }) }
TClingCallFunc::make_wrapper:Failed to compile
==== SOURCE BEGIN ====
#pragma clang diagnostic push
#pragma clang diagnostic ignored "-Wformat-security"
__attribute__((used)) __attribute__((annotate("__cling__ptrcheck(off)")))
extern "C" void __jc_652(void* obj, unsigned long nargs, void** args, void* ret)
{
   if (ret) {
      ::new (ret) (std::list<std::basic_string<char>>::iterator) (((std::list<std::basic_string<char, std::char_traits<char>, std::allocator<char>>, std::allocator<std::basic_string<char, std::char_traits<char>, std::allocator<char>>>>*)obj)->std::list<std::basic_string<char, std::char_traits<char>, std::allocator<char>>, std::allocator<std::basic_string<char, std::char_traits<char>, std::allocator<char>>>>::end());
      return;
   }
   else {
      (void)(((std::list<std::basic_string<char, std::char_traits<char>, std::allocator<char>>, std::allocator<std::basic_string<char, std::char_traits<char>, std::allocator<char>>>>*)obj)->std::list<std::basic_string<char, std::char_traits<char>, std::allocator<char>>, std::allocator<std::basic_string<char, std::char_traits<char>, std::allocator<char>>>>::end());
      return;
   }
}
#pragma clang diagnostic pop
==== SOURCE END ====
JIT session error: Failed to materialize symbols: { (main, { _ZNKSt8__detail15_List_node_base7_M_baseEv }) }
TClingCallFunc::make_wrapper:Failed to compile
==== SOURCE BEGIN ====
#pragma clang diagnostic push
#pragma clang diagnostic ignored "-Wformat-security"
__attribute__((used)) __attribute__((annotate("__cling__ptrcheck(off)")))
extern "C" void __jc_653(void* obj, unsigned long nargs, void** args, void* ret)
{
   if (ret) {
      ::new (ret) (std::list<std::basic_string<char>>::const_iterator) (((const std::list<std::basic_string<char, std::char_traits<char>, std::allocator<char>>, std::allocator<std::basic_string<char, std::char_traits<char>, std::allocator<char>>>>*)obj)->std::list<std::basic_string<char, std::char_traits<char>, std::allocator<char>>, std::allocator<std::basic_string<char, std::char_traits<char>, std::allocator<char>>>>::end());
      return;
   }
   else {
      (void)(((const std::list<std::basic_string<char, std::char_traits<char>, std::allocator<char>>, std::allocator<std::basic_string<char, std::char_traits<char>, std::allocator<char>>>>*)obj)->std::list<std::basic_string<char, std::char_traits<char>, std::allocator<char>>, std::allocator<std::basic_string<char, std::char_traits<char>, std::allocator<char>>>>::end());
      return;
   }
}
#pragma clang diagnostic pop
==== SOURCE END ====
______________________ TestSTLMAP.test01_builtin_map_type ______________________

self = <test_stltypes.TestSTLMAP object at 0x70acb27cc7d0>

    def test01_builtin_map_type(self):
        """Test access to a map<int,int>"""
    
        import cppjit
    
        std = cppjit.gbl.std
    
        for mtype in (std.map, std.unordered_map):
>           a = mtype(int, int)()
                ^^^^^^^^^^^^^^^^^
E           TypeError: Template method resolution failed:
E             none of the 9 overloaded methods succeeded. Full details:
E             map<int, int, std::less<int>, std::allocator<std::pair<const int, int>>>::map<int, int, std::less<int>, std::allocator<std::pair<const int, int>>>(std::initializer_list<std::map<int, int, std::less<int>, std::allocator<std::pair<const int, int>>>::value_type> __l, const std::map<int, int>::allocator_type & __a) =>
E               TypeError: takes at least 2 arguments (0 given)
E             map<int, int, std::less<int>, std::allocator<std::pair<const int, int>>>::map<int, int, std::less<int>, std::allocator<std::pair<const int, int>>>(std::initializer_list<std::map<int, int, std::less<int>, std::allocator<std::pair<const int, int>>>::value_type> __l, const std::less<int> & __comp = _Compare(), const std::map<int, int>::allocator_type & __a = allocator_type()) =>
E               TypeError: takes at least 1 arguments (0 given)
E             map<int, int, std::less<int>, std::allocator<std::pair<const int, int>>>::map<int, int, std::less<int>, std::allocator<std::pair<const int, int>>>(std::map<int, int> && __m, const std::__type_identity_t<std::map<int, int, std::less<int>, std::allocator<std::pair<const int, int>>>::allocator_type> & __a) =>
E               TypeError: takes at least 2 arguments (0 given)
E             map<int, int, std::less<int>, std::allocator<std::pair<const int, int>>>::map<int, int, std::less<int>, std::allocator<std::pair<const int, int>>>(std::map<int, int> &&) =>
E               TypeError: takes at least 1 arguments (0 given)
E             map<int, int, std::less<int>, std::allocator<std::pair<const int, int>>>::map<int, int, std::less<int>, std::allocator<std::pair<const int, int>>>(const std::less<int> & __comp, const std::map<int, int>::allocator_type & __a = allocator_type()) =>
E               TypeError: takes at least 1 arguments (0 given)
E             map<int, int, std::less<int>, std::allocator<std::pair<const int, int>>>::map<int, int, std::less<int>, std::allocator<std::pair<const int, int>>>(const std::map<int, int>::allocator_type & __a) =>
E               TypeError: takes at least 1 arguments (0 given)
E             map<int, int, std::less<int>, std::allocator<std::pair<const int, int>>>::map<int, int, std::less<int>, std::allocator<std::pair<const int, int>>>(const std::map<int, int> & __m, const std::__type_identity_t<std::map<int, int, std::less<int>, std::allocator<std::pair<const int, int>>>::allocator_type> & __a) =>
E               TypeError: takes at least 2 arguments (0 given)
E             std::map<int, int> constructor failed
E             map<int, int, std::less<int>, std::allocator<std::pair<const int, int>>>::map<int, int, std::less<int>, std::allocator<std::pair<const int, int>>>(const std::map<int, int> &) =>
E               TypeError: takes at least 1 arguments (0 given)
E             std::map<int, int> constructor failed

test_stltypes.py:1358: TypeError
----------------------------- Captured stderr call -----------------------------
JIT session error: In graph incr_module_1985-jitted-objectbuffer, section .eh_frame: relocation target 0x70acb471d0a0 (DW.ref.__gxx_personality_v0) is out of range of Delta32 fixup at address 0x70acb471d0a0 (<anonymous block> @ 0x70ac275bf0f0 + 0x13)
TClingCallFunc::make_wrapper:Failed to compile
==== SOURCE BEGIN ====
#pragma clang diagnostic push
#pragma clang diagnostic ignored "-Wformat-security"
__attribute__((used)) __attribute__((annotate("__cling__ptrcheck(off)")))
extern "C" void __jc_655(void* ret, unsigned long nary, unsigned long nargs, void** args, void* is_arena)
{
   if (nary > 1) {
   (*(std::map<int, int, std::less<int>, std::allocator<std::pair<const int, int>>>**)ret) = (is_arena) ? ::new (*(std::map<int, int, std::less<int>, std::allocator<std::pair<const int, int>>>**)ret) std::map<int, int, std::less<int>, std::allocator<std::pair<const int, int>>>[nary]: new std::map<int, int, std::less<int>, std::allocator<std::pair<const int, int>>>[nary];
   }
else {
   (*(std::map<int, int, std::less<int>, std::allocator<std::pair<const int, int>>>**)ret) = (is_arena) ? ::new (*(std::map<int, int, std::less<int>, std::allocator<std::pair<const int, int>>>**)ret) std::map<int, int, std::less<int>, std::allocator<std::pair<const int, int>>>(): new std::map<int, int, std::less<int>, std::allocator<std::pair<const int, int>>>();
}
}
#pragma clang diagnostic pop
==== SOURCE END ====
JIT session error: Failed to materialize symbols: { (main, { _ZNSt3mapIiiSt4lessIiESaISt4pairIKiiEEEC2Ev }) }
TClingCallFunc::make_wrapper:Failed to compile
==== SOURCE BEGIN ====
#pragma clang diagnostic push
#pragma clang diagnostic ignored "-Wformat-security"
__attribute__((used)) __attribute__((annotate("__cling__ptrcheck(off)")))
extern "C" void __jc_656(void* ret, unsigned long nary, unsigned long nargs, void** args, void* is_arena)
{
   if (nary > 1) {
   (*(std::map<int, int, std::less<int>, std::allocator<std::pair<const int, int>>>**)ret) = (is_arena) ? ::new (*(std::map<int, int, std::less<int>, std::allocator<std::pair<const int, int>>>**)ret) std::map<int, int, std::less<int>, std::allocator<std::pair<const int, int>>>[nary]: new std::map<int, int, std::less<int>, std::allocator<std::pair<const int, int>>>[nary];
   }
else {
   (*(std::map<int, int, std::less<int>, std::allocator<std::pair<const int, int>>>**)ret) = (is_arena) ? ::new (*(std::map<int, int, std::less<int>, std::allocator<std::pair<const int, int>>>**)ret) std::map<int, int, std::less<int>, std::allocator<std::pair<const int, int>>>(): new std::map<int, int, std::less<int>, std::allocator<std::pair<const int, int>>>();
}
}
#pragma clang diagnostic pop
==== SOURCE END ====
_______________________ TestSTLMAP.test02_keyed_maptype ________________________

self = <test_stltypes.TestSTLMAP object at 0x70acb27cd090>

    @mark.xfail(condition=IS_MAC, reason="Fails on OS X")
    def test02_keyed_maptype(self):
        """Test access to a map<std::string,int>"""
    
        import cppjit
    
        std = cppjit.gbl.std
    
        for mtype in (std.map, std.unordered_map):
>           a = mtype(std.string, int)()
                ^^^^^^^^^^^^^^^^^^^^^^^^
E           TypeError: Template method resolution failed:
E             none of the 9 overloaded methods succeeded. Full details:
E             map<std::basic_string<char, std::char_traits<char>, std::allocator<char>>, int, std::less<std::basic_string<char, std::char_traits<char>, std::allocator<char>>>, std::allocator<std::pair<const std::basic_string<char, std::char_traits<char>, std::allocator<char>>, int>>>::map<std::basic_string<char, std::char_traits<char>, std::allocator<char>>, int, std::less<std::basic_string<char, std::char_traits<char>, std::allocator<char>>>, std::allocator<std::pair<const std::basic_string<char, std::char_traits<char>, std::allocator<char>>, int>>>(std::initializer_list<std::map<std::basic_string<char, std::char_traits<char>, std::allocator<char>>, int, std::less<std::basic_string<char, std::char_traits<char>, std::allocator<char>>>, std::allocator<std::pair<const std::basic_string<char, std::char_traits<char>, std::allocator<char>>, int>>>::value_type> __l, const std::map<std::basic_string<char>, int>::allocator_type & __a) =>
E               TypeError: takes at least 2 arguments (0 given)
E             map<std::basic_string<char, std::char_traits<char>, std::allocator<char>>, int, std::less<std::basic_string<char, std::char_traits<char>, std::allocator<char>>>, std::allocator<std::pair<const std::basic_string<char, std::char_traits<char>, std::allocator<char>>, int>>>::map<std::basic_string<char, std::char_traits<char>, std::allocator<char>>, int, std::less<std::basic_string<char, std::char_traits<char>, std::allocator<char>>>, std::allocator<std::pair<const std::basic_string<char, std::char_traits<char>, std::allocator<char>>, int>>>(std::initializer_list<std::map<std::basic_string<char, std::char_traits<char>, std::allocator<char>>, int, std::less<std::basic_string<char, std::char_traits<char>, std::allocator<char>>>, std::allocator<std::pair<const std::basic_string<char, std::char_traits<char>, std::allocator<char>>, int>>>::value_type> __l, const std::less<std::basic_string<char>> & __comp = _Compare(), const std::map<std::basic_string<char>, int>::allocator_type & __a = allocator_type()) =>
E               TypeError: takes at least 1 arguments (0 given)
E             map<std::basic_string<char, std::char_traits<char>, std::allocator<char>>, int, std::less<std::basic_string<char, std::char_traits<char>, std::allocator<char>>>, std::allocator<std::pair<const std::basic_string<char, std::char_traits<char>, std::allocator<char>>, int>>>::map<std::basic_string<char, std::char_traits<char>, std::allocator<char>>, int, std::less<std::basic_string<char, std::char_traits<char>, std::allocator<char>>>, std::allocator<std::pair<const std::basic_string<char, std::char_traits<char>, std::allocator<char>>, int>>>(std::map<std::basic_string<char>, int> && __m, const std::__type_identity_t<std::map<std::basic_string<char, std::char_traits<char>, std::allocator<char>>, int, std::less<std::basic_string<char, std::char_traits<char>, std::allocator<char>>>, std::allocator<std::pair<const std::basic_string<char, std::char_traits<char>, std::allocator<char>>, int>>>::allocator_type> & __a) =>
E               TypeError: takes at least 2 arguments (0 given)
E             map<std::basic_string<char, std::char_traits<char>, std::allocator<char>>, int, std::less<std::basic_string<char, std::char_traits<char>, std::allocator<char>>>, std::allocator<std::pair<const std::basic_string<char, std::char_traits<char>, std::allocator<char>>, int>>>::map<std::basic_string<char, std::char_traits<char>, std::allocator<char>>, int, std::less<std::basic_string<char, std::char_traits<char>, std::allocator<char>>>, std::allocator<std::pair<const std::basic_string<char, std::char_traits<char>, std::allocator<char>>, int>>>(std::map<std::basic_string<char>, int> &&) =>
E               TypeError: takes at least 1 arguments (0 given)
E             map<std::basic_string<char, std::char_traits<char>, std::allocator<char>>, int, std::less<std::basic_string<char, std::char_traits<char>, std::allocator<char>>>, std::allocator<std::pair<const std::basic_string<char, std::char_traits<char>, std::allocator<char>>, int>>>::map<std::basic_string<char, std::char_traits<char>, std::allocator<char>>, int, std::less<std::basic_string<char, std::char_traits<char>, std::allocator<char>>>, std::allocator<std::pair<const std::basic_string<char, std::char_traits<char>, std::allocator<char>>, int>>>(const std::less<std::basic_string<char>> & __comp, const std::map<std::basic_string<char>, int>::allocator_type & __a = allocator_type()) =>
E               TypeError: takes at least 1 arguments (0 given)
E             map<std::basic_string<char, std::char_traits<char>, std::allocator<char>>, int, std::less<std::basic_string<char, std::char_traits<char>, std::allocator<char>>>, std::allocator<std::pair<const std::basic_string<char, std::char_traits<char>, std::allocator<char>>, int>>>::map<std::basic_string<char, std::char_traits<char>, std::allocator<char>>, int, std::less<std::basic_string<char, std::char_traits<char>, std::allocator<char>>>, std::allocator<std::pair<const std::basic_string<char, std::char_traits<char>, std::allocator<char>>, int>>>(const std::map<std::basic_string<char>, int>::allocator_type & __a) =>
E               TypeError: takes at least 1 arguments (0 given)
E             map<std::basic_string<char, std::char_traits<char>, std::allocator<char>>, int, std::less<std::basic_string<char, std::char_traits<char>, std::allocator<char>>>, std::allocator<std::pair<const std::basic_string<char, std::char_traits<char>, std::allocator<char>>, int>>>::map<std::basic_string<char, std::char_traits<char>, std::allocator<char>>, int, std::less<std::basic_string<char, std::char_traits<char>, std::allocator<char>>>, std::allocator<std::pair<const std::basic_string<char, std::char_traits<char>, std::allocator<char>>, int>>>(const std::map<std::basic_string<char>, int> & __m, const std::__type_identity_t<std::map<std::basic_string<char, std::char_traits<char>, std::allocator<char>>, int, std::less<std::basic_string<char, std::char_traits<char>, std::allocator<char>>>, std::allocator<std::pair<const std::basic_string<char, std::char_traits<char>, std::allocator<char>>, int>>>::allocator_type> & __a) =>
E               TypeError: takes at least 2 arguments (0 given)
E             std::map<std::basic_string<char>, int> constructor failed
E             map<std::basic_string<char, std::char_traits<char>, std::allocator<char>>, int, std::less<std::basic_string<char, std::char_traits<char>, std::allocator<char>>>, std::allocator<std::pair<const std::basic_string<char, std::char_traits<char>, std::allocator<char>>, int>>>::map<std::basic_string<char, std::char_traits<char>, std::allocator<char>>, int, std::less<std::basic_string<char, std::char_traits<char>, std::allocator<char>>>, std::allocator<std::pair<const std::basic_string<char, std::char_traits<char>, std::allocator<char>>, int>>>(const std::map<std::basic_string<char>, int> &) =>
E               TypeError: takes at least 1 arguments (0 given)
E             std::map<std::basic_string<char>, int> constructor failed

test_stltypes.py:1398: TypeError
----------------------------- Captured stderr call -----------------------------
JIT session error: Failed to materialize symbols: { (main, { _ZNSt15_Rb_tree_headerC2Ev }) }
TClingCallFunc::make_wrapper:Failed to compile
==== SOURCE BEGIN ====
#pragma clang diagnostic push
#pragma clang diagnostic ignored "-Wformat-security"
__attribute__((used)) __attribute__((annotate("__cling__ptrcheck(off)")))
extern "C" void __jc_657(void* ret, unsigned long nary, unsigned long nargs, void** args, void* is_arena)
{
   if (nary > 1) {
   (*(std::map<std::basic_string<char, std::char_traits<char>, std::allocator<char>>, int, std::less<std::basic_string<char, std::char_traits<char>, std::allocator<char>>>, std::allocator<std::pair<const std::basic_string<char, std::char_traits<char>, std::allocator<char>>, int>>>**)ret) = (is_arena) ? ::new (*(std::map<std::basic_string<char, std::char_traits<char>, std::allocator<char>>, int, std::less<std::basic_string<char, std::char_traits<char>, std::allocator<char>>>, std::allocator<std::pair<const std::basic_string<char, std::char_traits<char>, std::allocator<char>>, int>>>**)ret) std::map<std::basic_string<char, std::char_traits<char>, std::allocator<char>>, int, std::less<std::basic_string<char, std::char_traits<char>, std::allocator<char>>>, std::allocator<std::pair<const std::basic_string<char, std::char_traits<char>, std::allocator<char>>, int>>>[nary]: new std::map<std::basic_string<char, std::char_traits<char>, std::allocator<char>>, int, std::less<std::basic_string<char, std::char_traits<char>, std::allocator<char>>>, std::allocator<std::pair<const std::basic_string<char, std::char_traits<char>, std::allocator<char>>, int>>>[nary];
   }
else {
   (*(std::map<std::basic_string<char, std::char_traits<char>, std::allocator<char>>, int, std::less<std::basic_string<char, std::char_traits<char>, std::allocator<char>>>, std::allocator<std::pair<const std::basic_string<char, std::char_traits<char>, std::allocator<char>>, int>>>**)ret) = (is_arena) ? ::new (*(std::map<std::basic_string<char, std::char_traits<char>, std::allocator<char>>, int, std::less<std::basic_string<char, std::char_traits<char>, std::allocator<char>>>, std::allocator<std::pair<const std::basic_string<char, std::char_traits<char>, std::allocator<char>>, int>>>**)ret) std::map<std::basic_string<char, std::char_traits<char>, std::allocator<char>>, int, std::less<std::basic_string<char, std::char_traits<char>, std::allocator<char>>>, std::allocator<std::pair<const std::basic_string<char, std::char_traits<char>, std::allocator<char>>, int>>>(): new std::map<std::basic_string<char, std::char_traits<char>, std::allocator<char>>, int, std::less<std::basic_string<char, std::char_traits<char>, std::allocator<char>>>, std::allocator<std::pair<const std::basic_string<char, std::char_traits<char>, std::allocator<char>>, int>>>();
}
}
#pragma clang diagnostic pop
==== SOURCE END ====
JIT session error: Failed to materialize symbols: { (main, { _ZNSt3mapINSt7__cxx1112basic_stringIcSt11char_traitsIcESaIcEEEiSt4lessIS5_ESaISt4pairIKS5_iEEEC2Ev }) }
TClingCallFunc::make_wrapper:Failed to compile
==== SOURCE BEGIN ====
#pragma clang diagnostic push
#pragma clang diagnostic ignored "-Wformat-security"
__attribute__((used)) __attribute__((annotate("__cling__ptrcheck(off)")))
extern "C" void __jc_658(void* ret, unsigned long nary, unsigned long nargs, void** args, void* is_arena)
{
   if (nary > 1) {
   (*(std::map<std::basic_string<char, std::char_traits<char>, std::allocator<char>>, int, std::less<std::basic_string<char, std::char_traits<char>, std::allocator<char>>>, std::allocator<std::pair<const std::basic_string<char, std::char_traits<char>, std::allocator<char>>, int>>>**)ret) = (is_arena) ? ::new (*(std::map<std::basic_string<char, std::char_traits<char>, std::allocator<char>>, int, std::less<std::basic_string<char, std::char_traits<char>, std::allocator<char>>>, std::allocator<std::pair<const std::basic_string<char, std::char_traits<char>, std::allocator<char>>, int>>>**)ret) std::map<std::basic_string<char, std::char_traits<char>, std::allocator<char>>, int, std::less<std::basic_string<char, std::char_traits<char>, std::allocator<char>>>, std::allocator<std::pair<const std::basic_string<char, std::char_traits<char>, std::allocator<char>>, int>>>[nary]: new std::map<std::basic_string<char, std::char_traits<char>, std::allocator<char>>, int, std::less<std::basic_string<char, std::char_traits<char>, std::allocator<char>>>, std::allocator<std::pair<const std::basic_string<char, std::char_traits<char>, std::allocator<char>>, int>>>[nary];
   }
else {
   (*(std::map<std::basic_string<char, std::char_traits<char>, std::allocator<char>>, int, std::less<std::basic_string<char, std::char_traits<char>, std::allocator<char>>>, std::allocator<std::pair<const std::basic_string<char, std::char_traits<char>, std::allocator<char>>, int>>>**)ret) = (is_arena) ? ::new (*(std::map<std::basic_string<char, std::char_traits<char>, std::allocator<char>>, int, std::less<std::basic_string<char, std::char_traits<char>, std::allocator<char>>>, std::allocator<std::pair<const std::basic_string<char, std::char_traits<char>, std::allocator<char>>, int>>>**)ret) std::map<std::basic_string<char, std::char_traits<char>, std::allocator<char>>, int, std::less<std::basic_string<char, std::char_traits<char>, std::allocator<char>>>, std::allocator<std::pair<const std::basic_string<char, std::char_traits<char>, std::allocator<char>>, int>>>(): new std::map<std::basic_string<char, std::char_traits<char>, std::allocator<char>>, int, std::less<std::basic_string<char, std::char_traits<char>, std::allocator<char>>>, std::allocator<std::pair<const std::basic_string<char, std::char_traits<char>, std::allocator<char>>, int>>>();
}
}
#pragma clang diagnostic pop
==== SOURCE END ====
_______________________ TestSTLMAP.test03_empty_maptype ________________________

self = <test_stltypes.TestSTLMAP object at 0x70acb40fdf30>

    def test03_empty_maptype(self):
        """Test behavior of empty map<int,int>"""
    
        import cppjit
    
        std = cppjit.gbl.std
    
        for mtype in (std.map, std.unordered_map):
>           m = mtype(int, int)()
                ^^^^^^^^^^^^^^^^^
E           TypeError: Template method resolution failed:
E             none of the 9 overloaded methods succeeded. Full details:
E             map<int, int, std::less<int>, std::allocator<std::pair<const int, int>>>::map<int, int, std::less<int>, std::allocator<std::pair<const int, int>>>(std::initializer_list<std::map<int, int, std::less<int>, std::allocator<std::pair<const int, int>>>::value_type> __l, const std::map<int, int>::allocator_type & __a) =>
E               TypeError: takes at least 2 arguments (0 given)
E             map<int, int, std::less<int>, std::allocator<std::pair<const int, int>>>::map<int, int, std::less<int>, std::allocator<std::pair<const int, int>>>(std::initializer_list<std::map<int, int, std::less<int>, std::allocator<std::pair<const int, int>>>::value_type> __l, const std::less<int> & __comp = _Compare(), const std::map<int, int>::allocator_type & __a = allocator_type()) =>
E               TypeError: takes at least 1 arguments (0 given)
E             map<int, int, std::less<int>, std::allocator<std::pair<const int, int>>>::map<int, int, std::less<int>, std::allocator<std::pair<const int, int>>>(std::map<int, int> && __m, const std::__type_identity_t<std::map<int, int, std::less<int>, std::allocator<std::pair<const int, int>>>::allocator_type> & __a) =>
E               TypeError: takes at least 2 arguments (0 given)
E             map<int, int, std::less<int>, std::allocator<std::pair<const int, int>>>::map<int, int, std::less<int>, std::allocator<std::pair<const int, int>>>(std::map<int, int> &&) =>
E               TypeError: takes at least 1 arguments (0 given)
E             map<int, int, std::less<int>, std::allocator<std::pair<const int, int>>>::map<int, int, std::less<int>, std::allocator<std::pair<const int, int>>>(const std::less<int> & __comp, const std::map<int, int>::allocator_type & __a = allocator_type()) =>
E               TypeError: takes at least 1 arguments (0 given)
E             map<int, int, std::less<int>, std::allocator<std::pair<const int, int>>>::map<int, int, std::less<int>, std::allocator<std::pair<const int, int>>>(const std::map<int, int>::allocator_type & __a) =>
E               TypeError: takes at least 1 arguments (0 given)
E             map<int, int, std::less<int>, std::allocator<std::pair<const int, int>>>::map<int, int, std::less<int>, std::allocator<std::pair<const int, int>>>(const std::map<int, int> & __m, const std::__type_identity_t<std::map<int, int, std::less<int>, std::allocator<std::pair<const int, int>>>::allocator_type> & __a) =>
E               TypeError: takes at least 2 arguments (0 given)
E             std::map<int, int> constructor failed
E             map<int, int, std::less<int>, std::allocator<std::pair<const int, int>>>::map<int, int, std::less<int>, std::allocator<std::pair<const int, int>>>(const std::map<int, int> &) =>
E               TypeError: takes at least 1 arguments (0 given)
E             none of the 2 overloaded methods succeeded. Full details:
E             std::map<int, int> constructor failed
E             std::map<int, int> constructor failed

test_stltypes.py:1420: TypeError
----------------------------- Captured stderr call -----------------------------
JIT session error: Failed to materialize symbols: { (main, { _ZNSt3mapIiiSt4lessIiESaISt4pairIKiiEEEC2Ev }) }
TClingCallFunc::make_wrapper:Failed to compile
==== SOURCE BEGIN ====
#pragma clang diagnostic push
#pragma clang diagnostic ignored "-Wformat-security"
__attribute__((used)) __attribute__((annotate("__cling__ptrcheck(off)")))
extern "C" void __jc_659(void* ret, unsigned long nary, unsigned long nargs, void** args, void* is_arena)
{
   if (nary > 1) {
   (*(std::map<int, int, std::less<int>, std::allocator<std::pair<const int, int>>>**)ret) = (is_arena) ? ::new (*(std::map<int, int, std::less<int>, std::allocator<std::pair<const int, int>>>**)ret) std::map<int, int, std::less<int>, std::allocator<std::pair<const int, int>>>[nary]: new std::map<int, int, std::less<int>, std::allocator<std::pair<const int, int>>>[nary];
   }
else {
   (*(std::map<int, int, std::less<int>, std::allocator<std::pair<const int, int>>>**)ret) = (is_arena) ? ::new (*(std::map<int, int, std::less<int>, std::allocator<std::pair<const int, int>>>**)ret) std::map<int, int, std::less<int>, std::allocator<std::pair<const int, int>>>(): new std::map<int, int, std::less<int>, std::allocator<std::pair<const int, int>>>();
}
}
#pragma clang diagnostic pop
==== SOURCE END ====
JIT session error: Failed to materialize symbols: { (main, { _ZNSt3mapIiiSt4lessIiESaISt4pairIKiiEEEC2Ev }) }
TClingCallFunc::make_wrapper:Failed to compile
==== SOURCE BEGIN ====
#pragma clang diagnostic push
#pragma clang diagnostic ignored "-Wformat-security"
__attribute__((used)) __attribute__((annotate("__cling__ptrcheck(off)")))
extern "C" void __jc_660(void* ret, unsigned long nary, unsigned long nargs, void** args, void* is_arena)
{
   if (nary > 1) {
   (*(std::map<int, int, std::less<int>, std::allocator<std::pair<const int, int>>>**)ret) = (is_arena) ? ::new (*(std::map<int, int, std::less<int>, std::allocator<std::pair<const int, int>>>**)ret) std::map<int, int, std::less<int>, std::allocator<std::pair<const int, int>>>[nary]: new std::map<int, int, std::less<int>, std::allocator<std::pair<const int, int>>>[nary];
   }
else {
   (*(std::map<int, int, std::less<int>, std::allocator<std::pair<const int, int>>>**)ret) = (is_arena) ? ::new (*(std::map<int, int, std::less<int>, std::allocator<std::pair<const int, int>>>**)ret) std::map<int, int, std::less<int>, std::allocator<std::pair<const int, int>>>(): new std::map<int, int, std::less<int>, std::allocator<std::pair<const int, int>>>();
}
}
#pragma clang diagnostic pop
==== SOURCE END ====
JIT session error: Failed to materialize symbols: { (main, { _ZNSt3mapIiiSt4lessIiESaISt4pairIKiiEEEC2Ev }) }
TClingCallFunc::make_wrapper:Failed to compile
==== SOURCE BEGIN ====
#pragma clang diagnostic push
#pragma clang diagnostic ignored "-Wformat-security"
__attribute__((used)) __attribute__((annotate("__cling__ptrcheck(off)")))
extern "C" void __jc_661(void* ret, unsigned long nary, unsigned long nargs, void** args, void* is_arena)
{
   if (nary > 1) {
   (*(std::map<int, int, std::less<int>, std::allocator<std::pair<const int, int>>>**)ret) = (is_arena) ? ::new (*(std::map<int, int, std::less<int>, std::allocator<std::pair<const int, int>>>**)ret) std::map<int, int, std::less<int>, std::allocator<std::pair<const int, int>>>[nary]: new std::map<int, int, std::less<int>, std::allocator<std::pair<const int, int>>>[nary];
   }
else {
   (*(std::map<int, int, std::less<int>, std::allocator<std::pair<const int, int>>>**)ret) = (is_arena) ? ::new (*(std::map<int, int, std::less<int>, std::allocator<std::pair<const int, int>>>**)ret) std::map<int, int, std::less<int>, std::allocator<std::pair<const int, int>>>(): new std::map<int, int, std::less<int>, std::allocator<std::pair<const int, int>>>();
}
}
#pragma clang diagnostic pop
==== SOURCE END ====
________________ TestSTLMAP.test04_unsignedvalue_typemap_types _________________

self = <test_stltypes.TestSTLMAP object at 0x70acb40fe2c0>

    @mark.xfail(condition=IS_MAC, reason="Fails on OS X")
    def test04_unsignedvalue_typemap_types(self):
        """Test assignability of maps with unsigned value types"""
    
        import math
    
        import cppjit
    
        std = cppjit.gbl.std
    
        for mtype in (std.map, std.unordered_map):
>           mui = mtype(str, "unsigned int")()
                  ^^^^^^^^^^^^^^^^^^^^^^^^^^^^
E           TypeError: Template method resolution failed:
E             none of the 9 overloaded methods succeeded. Full details:
E             map<std::basic_string<char, std::char_traits<char>, std::allocator<char>>, unsigned int, std::less<std::basic_string<char, std::char_traits<char>, std::allocator<char>>>, std::allocator<std::pair<const std::basic_string<char, std::char_traits<char>, std::allocator<char>>, unsigned int>>>::map<std::basic_string<char, std::char_traits<char>, std::allocator<char>>, unsigned int, std::less<std::basic_string<char, std::char_traits<char>, std::allocator<char>>>, std::allocator<std::pair<const std::basic_string<char, std::char_traits<char>, std::allocator<char>>, unsigned int>>>(std::initializer_list<std::map<std::basic_string<char, std::char_traits<char>, std::allocator<char>>, unsigned int, std::less<std::basic_string<char, std::char_traits<char>, std::allocator<char>>>, std::allocator<std::pair<const std::basic_string<char, std::char_traits<char>, std::allocator<char>>, unsigned int>>>::value_type> __l, const std::map<std::basic_string<char>, unsigned int>::allocator_type & __a) =>
E               TypeError: takes at least 2 arguments (0 given)
E             map<std::basic_string<char, std::char_traits<char>, std::allocator<char>>, unsigned int, std::less<std::basic_string<char, std::char_traits<char>, std::allocator<char>>>, std::allocator<std::pair<const std::basic_string<char, std::char_traits<char>, std::allocator<char>>, unsigned int>>>::map<std::basic_string<char, std::char_traits<char>, std::allocator<char>>, unsigned int, std::less<std::basic_string<char, std::char_traits<char>, std::allocator<char>>>, std::allocator<std::pair<const std::basic_string<char, std::char_traits<char>, std::allocator<char>>, unsigned int>>>(std::initializer_list<std::map<std::basic_string<char, std::char_traits<char>, std::allocator<char>>, unsigned int, std::less<std::basic_string<char, std::char_traits<char>, std::allocator<char>>>, std::allocator<std::pair<const std::basic_string<char, std::char_traits<char>, std::allocator<char>>, unsigned int>>>::value_type> __l, const std::less<std::basic_string<char>> & __comp = _Compare(), const std::map<std::basic_string<char>, unsigned int>::allocator_type & __a = allocator_type()) =>
E               TypeError: takes at least 1 arguments (0 given)
E             map<std::basic_string<char, std::char_traits<char>, std::allocator<char>>, unsigned int, std::less<std::basic_string<char, std::char_traits<char>, std::allocator<char>>>, std::allocator<std::pair<const std::basic_string<char, std::char_traits<char>, std::allocator<char>>, unsigned int>>>::map<std::basic_string<char, std::char_traits<char>, std::allocator<char>>, unsigned int, std::less<std::basic_string<char, std::char_traits<char>, std::allocator<char>>>, std::allocator<std::pair<const std::basic_string<char, std::char_traits<char>, std::allocator<char>>, unsigned int>>>(std::map<std::basic_string<char>, unsigned int> && __m, const std::__type_identity_t<std::map<std::basic_string<char, std::char_traits<char>, std::allocator<char>>, unsigned int, std::less<std::basic_string<char, std::char_traits<char>, std::allocator<char>>>, std::allocator<std::pair<const std::basic_string<char, std::char_traits<char>, std::allocator<char>>, unsigned int>>>::allocator_type> & __a) =>
E               TypeError: takes at least 2 arguments (0 given)
E             map<std::basic_string<char, std::char_traits<char>, std::allocator<char>>, unsigned int, std::less<std::basic_string<char, std::char_traits<char>, std::allocator<char>>>, std::allocator<std::pair<const std::basic_string<char, std::char_traits<char>, std::allocator<char>>, unsigned int>>>::map<std::basic_string<char, std::char_traits<char>, std::allocator<char>>, unsigned int, std::less<std::basic_string<char, std::char_traits<char>, std::allocator<char>>>, std::allocator<std::pair<const std::basic_string<char, std::char_traits<char>, std::allocator<char>>, unsigned int>>>(std::map<std::basic_string<char>, unsigned int> &&) =>
E               TypeError: takes at least 1 arguments (0 given)
E             map<std::basic_string<char, std::char_traits<char>, std::allocator<char>>, unsigned int, std::less<std::basic_string<char, std::char_traits<char>, std::allocator<char>>>, std::allocator<std::pair<const std::basic_string<char, std::char_traits<char>, std::allocator<char>>, unsigned int>>>::map<std::basic_string<char, std::char_traits<char>, std::allocator<char>>, unsigned int, std::less<std::basic_string<char, std::char_traits<char>, std::allocator<char>>>, std::allocator<std::pair<const std::basic_string<char, std::char_traits<char>, std::allocator<char>>, unsigned int>>>(const std::less<std::basic_string<char>> & __comp, const std::map<std::basic_string<char>, unsigned int>::allocator_type & __a = allocator_type()) =>
E               TypeError: takes at least 1 arguments (0 given)
E             map<std::basic_string<char, std::char_traits<char>, std::allocator<char>>, unsigned int, std::less<std::basic_string<char, std::char_traits<char>, std::allocator<char>>>, std::allocator<std::pair<const std::basic_string<char, std::char_traits<char>, std::allocator<char>>, unsigned int>>>::map<std::basic_string<char, std::char_traits<char>, std::allocator<char>>, unsigned int, std::less<std::basic_string<char, std::char_traits<char>, std::allocator<char>>>, std::allocator<std::pair<const std::basic_string<char, std::char_traits<char>, std::allocator<char>>, unsigned int>>>(const std::map<std::basic_string<char>, unsigned int>::allocator_type & __a) =>
E               TypeError: takes at least 1 arguments (0 given)
E             map<std::basic_string<char, std::char_traits<char>, std::allocator<char>>, unsigned int, std::less<std::basic_string<char, std::char_traits<char>, std::allocator<char>>>, std::allocator<std::pair<const std::basic_string<char, std::char_traits<char>, std::allocator<char>>, unsigned int>>>::map<std::basic_string<char, std::char_traits<char>, std::allocator<char>>, unsigned int, std::less<std::basic_string<char, std::char_traits<char>, std::allocator<char>>>, std::allocator<std::pair<const std::basic_string<char, std::char_traits<char>, std::allocator<char>>, unsigned int>>>(const std::map<std::basic_string<char>, unsigned int> & __m, const std::__type_identity_t<std::map<std::basic_string<char, std::char_traits<char>, std::allocator<char>>, unsigned int, std::less<std::basic_string<char, std::char_traits<char>, std::allocator<char>>>, std::allocator<std::pair<const std::basic_string<char, std::char_traits<char>, std::allocator<char>>, unsigned int>>>::allocator_type> & __a) =>
E               TypeError: takes at least 2 arguments (0 given)
E             std::map<std::basic_string<char>, unsigned int> constructor failed
E             map<std::basic_string<char, std::char_traits<char>, std::allocator<char>>, unsigned int, std::less<std::basic_string<char, std::char_traits<char>, std::allocator<char>>>, std::allocator<std::pair<const std::basic_string<char, std::char_traits<char>, std::allocator<char>>, unsigned int>>>::map<std::basic_string<char, std::char_traits<char>, std::allocator<char>>, unsigned int, std::less<std::basic_string<char, std::char_traits<char>, std::allocator<char>>>, std::allocator<std::pair<const std::basic_string<char, std::char_traits<char>, std::allocator<char>>, unsigned int>>>(const std::map<std::basic_string<char>, unsigned int> &) =>
E               TypeError: takes at least 1 arguments (0 given)
E             std::map<std::basic_string<char>, unsigned int> constructor failed

test_stltypes.py:1436: TypeError
----------------------------- Captured stderr call -----------------------------
JIT session error: Failed to materialize symbols: { (main, { _ZNSt20_Rb_tree_key_compareISt4lessINSt7__cxx1112basic_stringIcSt11char_traitsIcESaIcEEEEEC2Ev }) }
TClingCallFunc::make_wrapper:Failed to compile
==== SOURCE BEGIN ====
#pragma clang diagnostic push
#pragma clang diagnostic ignored "-Wformat-security"
__attribute__((used)) __attribute__((annotate("__cling__ptrcheck(off)")))
extern "C" void __jc_662(void* ret, unsigned long nary, unsigned long nargs, void** args, void* is_arena)
{
   if (nary > 1) {
   (*(std::map<std::basic_string<char, std::char_traits<char>, std::allocator<char>>, unsigned int, std::less<std::basic_string<char, std::char_traits<char>, std::allocator<char>>>, std::allocator<std::pair<const std::basic_string<char, std::char_traits<char>, std::allocator<char>>, unsigned int>>>**)ret) = (is_arena) ? ::new (*(std::map<std::basic_string<char, std::char_traits<char>, std::allocator<char>>, unsigned int, std::less<std::basic_string<char, std::char_traits<char>, std::allocator<char>>>, std::allocator<std::pair<const std::basic_string<char, std::char_traits<char>, std::allocator<char>>, unsigned int>>>**)ret) std::map<std::basic_string<char, std::char_traits<char>, std::allocator<char>>, unsigned int, std::less<std::basic_string<char, std::char_traits<char>, std::allocator<char>>>, std::allocator<std::pair<const std::basic_string<char, std::char_traits<char>, std::allocator<char>>, unsigned int>>>[nary]: new std::map<std::basic_string<char, std::char_traits<char>, std::allocator<char>>, unsigned int, std::less<std::basic_string<char, std::char_traits<char>, std::allocator<char>>>, std::allocator<std::pair<const std::basic_string<char, std::char_traits<char>, std::allocator<char>>, unsigned int>>>[nary];
   }
else {
   (*(std::map<std::basic_string<char, std::char_traits<char>, std::allocator<char>>, unsigned int, std::less<std::basic_string<char, std::char_traits<char>, std::allocator<char>>>, std::allocator<std::pair<const std::basic_string<char, std::char_traits<char>, std::allocator<char>>, unsigned int>>>**)ret) = (is_arena) ? ::new (*(std::map<std::basic_string<char, std::char_traits<char>, std::allocator<char>>, unsigned int, std::less<std::basic_string<char, std::char_traits<char>, std::allocator<char>>>, std::allocator<std::pair<const std::basic_string<char, std::char_traits<char>, std::allocator<char>>, unsigned int>>>**)ret) std::map<std::basic_string<char, std::char_traits<char>, std::allocator<char>>, unsigned int, std::less<std::basic_string<char, std::char_traits<char>, std::allocator<char>>>, std::allocator<std::pair<const std::basic_string<char, std::char_traits<char>, std::allocator<char>>, unsigned int>>>(): new std::map<std::basic_string<char, std::char_traits<char>, std::allocator<char>>, unsigned int, std::less<std::basic_string<char, std::char_traits<char>, std::allocator<char>>>, std::allocator<std::pair<const std::basic_string<char, std::char_traits<char>, std::allocator<char>>, unsigned int>>>();
}
}
#pragma clang diagnostic pop
==== SOURCE END ====
JIT session error: Failed to materialize symbols: { (main, { _ZNSt3mapINSt7__cxx1112basic_stringIcSt11char_traitsIcESaIcEEEjSt4lessIS5_ESaISt4pairIKS5_jEEEC2Ev }) }
TClingCallFunc::make_wrapper:Failed to compile
==== SOURCE BEGIN ====
#pragma clang diagnostic push
#pragma clang diagnostic ignored "-Wformat-security"
__attribute__((used)) __attribute__((annotate("__cling__ptrcheck(off)")))
extern "C" void __jc_663(void* ret, unsigned long nary, unsigned long nargs, void** args, void* is_arena)
{
   if (nary > 1) {
   (*(std::map<std::basic_string<char, std::char_traits<char>, std::allocator<char>>, unsigned int, std::less<std::basic_string<char, std::char_traits<char>, std::allocator<char>>>, std::allocator<std::pair<const std::basic_string<char, std::char_traits<char>, std::allocator<char>>, unsigned int>>>**)ret) = (is_arena) ? ::new (*(std::map<std::basic_string<char, std::char_traits<char>, std::allocator<char>>, unsigned int, std::less<std::basic_string<char, std::char_traits<char>, std::allocator<char>>>, std::allocator<std::pair<const std::basic_string<char, std::char_traits<char>, std::allocator<char>>, unsigned int>>>**)ret) std::map<std::basic_string<char, std::char_traits<char>, std::allocator<char>>, unsigned int, std::less<std::basic_string<char, std::char_traits<char>, std::allocator<char>>>, std::allocator<std::pair<const std::basic_string<char, std::char_traits<char>, std::allocator<char>>, unsigned int>>>[nary]: new std::map<std::basic_string<char, std::char_traits<char>, std::allocator<char>>, unsigned int, std::less<std::basic_string<char, std::char_traits<char>, std::allocator<char>>>, std::allocator<std::pair<const std::basic_string<char, std::char_traits<char>, std::allocator<char>>, unsigned int>>>[nary];
   }
else {
   (*(std::map<std::basic_string<char, std::char_traits<char>, std::allocator<char>>, unsigned int, std::less<std::basic_string<char, std::char_traits<char>, std::allocator<char>>>, std::allocator<std::pair<const std::basic_string<char, std::char_traits<char>, std::allocator<char>>, unsigned int>>>**)ret) = (is_arena) ? ::new (*(std::map<std::basic_string<char, std::char_traits<char>, std::allocator<char>>, unsigned int, std::less<std::basic_string<char, std::char_traits<char>, std::allocator<char>>>, std::allocator<std::pair<const std::basic_string<char, std::char_traits<char>, std::allocator<char>>, unsigned int>>>**)ret) std::map<std::basic_string<char, std::char_traits<char>, std::allocator<char>>, unsigned int, std::less<std::basic_string<char, std::char_traits<char>, std::allocator<char>>>, std::allocator<std::pair<const std::basic_string<char, std::char_traits<char>, std::allocator<char>>, unsigned int>>>(): new std::map<std::basic_string<char, std::char_traits<char>, std::allocator<char>>, unsigned int, std::less<std::basic_string<char, std::char_traits<char>, std::allocator<char>>>, std::allocator<std::pair<const std::basic_string<char, std::char_traits<char>, std::allocator<char>>, unsigned int>>>();
}
}
#pragma clang diagnostic pop
==== SOURCE END ====
_____________ TestSTLMAP.test05_STL_like_class_indexing_overloads ______________

self = <test_stltypes.TestSTLMAP object at 0x70acb2711910>

    @mark.xfail(condition=IS_MAC, reason="Fails on OS X")
    def test05_STL_like_class_indexing_overloads(self):
        """Test overloading of operator[] in STL like class"""
    
        import cppjit
    
        stl_like_class = cppjit.gbl.stl_like_class
    
        a = stl_like_class(int)()
>       assert a["some string"] == "string"
E       AssertionError: assert b'' == 'string'

test_stltypes.py:1463: AssertionError
----------------------------- Captured stderr call -----------------------------
JIT session error: In graph incr_module_2071-jitted-objectbuffer, section .eh_frame: relocation target 0x70acb471d0a0 (DW.ref.__gxx_personality_v0) is out of range of Delta32 fixup at address 0x70acb471d0a0 (<anonymous block> @ 0x70ac275bd098 + 0x13)
TClingCallFunc::make_wrapper:Failed to compile
==== SOURCE BEGIN ====
#pragma clang diagnostic push
#pragma clang diagnostic ignored "-Wformat-security"
__attribute__((used)) __attribute__((annotate("__cling__ptrcheck(off)")))
extern "C" void __jc_665(void* obj, unsigned long nargs, void** args, void* ret)
{
   if (ret) {
      ::new (ret) (std::string) (((stl_like_class<int>*)obj)->operator[]((const std::basic_string<char>&)*(const std::basic_string<char>*)args[0]));
      return;
   }
   else {
      (void)(((stl_like_class<int>*)obj)->operator[]((const std::basic_string<char>&)*(const std::basic_string<char>*)args[0]));
      return;
   }
}
#pragma clang diagnostic pop
==== SOURCE END ====
JIT session error: Failed to materialize symbols: { (main, { _ZNSt7__cxx1112basic_stringIcSt11char_traitsIcESaIcEE5beginEv }) }
TClingCallFunc::make_wrapper:Failed to compile
==== SOURCE BEGIN ====
#pragma clang diagnostic push
#pragma clang diagnostic ignored "-Wformat-security"
__attribute__((used)) __attribute__((annotate("__cling__ptrcheck(off)")))
extern "C" void __jc_666(void* obj, unsigned long nargs, void** args, void* ret)
{
   if (ret) {
      ::new (ret) (std::basic_string<char>::iterator) (((std::basic_string<char, std::char_traits<char>, std::allocator<char>>*)obj)->std::basic_string<char, std::char_traits<char>, std::allocator<char>>::begin());
      return;
   }
   else {
      (void)(((std::basic_string<char, std::char_traits<char>, std::allocator<char>>*)obj)->std::basic_string<char, std::char_traits<char>, std::allocator<char>>::begin());
      return;
   }
}
#pragma clang diagnostic pop
==== SOURCE END ====
JIT session error: Failed to materialize symbols: { (main, { _ZNKSt7__cxx1112basic_stringIcSt11char_traitsIcESaIcEE5beginEv }) }
TClingCallFunc::make_wrapper:Failed to compile
==== SOURCE BEGIN ====
#pragma clang diagnostic push
#pragma clang diagnostic ignored "-Wformat-security"
__attribute__((used)) __attribute__((annotate("__cling__ptrcheck(off)")))
extern "C" void __jc_667(void* obj, unsigned long nargs, void** args, void* ret)
{
   if (ret) {
      ::new (ret) (std::basic_string<char>::const_iterator) (((const std::basic_string<char, std::char_traits<char>, std::allocator<char>>*)obj)->std::basic_string<char, std::char_traits<char>, std::allocator<char>>::begin());
      return;
   }
   else {
      (void)(((const std::basic_string<char, std::char_traits<char>, std::allocator<char>>*)obj)->std::basic_string<char, std::char_traits<char>, std::allocator<char>>::begin());
      return;
   }
}
#pragma clang diagnostic pop
==== SOURCE END ====
____________________ TestSTLMAP.test06_initialize_from_dict ____________________

self = <test_stltypes.TestSTLMAP object at 0x70acc225ae00>

    @mark.xfail(condition=IS_MAC, reason="Fails on OS X")
    def test06_initialize_from_dict(self):
        """Test std::map initializion from Python dict"""
    
        import cppjit
    
        std = cppjit.gbl.std
    
        for mtype in (std.map, std.unordered_map):
>           m = mtype[str, int]({"1": 1, "2": 2})
                ^^^^^^^^^^^^^^^^^^^^^^^^^^^^^^^^^
E           TypeError: Template method resolution failed:
E             none of the 9 overloaded methods succeeded. Full details:
E             map<std::basic_string<char, std::char_traits<char>, std::allocator<char>>, int, std::less<std::basic_string<char, std::char_traits<char>, std::allocator<char>>>, std::allocator<std::pair<const std::basic_string<char, std::char_traits<char>, std::allocator<char>>, int>>>::map<std::basic_string<char, std::char_traits<char>, std::allocator<char>>, int, std::less<std::basic_string<char, std::char_traits<char>, std::allocator<char>>>, std::allocator<std::pair<const std::basic_string<char, std::char_traits<char>, std::allocator<char>>, int>>>(std::initializer_list<std::map<std::basic_string<char, std::char_traits<char>, std::allocator<char>>, int, std::less<std::basic_string<char, std::char_traits<char>, std::allocator<char>>>, std::allocator<std::pair<const std::basic_string<char, std::char_traits<char>, std::allocator<char>>, int>>>::value_type> __l, const std::map<std::basic_string<char>, int>::allocator_type & __a) =>
E               TypeError: takes at least 2 arguments (0 given)
E             map<std::basic_string<char, std::char_traits<char>, std::allocator<char>>, int, std::less<std::basic_string<char, std::char_traits<char>, std::allocator<char>>>, std::allocator<std::pair<const std::basic_string<char, std::char_traits<char>, std::allocator<char>>, int>>>::map<std::basic_string<char, std::char_traits<char>, std::allocator<char>>, int, std::less<std::basic_string<char, std::char_traits<char>, std::allocator<char>>>, std::allocator<std::pair<const std::basic_string<char, std::char_traits<char>, std::allocator<char>>, int>>>(std::initializer_list<std::map<std::basic_string<char, std::char_traits<char>, std::allocator<char>>, int, std::less<std::basic_string<char, std::char_traits<char>, std::allocator<char>>>, std::allocator<std::pair<const std::basic_string<char, std::char_traits<char>, std::allocator<char>>, int>>>::value_type> __l, const std::less<std::basic_string<char>> & __comp = _Compare(), const std::map<std::basic_string<char>, int>::allocator_type & __a = allocator_type()) =>
E               TypeError: takes at least 1 arguments (0 given)
E             map<std::basic_string<char, std::char_traits<char>, std::allocator<char>>, int, std::less<std::basic_string<char, std::char_traits<char>, std::allocator<char>>>, std::allocator<std::pair<const std::basic_string<char, std::char_traits<char>, std::allocator<char>>, int>>>::map<std::basic_string<char, std::char_traits<char>, std::allocator<char>>, int, std::less<std::basic_string<char, std::char_traits<char>, std::allocator<char>>>, std::allocator<std::pair<const std::basic_string<char, std::char_traits<char>, std::allocator<char>>, int>>>(std::map<std::basic_string<char>, int> && __m, const std::__type_identity_t<std::map<std::basic_string<char, std::char_traits<char>, std::allocator<char>>, int, std::less<std::basic_string<char, std::char_traits<char>, std::allocator<char>>>, std::allocator<std::pair<const std::basic_string<char, std::char_traits<char>, std::allocator<char>>, int>>>::allocator_type> & __a) =>
E               TypeError: takes at least 2 arguments (0 given)
E             map<std::basic_string<char, std::char_traits<char>, std::allocator<char>>, int, std::less<std::basic_string<char, std::char_traits<char>, std::allocator<char>>>, std::allocator<std::pair<const std::basic_string<char, std::char_traits<char>, std::allocator<char>>, int>>>::map<std::basic_string<char, std::char_traits<char>, std::allocator<char>>, int, std::less<std::basic_string<char, std::char_traits<char>, std::allocator<char>>>, std::allocator<std::pair<const std::basic_string<char, std::char_traits<char>, std::allocator<char>>, int>>>(std::map<std::basic_string<char>, int> &&) =>
E               TypeError: takes at least 1 arguments (0 given)
E             map<std::basic_string<char, std::char_traits<char>, std::allocator<char>>, int, std::less<std::basic_string<char, std::char_traits<char>, std::allocator<char>>>, std::allocator<std::pair<const std::basic_string<char, std::char_traits<char>, std::allocator<char>>, int>>>::map<std::basic_string<char, std::char_traits<char>, std::allocator<char>>, int, std::less<std::basic_string<char, std::char_traits<char>, std::allocator<char>>>, std::allocator<std::pair<const std::basic_string<char, std::char_traits<char>, std::allocator<char>>, int>>>(const std::less<std::basic_string<char>> & __comp, const std::map<std::basic_string<char>, int>::allocator_type & __a = allocator_type()) =>
E               TypeError: takes at least 1 arguments (0 given)
E             map<std::basic_string<char, std::char_traits<char>, std::allocator<char>>, int, std::less<std::basic_string<char, std::char_traits<char>, std::allocator<char>>>, std::allocator<std::pair<const std::basic_string<char, std::char_traits<char>, std::allocator<char>>, int>>>::map<std::basic_string<char, std::char_traits<char>, std::allocator<char>>, int, std::less<std::basic_string<char, std::char_traits<char>, std::allocator<char>>>, std::allocator<std::pair<const std::basic_string<char, std::char_traits<char>, std::allocator<char>>, int>>>(const std::map<std::basic_string<char>, int>::allocator_type & __a) =>
E               TypeError: takes at least 1 arguments (0 given)
E             map<std::basic_string<char, std::char_traits<char>, std::allocator<char>>, int, std::less<std::basic_string<char, std::char_traits<char>, std::allocator<char>>>, std::allocator<std::pair<const std::basic_string<char, std::char_traits<char>, std::allocator<char>>, int>>>::map<std::basic_string<char, std::char_traits<char>, std::allocator<char>>, int, std::less<std::basic_string<char, std::char_traits<char>, std::allocator<char>>>, std::allocator<std::pair<const std::basic_string<char, std::char_traits<char>, std::allocator<char>>, int>>>(const std::map<std::basic_string<char>, int> & __m, const std::__type_identity_t<std::map<std::basic_string<char, std::char_traits<char>, std::allocator<char>>, int, std::less<std::basic_string<char, std::char_traits<char>, std::allocator<char>>>, std::allocator<std::pair<const std::basic_string<char, std::char_traits<char>, std::allocator<char>>, int>>>::allocator_type> & __a) =>
E               TypeError: takes at least 2 arguments (0 given)
E             std::map<std::basic_string<char>, int> constructor failed
E             map<std::basic_string<char, std::char_traits<char>, std::allocator<char>>, int, std::less<std::basic_string<char, std::char_traits<char>, std::allocator<char>>>, std::allocator<std::pair<const std::basic_string<char, std::char_traits<char>, std::allocator<char>>, int>>>::map<std::basic_string<char, std::char_traits<char>, std::allocator<char>>, int, std::less<std::basic_string<char, std::char_traits<char>, std::allocator<char>>>, std::allocator<std::pair<const std::basic_string<char, std::char_traits<char>, std::allocator<char>>, int>>>(const std::map<std::basic_string<char>, int> &) =>
E               TypeError: takes at least 1 arguments (0 given)
E             none of the 2 overloaded methods succeeded. Full details:
E             std::map<std::basic_string<char>, int> constructor failed
E             std::map<std::basic_string<char>, int> constructor failed

test_stltypes.py:1475: TypeError
----------------------------- Captured stderr call -----------------------------
JIT session error: Failed to materialize symbols: { (main, { _ZNSt3mapINSt7__cxx1112basic_stringIcSt11char_traitsIcESaIcEEEiSt4lessIS5_ESaISt4pairIKS5_iEEEC2Ev }) }
TClingCallFunc::make_wrapper:Failed to compile
==== SOURCE BEGIN ====
#pragma clang diagnostic push
#pragma clang diagnostic ignored "-Wformat-security"
__attribute__((used)) __attribute__((annotate("__cling__ptrcheck(off)")))
extern "C" void __jc_668(void* ret, unsigned long nary, unsigned long nargs, void** args, void* is_arena)
{
   if (nary > 1) {
   (*(std::map<std::basic_string<char, std::char_traits<char>, std::allocator<char>>, int, std::less<std::basic_string<char, std::char_traits<char>, std::allocator<char>>>, std::allocator<std::pair<const std::basic_string<char, std::char_traits<char>, std::allocator<char>>, int>>>**)ret) = (is_arena) ? ::new (*(std::map<std::basic_string<char, std::char_traits<char>, std::allocator<char>>, int, std::less<std::basic_string<char, std::char_traits<char>, std::allocator<char>>>, std::allocator<std::pair<const std::basic_string<char, std::char_traits<char>, std::allocator<char>>, int>>>**)ret) std::map<std::basic_string<char, std::char_traits<char>, std::allocator<char>>, int, std::less<std::basic_string<char, std::char_traits<char>, std::allocator<char>>>, std::allocator<std::pair<const std::basic_string<char, std::char_traits<char>, std::allocator<char>>, int>>>[nary]: new std::map<std::basic_string<char, std::char_traits<char>, std::allocator<char>>, int, std::less<std::basic_string<char, std::char_traits<char>, std::allocator<char>>>, std::allocator<std::pair<const std::basic_string<char, std::char_traits<char>, std::allocator<char>>, int>>>[nary];
   }
else {
   (*(std::map<std::basic_string<char, std::char_traits<char>, std::allocator<char>>, int, std::less<std::basic_string<char, std::char_traits<char>, std::allocator<char>>>, std::allocator<std::pair<const std::basic_string<char, std::char_traits<char>, std::allocator<char>>, int>>>**)ret) = (is_arena) ? ::new (*(std::map<std::basic_string<char, std::char_traits<char>, std::allocator<char>>, int, std::less<std::basic_string<char, std::char_traits<char>, std::allocator<char>>>, std::allocator<std::pair<const std::basic_string<char, std::char_traits<char>, std::allocator<char>>, int>>>**)ret) std::map<std::basic_string<char, std::char_traits<char>, std::allocator<char>>, int, std::less<std::basic_string<char, std::char_traits<char>, std::allocator<char>>>, std::allocator<std::pair<const std::basic_string<char, std::char_traits<char>, std::allocator<char>>, int>>>(): new std::map<std::basic_string<char, std::char_traits<char>, std::allocator<char>>, int, std::less<std::basic_string<char, std::char_traits<char>, std::allocator<char>>>, std::allocator<std::pair<const std::basic_string<char, std::char_traits<char>, std::allocator<char>>, int>>>();
}
}
#pragma clang diagnostic pop
==== SOURCE END ====
JIT session error: Failed to materialize symbols: { (main, { _ZNSt3mapINSt7__cxx1112basic_stringIcSt11char_traitsIcESaIcEEEiSt4lessIS5_ESaISt4pairIKS5_iEEEC2Ev }) }
TClingCallFunc::make_wrapper:Failed to compile
==== SOURCE BEGIN ====
#pragma clang diagnostic push
#pragma clang diagnostic ignored "-Wformat-security"
__attribute__((used)) __attribute__((annotate("__cling__ptrcheck(off)")))
extern "C" void __jc_669(void* ret, unsigned long nary, unsigned long nargs, void** args, void* is_arena)
{
   if (nary > 1) {
   (*(std::map<std::basic_string<char, std::char_traits<char>, std::allocator<char>>, int, std::less<std::basic_string<char, std::char_traits<char>, std::allocator<char>>>, std::allocator<std::pair<const std::basic_string<char, std::char_traits<char>, std::allocator<char>>, int>>>**)ret) = (is_arena) ? ::new (*(std::map<std::basic_string<char, std::char_traits<char>, std::allocator<char>>, int, std::less<std::basic_string<char, std::char_traits<char>, std::allocator<char>>>, std::allocator<std::pair<const std::basic_string<char, std::char_traits<char>, std::allocator<char>>, int>>>**)ret) std::map<std::basic_string<char, std::char_traits<char>, std::allocator<char>>, int, std::less<std::basic_string<char, std::char_traits<char>, std::allocator<char>>>, std::allocator<std::pair<const std::basic_string<char, std::char_traits<char>, std::allocator<char>>, int>>>[nary]: new std::map<std::basic_string<char, std::char_traits<char>, std::allocator<char>>, int, std::less<std::basic_string<char, std::char_traits<char>, std::allocator<char>>>, std::allocator<std::pair<const std::basic_string<char, std::char_traits<char>, std::allocator<char>>, int>>>[nary];
   }
else {
   (*(std::map<std::basic_string<char, std::char_traits<char>, std::allocator<char>>, int, std::less<std::basic_string<char, std::char_traits<char>, std::allocator<char>>>, std::allocator<std::pair<const std::basic_string<char, std::char_traits<char>, std::allocator<char>>, int>>>**)ret) = (is_arena) ? ::new (*(std::map<std::basic_string<char, std::char_traits<char>, std::allocator<char>>, int, std::less<std::basic_string<char, std::char_traits<char>, std::allocator<char>>>, std::allocator<std::pair<const std::basic_string<char, std::char_traits<char>, std::allocator<char>>, int>>>**)ret) std::map<std::basic_string<char, std::char_traits<char>, std::allocator<char>>, int, std::less<std::basic_string<char, std::char_traits<char>, std::allocator<char>>>, std::allocator<std::pair<const std::basic_string<char, std::char_traits<char>, std::allocator<char>>, int>>>(): new std::map<std::basic_string<char, std::char_traits<char>, std::allocator<char>>, int, std::less<std::basic_string<char, std::char_traits<char>, std::allocator<char>>>, std::allocator<std::pair<const std::basic_string<char, std::char_traits<char>, std::allocator<char>>, int>>>();
}
}
#pragma clang diagnostic pop
==== SOURCE END ====
JIT session error: Failed to materialize symbols: { (main, { _ZNSt3mapINSt7__cxx1112basic_stringIcSt11char_traitsIcESaIcEEEiSt4lessIS5_ESaISt4pairIKS5_iEEEC2Ev }) }
TClingCallFunc::make_wrapper:Failed to compile
==== SOURCE BEGIN ====
#pragma clang diagnostic push
#pragma clang diagnostic ignored "-Wformat-security"
__attribute__((used)) __attribute__((annotate("__cling__ptrcheck(off)")))
extern "C" void __jc_670(void* ret, unsigned long nary, unsigned long nargs, void** args, void* is_arena)
{
   if (nary > 1) {
   (*(std::map<std::basic_string<char, std::char_traits<char>, std::allocator<char>>, int, std::less<std::basic_string<char, std::char_traits<char>, std::allocator<char>>>, std::allocator<std::pair<const std::basic_string<char, std::char_traits<char>, std::allocator<char>>, int>>>**)ret) = (is_arena) ? ::new (*(std::map<std::basic_string<char, std::char_traits<char>, std::allocator<char>>, int, std::less<std::basic_string<char, std::char_traits<char>, std::allocator<char>>>, std::allocator<std::pair<const std::basic_string<char, std::char_traits<char>, std::allocator<char>>, int>>>**)ret) std::map<std::basic_string<char, std::char_traits<char>, std::allocator<char>>, int, std::less<std::basic_string<char, std::char_traits<char>, std::allocator<char>>>, std::allocator<std::pair<const std::basic_string<char, std::char_traits<char>, std::allocator<char>>, int>>>[nary]: new std::map<std::basic_string<char, std::char_traits<char>, std::allocator<char>>, int, std::less<std::basic_string<char, std::char_traits<char>, std::allocator<char>>>, std::allocator<std::pair<const std::basic_string<char, std::char_traits<char>, std::allocator<char>>, int>>>[nary];
   }
else {
   (*(std::map<std::basic_string<char, std::char_traits<char>, std::allocator<char>>, int, std::less<std::basic_string<char, std::char_traits<char>, std::allocator<char>>>, std::allocator<std::pair<const std::basic_string<char, std::char_traits<char>, std::allocator<char>>, int>>>**)ret) = (is_arena) ? ::new (*(std::map<std::basic_string<char, std::char_traits<char>, std::allocator<char>>, int, std::less<std::basic_string<char, std::char_traits<char>, std::allocator<char>>>, std::allocator<std::pair<const std::basic_string<char, std::char_traits<char>, std::allocator<char>>, int>>>**)ret) std::map<std::basic_string<char, std::char_traits<char>, std::allocator<char>>, int, std::less<std::basic_string<char, std::char_traits<char>, std::allocator<char>>>, std::allocator<std::pair<const std::basic_string<char, std::char_traits<char>, std::allocator<char>>, int>>>(): new std::map<std::basic_string<char, std::char_traits<char>, std::allocator<char>>, int, std::less<std::basic_string<char, std::char_traits<char>, std::allocator<char>>>, std::allocator<std::pair<const std::basic_string<char, std::char_traits<char>, std::allocator<char>>, int>>>();
}
}
#pragma clang diagnostic pop
==== SOURCE END ====
______________________ TestSTLMAP.test07_map_cpp17_style _______________________

self = <test_stltypes.TestSTLMAP object at 0x70acc225abe0>

    @mark.xfail(condition=IS_MAC, reason="Fails on OS X")
    def test07_map_cpp17_style(self):
        """C++17 style initialization of std::map"""
    
        if ispypy:
            skip("emulated class crash")
    
        import cppjit
    
        std = cppjit.gbl.std
    
        for mtype in (std.map, std.unordered_map):
>           m = mtype({"1": 2, "2": 1})
                ^^^^^^^^^^^^^^^^^^^^^^^

test_stltypes.py:1495: 
_ _ _ _ _ _ _ _ _ _ _ _ _ _ _ _ _ _ _ _ _ _ _ _ _ _ _ _ _ _ _ _ _ _ _ _ _ _ _ _ 

self = <cppjit.Template 'std::map' object at 0x70acb287ef30>
args = ({'1': 2, '2': 1},)

    def __call__(self, *args):
        # for C++17, we're required to derive the type when using initializer syntax
        # (i.e. a tuple or list); not sure how to do that in general, but below the
        # most common cases are covered
        if args:
            args0 = args[0]
            if args0 and isinstance(args0, (tuple, list)):
                t = type(args0[0])
                if t is float:
                    t = "double"
    
                if self.__name__ in self.stl_sequence_types:
                    return self[t](*args)
                if self.__name__ in self.stl_fixed_size_types:
                    return self[t, len(args0)](*args)
                if self.__name__ in self.stl_unrolled_types:
                    return self[tuple(type(a) for a in args0)](*args0)
    
            if args0 and isinstance(args0, dict):
                if self.__name__ in self.stl_mapping_types:
                    try:
                        pair = args0.items().__iter__().__next__()
                    except AttributeError:
                        pair = args0.items()[0]
                    t1 = type(pair[0])
                    if t1 is float:
                        t1 = "double"
                    t2 = type(pair[1])
                    if t2 is float:
                        t2 = "double"
>                   return self[t1, t2](*args)
                           ^^^^^^^^^^^^^^^^^^^
E                   TypeError: Template method resolution failed:
E                     none of the 9 overloaded methods succeeded. Full details:
E                     map<std::basic_string<char, std::char_traits<char>, std::allocator<char>>, int, std::less<std::basic_string<char, std::char_traits<char>, std::allocator<char>>>, std::allocator<std::pair<const std::basic_string<char, std::char_traits<char>, std::allocator<char>>, int>>>::map<std::basic_string<char, std::char_traits<char>, std::allocator<char>>, int, std::less<std::basic_string<char, std::char_traits<char>, std::allocator<char>>>, std::allocator<std::pair<const std::basic_string<char, std::char_traits<char>, std::allocator<char>>, int>>>(std::initializer_list<std::map<std::basic_string<char, std::char_traits<char>, std::allocator<char>>, int, std::less<std::basic_string<char, std::char_traits<char>, std::allocator<char>>>, std::allocator<std::pair<const std::basic_string<char, std::char_traits<char>, std::allocator<char>>, int>>>::value_type> __l, const std::map<std::basic_string<char>, int>::allocator_type & __a) =>
E                       TypeError: takes at least 2 arguments (0 given)
E                     map<std::basic_string<char, std::char_traits<char>, std::allocator<char>>, int, std::less<std::basic_string<char, std::char_traits<char>, std::allocator<char>>>, std::allocator<std::pair<const std::basic_string<char, std::char_traits<char>, std::allocator<char>>, int>>>::map<std::basic_string<char, std::char_traits<char>, std::allocator<char>>, int, std::less<std::basic_string<char, std::char_traits<char>, std::allocator<char>>>, std::allocator<std::pair<const std::basic_string<char, std::char_traits<char>, std::allocator<char>>, int>>>(std::initializer_list<std::map<std::basic_string<char, std::char_traits<char>, std::allocator<char>>, int, std::less<std::basic_string<char, std::char_traits<char>, std::allocator<char>>>, std::allocator<std::pair<const std::basic_string<char, std::char_traits<char>, std::allocator<char>>, int>>>::value_type> __l, const std::less<std::basic_string<char>> & __comp = _Compare(), const std::map<std::basic_string<char>, int>::allocator_type & __a = allocator_type()) =>
E                       TypeError: takes at least 1 arguments (0 given)
E                     map<std::basic_string<char, std::char_traits<char>, std::allocator<char>>, int, std::less<std::basic_string<char, std::char_traits<char>, std::allocator<char>>>, std::allocator<std::pair<const std::basic_string<char, std::char_traits<char>, std::allocator<char>>, int>>>::map<std::basic_string<char, std::char_traits<char>, std::allocator<char>>, int, std::less<std::basic_string<char, std::char_traits<char>, std::allocator<char>>>, std::allocator<std::pair<const std::basic_string<char, std::char_traits<char>, std::allocator<char>>, int>>>(std::map<std::basic_string<char>, int> && __m, const std::__type_identity_t<std::map<std::basic_string<char, std::char_traits<char>, std::allocator<char>>, int, std::less<std::basic_string<char, std::char_traits<char>, std::allocator<char>>>, std::allocator<std::pair<const std::basic_string<char, std::char_traits<char>, std::allocator<char>>, int>>>::allocator_type> & __a) =>
E                       TypeError: takes at least 2 arguments (0 given)
E                     map<std::basic_string<char, std::char_traits<char>, std::allocator<char>>, int, std::less<std::basic_string<char, std::char_traits<char>, std::allocator<char>>>, std::allocator<std::pair<const std::basic_string<char, std::char_traits<char>, std::allocator<char>>, int>>>::map<std::basic_string<char, std::char_traits<char>, std::allocator<char>>, int, std::less<std::basic_string<char, std::char_traits<char>, std::allocator<char>>>, std::allocator<std::pair<const std::basic_string<char, std::char_traits<char>, std::allocator<char>>, int>>>(std::map<std::basic_string<char>, int> &&) =>
E                       TypeError: takes at least 1 arguments (0 given)
E                     map<std::basic_string<char, std::char_traits<char>, std::allocator<char>>, int, std::less<std::basic_string<char, std::char_traits<char>, std::allocator<char>>>, std::allocator<std::pair<const std::basic_string<char, std::char_traits<char>, std::allocator<char>>, int>>>::map<std::basic_string<char, std::char_traits<char>, std::allocator<char>>, int, std::less<std::basic_string<char, std::char_traits<char>, std::allocator<char>>>, std::allocator<std::pair<const std::basic_string<char, std::char_traits<char>, std::allocator<char>>, int>>>(const std::less<std::basic_string<char>> & __comp, const std::map<std::basic_string<char>, int>::allocator_type & __a = allocator_type()) =>
E                       TypeError: takes at least 1 arguments (0 given)
E                     map<std::basic_string<char, std::char_traits<char>, std::allocator<char>>, int, std::less<std::basic_string<char, std::char_traits<char>, std::allocator<char>>>, std::allocator<std::pair<const std::basic_string<char, std::char_traits<char>, std::allocator<char>>, int>>>::map<std::basic_string<char, std::char_traits<char>, std::allocator<char>>, int, std::less<std::basic_string<char, std::char_traits<char>, std::allocator<char>>>, std::allocator<std::pair<const std::basic_string<char, std::char_traits<char>, std::allocator<char>>, int>>>(const std::map<std::basic_string<char>, int>::allocator_type & __a) =>
E                       TypeError: takes at least 1 arguments (0 given)
E                     map<std::basic_string<char, std::char_traits<char>, std::allocator<char>>, int, std::less<std::basic_string<char, std::char_traits<char>, std::allocator<char>>>, std::allocator<std::pair<const std::basic_string<char, std::char_traits<char>, std::allocator<char>>, int>>>::map<std::basic_string<char, std::char_traits<char>, std::allocator<char>>, int, std::less<std::basic_string<char, std::char_traits<char>, std::allocator<char>>>, std::allocator<std::pair<const std::basic_string<char, std::char_traits<char>, std::allocator<char>>, int>>>(const std::map<std::basic_string<char>, int> & __m, const std::__type_identity_t<std::map<std::basic_string<char, std::char_traits<char>, std::allocator<char>>, int, std::less<std::basic_string<char, std::char_traits<char>, std::allocator<char>>>, std::allocator<std::pair<const std::basic_string<char, std::char_traits<char>, std::allocator<char>>, int>>>::allocator_type> & __a) =>
E                       TypeError: takes at least 2 arguments (0 given)
E                     std::map<std::basic_string<char>, int> constructor failed
E                     map<std::basic_string<char, std::char_traits<char>, std::allocator<char>>, int, std::less<std::basic_string<char, std::char_traits<char>, std::allocator<char>>>, std::allocator<std::pair<const std::basic_string<char, std::char_traits<char>, std::allocator<char>>, int>>>::map<std::basic_string<char, std::char_traits<char>, std::allocator<char>>, int, std::less<std::basic_string<char, std::char_traits<char>, std::allocator<char>>>, std::allocator<std::pair<const std::basic_string<char, std::char_traits<char>, std::allocator<char>>, int>>>(const std::map<std::basic_string<char>, int> &) =>
E                       TypeError: takes at least 1 arguments (0 given)
E                     none of the 3 overloaded methods succeeded. Full details:
E                     std::map<std::basic_string<char>, int> constructor failed
E                     std::map<std::basic_string<char>, int> constructor failed
E                     std::map<std::basic_string<char>, int> constructor failed

/tmp/t/lib/python3.13/site-packages/cppjit/_cpython_cppjit.py:129: TypeError
----------------------------- Captured stderr call -----------------------------
JIT session error: Failed to materialize symbols: { (main, { _ZNSt3mapINSt7__cxx1112basic_stringIcSt11char_traitsIcESaIcEEEiSt4lessIS5_ESaISt4pairIKS5_iEEEC2Ev }) }
TClingCallFunc::make_wrapper:Failed to compile
==== SOURCE BEGIN ====
#pragma clang diagnostic push
#pragma clang diagnostic ignored "-Wformat-security"
__attribute__((used)) __attribute__((annotate("__cling__ptrcheck(off)")))
extern "C" void __jc_671(void* ret, unsigned long nary, unsigned long nargs, void** args, void* is_arena)
{
   if (nary > 1) {
   (*(std::map<std::basic_string<char, std::char_traits<char>, std::allocator<char>>, int, std::less<std::basic_string<char, std::char_traits<char>, std::allocator<char>>>, std::allocator<std::pair<const std::basic_string<char, std::char_traits<char>, std::allocator<char>>, int>>>**)ret) = (is_arena) ? ::new (*(std::map<std::basic_string<char, std::char_traits<char>, std::allocator<char>>, int, std::less<std::basic_string<char, std::char_traits<char>, std::allocator<char>>>, std::allocator<std::pair<const std::basic_string<char, std::char_traits<char>, std::allocator<char>>, int>>>**)ret) std::map<std::basic_string<char, std::char_traits<char>, std::allocator<char>>, int, std::less<std::basic_string<char, std::char_traits<char>, std::allocator<char>>>, std::allocator<std::pair<const std::basic_string<char, std::char_traits<char>, std::allocator<char>>, int>>>[nary]: new std::map<std::basic_string<char, std::char_traits<char>, std::allocator<char>>, int, std::less<std::basic_string<char, std::char_traits<char>, std::allocator<char>>>, std::allocator<std::pair<const std::basic_string<char, std::char_traits<char>, std::allocator<char>>, int>>>[nary];
   }
else {
   (*(std::map<std::basic_string<char, std::char_traits<char>, std::allocator<char>>, int, std::less<std::basic_string<char, std::char_traits<char>, std::allocator<char>>>, std::allocator<std::pair<const std::basic_string<char, std::char_traits<char>, std::allocator<char>>, int>>>**)ret) = (is_arena) ? ::new (*(std::map<std::basic_string<char, std::char_traits<char>, std::allocator<char>>, int, std::less<std::basic_string<char, std::char_traits<char>, std::allocator<char>>>, std::allocator<std::pair<const std::basic_string<char, std::char_traits<char>, std::allocator<char>>, int>>>**)ret) std::map<std::basic_string<char, std::char_traits<char>, std::allocator<char>>, int, std::less<std::basic_string<char, std::char_traits<char>, std::allocator<char>>>, std::allocator<std::pair<const std::basic_string<char, std::char_traits<char>, std::allocator<char>>, int>>>(): new std::map<std::basic_string<char, std::char_traits<char>, std::allocator<char>>, int, std::less<std::basic_string<char, std::char_traits<char>, std::allocator<char>>>, std::allocator<std::pair<const std::basic_string<char, std::char_traits<char>, std::allocator<char>>, int>>>();
}
}
#pragma clang diagnostic pop
==== SOURCE END ====
JIT session error: Failed to materialize symbols: { (main, { _ZNSt3mapINSt7__cxx1112basic_stringIcSt11char_traitsIcESaIcEEEiSt4lessIS5_ESaISt4pairIKS5_iEEEC2Ev }) }
TClingCallFunc::make_wrapper:Failed to compile
==== SOURCE BEGIN ====
#pragma clang diagnostic push
#pragma clang diagnostic ignored "-Wformat-security"
__attribute__((used)) __attribute__((annotate("__cling__ptrcheck(off)")))
extern "C" void __jc_672(void* ret, unsigned long nary, unsigned long nargs, void** args, void* is_arena)
{
   if (nary > 1) {
   (*(std::map<std::basic_string<char, std::char_traits<char>, std::allocator<char>>, int, std::less<std::basic_string<char, std::char_traits<char>, std::allocator<char>>>, std::allocator<std::pair<const std::basic_string<char, std::char_traits<char>, std::allocator<char>>, int>>>**)ret) = (is_arena) ? ::new (*(std::map<std::basic_string<char, std::char_traits<char>, std::allocator<char>>, int, std::less<std::basic_string<char, std::char_traits<char>, std::allocator<char>>>, std::allocator<std::pair<const std::basic_string<char, std::char_traits<char>, std::allocator<char>>, int>>>**)ret) std::map<std::basic_string<char, std::char_traits<char>, std::allocator<char>>, int, std::less<std::basic_string<char, std::char_traits<char>, std::allocator<char>>>, std::allocator<std::pair<const std::basic_string<char, std::char_traits<char>, std::allocator<char>>, int>>>[nary]: new std::map<std::basic_string<char, std::char_traits<char>, std::allocator<char>>, int, std::less<std::basic_string<char, std::char_traits<char>, std::allocator<char>>>, std::allocator<std::pair<const std::basic_string<char, std::char_traits<char>, std::allocator<char>>, int>>>[nary];
   }
else {
   (*(std::map<std::basic_string<char, std::char_traits<char>, std::allocator<char>>, int, std::less<std::basic_string<char, std::char_traits<char>, std::allocator<char>>>, std::allocator<std::pair<const std::basic_string<char, std::char_traits<char>, std::allocator<char>>, int>>>**)ret) = (is_arena) ? ::new (*(std::map<std::basic_string<char, std::char_traits<char>, std::allocator<char>>, int, std::less<std::basic_string<char, std::char_traits<char>, std::allocator<char>>>, std::allocator<std::pair<const std::basic_string<char, std::char_traits<char>, std::allocator<char>>, int>>>**)ret) std::map<std::basic_string<char, std::char_traits<char>, std::allocator<char>>, int, std::less<std::basic_string<char, std::char_traits<char>, std::allocator<char>>>, std::allocator<std::pair<const std::basic_string<char, std::char_traits<char>, std::allocator<char>>, int>>>(): new std::map<std::basic_string<char, std::char_traits<char>, std::allocator<char>>, int, std::less<std::basic_string<char, std::char_traits<char>, std::allocator<char>>>, std::allocator<std::pair<const std::basic_string<char, std::char_traits<char>, std::allocator<char>>, int>>>();
}
}
#pragma clang diagnostic pop
==== SOURCE END ====
JIT session error: Failed to materialize symbols: { (main, { _ZNSt3mapINSt7__cxx1112basic_stringIcSt11char_traitsIcESaIcEEEiSt4lessIS5_ESaISt4pairIKS5_iEEEC2Ev }) }
TClingCallFunc::make_wrapper:Failed to compile
==== SOURCE BEGIN ====
#pragma clang diagnostic push
#pragma clang diagnostic ignored "-Wformat-security"
__attribute__((used)) __attribute__((annotate("__cling__ptrcheck(off)")))
extern "C" void __jc_673(void* ret, unsigned long nary, unsigned long nargs, void** args, void* is_arena)
{
   if (nary > 1) {
   (*(std::map<std::basic_string<char, std::char_traits<char>, std::allocator<char>>, int, std::less<std::basic_string<char, std::char_traits<char>, std::allocator<char>>>, std::allocator<std::pair<const std::basic_string<char, std::char_traits<char>, std::allocator<char>>, int>>>**)ret) = (is_arena) ? ::new (*(std::map<std::basic_string<char, std::char_traits<char>, std::allocator<char>>, int, std::less<std::basic_string<char, std::char_traits<char>, std::allocator<char>>>, std::allocator<std::pair<const std::basic_string<char, std::char_traits<char>, std::allocator<char>>, int>>>**)ret) std::map<std::basic_string<char, std::char_traits<char>, std::allocator<char>>, int, std::less<std::basic_string<char, std::char_traits<char>, std::allocator<char>>>, std::allocator<std::pair<const std::basic_string<char, std::char_traits<char>, std::allocator<char>>, int>>>[nary]: new std::map<std::basic_string<char, std::char_traits<char>, std::allocator<char>>, int, std::less<std::basic_string<char, std::char_traits<char>, std::allocator<char>>>, std::allocator<std::pair<const std::basic_string<char, std::char_traits<char>, std::allocator<char>>, int>>>[nary];
   }
else {
   (*(std::map<std::basic_string<char, std::char_traits<char>, std::allocator<char>>, int, std::less<std::basic_string<char, std::char_traits<char>, std::allocator<char>>>, std::allocator<std::pair<const std::basic_string<char, std::char_traits<char>, std::allocator<char>>, int>>>**)ret) = (is_arena) ? ::new (*(std::map<std::basic_string<char, std::char_traits<char>, std::allocator<char>>, int, std::less<std::basic_string<char, std::char_traits<char>, std::allocator<char>>>, std::allocator<std::pair<const std::basic_string<char, std::char_traits<char>, std::allocator<char>>, int>>>**)ret) std::map<std::basic_string<char, std::char_traits<char>, std::allocator<char>>, int, std::less<std::basic_string<char, std::char_traits<char>, std::allocator<char>>>, std::allocator<std::pair<const std::basic_string<char, std::char_traits<char>, std::allocator<char>>, int>>>(): new std::map<std::basic_string<char, std::char_traits<char>, std::allocator<char>>, int, std::less<std::basic_string<char, std::char_traits<char>, std::allocator<char>>>, std::allocator<std::pair<const std::basic_string<char, std::char_traits<char>, std::allocator<char>>, int>>>();
}
}
#pragma clang diagnostic pop
==== SOURCE END ====
JIT session error: Failed to materialize symbols: { (main, { _ZNSt3mapINSt7__cxx1112basic_stringIcSt11char_traitsIcESaIcEEEiSt4lessIS5_ESaISt4pairIKS5_iEEEC2Ev }) }
TClingCallFunc::make_wrapper:Failed to compile
==== SOURCE BEGIN ====
#pragma clang diagnostic push
#pragma clang diagnostic ignored "-Wformat-security"
__attribute__((used)) __attribute__((annotate("__cling__ptrcheck(off)")))
extern "C" void __jc_674(void* ret, unsigned long nary, unsigned long nargs, void** args, void* is_arena)
{
   if (nary > 1) {
   (*(std::map<std::basic_string<char, std::char_traits<char>, std::allocator<char>>, int, std::less<std::basic_string<char, std::char_traits<char>, std::allocator<char>>>, std::allocator<std::pair<const std::basic_string<char, std::char_traits<char>, std::allocator<char>>, int>>>**)ret) = (is_arena) ? ::new (*(std::map<std::basic_string<char, std::char_traits<char>, std::allocator<char>>, int, std::less<std::basic_string<char, std::char_traits<char>, std::allocator<char>>>, std::allocator<std::pair<const std::basic_string<char, std::char_traits<char>, std::allocator<char>>, int>>>**)ret) std::map<std::basic_string<char, std::char_traits<char>, std::allocator<char>>, int, std::less<std::basic_string<char, std::char_traits<char>, std::allocator<char>>>, std::allocator<std::pair<const std::basic_string<char, std::char_traits<char>, std::allocator<char>>, int>>>[nary]: new std::map<std::basic_string<char, std::char_traits<char>, std::allocator<char>>, int, std::less<std::basic_string<char, std::char_traits<char>, std::allocator<char>>>, std::allocator<std::pair<const std::basic_string<char, std::char_traits<char>, std::allocator<char>>, int>>>[nary];
   }
else {
   (*(std::map<std::basic_string<char, std::char_traits<char>, std::allocator<char>>, int, std::less<std::basic_string<char, std::char_traits<char>, std::allocator<char>>>, std::allocator<std::pair<const std::basic_string<char, std::char_traits<char>, std::allocator<char>>, int>>>**)ret) = (is_arena) ? ::new (*(std::map<std::basic_string<char, std::char_traits<char>, std::allocator<char>>, int, std::less<std::basic_string<char, std::char_traits<char>, std::allocator<char>>>, std::allocator<std::pair<const std::basic_string<char, std::char_traits<char>, std::allocator<char>>, int>>>**)ret) std::map<std::basic_string<char, std::char_traits<char>, std::allocator<char>>, int, std::less<std::basic_string<char, std::char_traits<char>, std::allocator<char>>>, std::allocator<std::pair<const std::basic_string<char, std::char_traits<char>, std::allocator<char>>, int>>>(): new std::map<std::basic_string<char, std::char_traits<char>, std::allocator<char>>, int, std::less<std::basic_string<char, std::char_traits<char>, std::allocator<char>>>, std::allocator<std::pair<const std::basic_string<char, std::char_traits<char>, std::allocator<char>>, int>>>();
}
}
#pragma clang diagnostic pop
==== SOURCE END ====
____________________ TestSTLMAP.test08_map_derived_objects _____________________

self = <test_stltypes.TestSTLMAP object at 0x70acb3a79750>

    @mark.xfail(condition=IS_MAC, reason="Fails on OS X")
    def test08_map_derived_objects(self):
        """Enter derived objects through an initializer list"""
    
        import cppjit
    
        std = cppjit.gbl.std
    
        cppjit.cppdef("""\
        namespace MapInitializer {
        class Base {
        public:
            virtual ~Base() {}
        };
    
        class Derived : public Base { };
        } """)
    
        ns = cppjit.gbl.MapInitializer
    
        for mtype in (std.map, std.unordered_map):
            # dictionary style initializer; allow derived through assignment (this may slice
            # but that is the choice of the program; in this case it's fine as both are the
            # same size
>           m = mtype["std::string", ns.Base]({"aap": ns.Base(), "noot": ns.Base()})
                ^^^^^^^^^^^^^^^^^^^^^^^^^^^^^^^^^^^^^^^^^^^^^^^^^^^^^^^^^^^^^^^^^^^^
E           TypeError: Template method resolution failed:
E             none of the 9 overloaded methods succeeded. Full details:
E             map<std::basic_string<char, std::char_traits<char>, std::allocator<char>>, MapInitializer::Base, std::less<std::basic_string<char, std::char_traits<char>, std::allocator<char>>>, std::allocator<std::pair<const std::basic_string<char, std::char_traits<char>, std::allocator<char>>, MapInitializer::Base>>>::map<std::basic_string<char, std::char_traits<char>, std::allocator<char>>, MapInitializer::Base, std::less<std::basic_string<char, std::char_traits<char>, std::allocator<char>>>, std::allocator<std::pair<const std::basic_string<char, std::char_traits<char>, std::allocator<char>>, MapInitializer::Base>>>(std::initializer_list<std::map<std::basic_string<char, std::char_traits<char>, std::allocator<char>>, MapInitializer::Base, std::less<std::basic_string<char, std::char_traits<char>, std::allocator<char>>>, std::allocator<std::pair<const std::basic_string<char, std::char_traits<char>, std::allocator<char>>, MapInitializer::Base>>>::value_type> __l, const std::map<std::basic_string<char>, MapInitializer::Base>::allocator_type & __a) =>
E               TypeError: takes at least 2 arguments (0 given)
E             map<std::basic_string<char, std::char_traits<char>, std::allocator<char>>, MapInitializer::Base, std::less<std::basic_string<char, std::char_traits<char>, std::allocator<char>>>, std::allocator<std::pair<const std::basic_string<char, std::char_traits<char>, std::allocator<char>>, MapInitializer::Base>>>::map<std::basic_string<char, std::char_traits<char>, std::allocator<char>>, MapInitializer::Base, std::less<std::basic_string<char, std::char_traits<char>, std::allocator<char>>>, std::allocator<std::pair<const std::basic_string<char, std::char_traits<char>, std::allocator<char>>, MapInitializer::Base>>>(std::initializer_list<std::map<std::basic_string<char, std::char_traits<char>, std::allocator<char>>, MapInitializer::Base, std::less<std::basic_string<char, std::char_traits<char>, std::allocator<char>>>, std::allocator<std::pair<const std::basic_string<char, std::char_traits<char>, std::allocator<char>>, MapInitializer::Base>>>::value_type> __l, const std::less<std::basic_string<char>> & __comp = _Compare(), const std::map<std::basic_string<char>, MapInitializer::Base>::allocator_type & __a = allocator_type()) =>
E               TypeError: takes at least 1 arguments (0 given)
E             map<std::basic_string<char, std::char_traits<char>, std::allocator<char>>, MapInitializer::Base, std::less<std::basic_string<char, std::char_traits<char>, std::allocator<char>>>, std::allocator<std::pair<const std::basic_string<char, std::char_traits<char>, std::allocator<char>>, MapInitializer::Base>>>::map<std::basic_string<char, std::char_traits<char>, std::allocator<char>>, MapInitializer::Base, std::less<std::basic_string<char, std::char_traits<char>, std::allocator<char>>>, std::allocator<std::pair<const std::basic_string<char, std::char_traits<char>, std::allocator<char>>, MapInitializer::Base>>>(std::map<std::basic_string<char>, MapInitializer::Base> && __m, const std::__type_identity_t<std::map<std::basic_string<char, std::char_traits<char>, std::allocator<char>>, MapInitializer::Base, std::less<std::basic_string<char, std::char_traits<char>, std::allocator<char>>>, std::allocator<std::pair<const std::basic_string<char, std::char_traits<char>, std::allocator<char>>, MapInitializer::Base>>>::allocator_type> & __a) =>
E               TypeError: takes at least 2 arguments (0 given)
E             map<std::basic_string<char, std::char_traits<char>, std::allocator<char>>, MapInitializer::Base, std::less<std::basic_string<char, std::char_traits<char>, std::allocator<char>>>, std::allocator<std::pair<const std::basic_string<char, std::char_traits<char>, std::allocator<char>>, MapInitializer::Base>>>::map<std::basic_string<char, std::char_traits<char>, std::allocator<char>>, MapInitializer::Base, std::less<std::basic_string<char, std::char_traits<char>, std::allocator<char>>>, std::allocator<std::pair<const std::basic_string<char, std::char_traits<char>, std::allocator<char>>, MapInitializer::Base>>>(std::map<std::basic_string<char>, MapInitializer::Base> &&) =>
E               TypeError: takes at least 1 arguments (0 given)
E             map<std::basic_string<char, std::char_traits<char>, std::allocator<char>>, MapInitializer::Base, std::less<std::basic_string<char, std::char_traits<char>, std::allocator<char>>>, std::allocator<std::pair<const std::basic_string<char, std::char_traits<char>, std::allocator<char>>, MapInitializer::Base>>>::map<std::basic_string<char, std::char_traits<char>, std::allocator<char>>, MapInitializer::Base, std::less<std::basic_string<char, std::char_traits<char>, std::allocator<char>>>, std::allocator<std::pair<const std::basic_string<char, std::char_traits<char>, std::allocator<char>>, MapInitializer::Base>>>(const std::less<std::basic_string<char>> & __comp, const std::map<std::basic_string<char>, MapInitializer::Base>::allocator_type & __a = allocator_type()) =>
E               TypeError: takes at least 1 arguments (0 given)
E             map<std::basic_string<char, std::char_traits<char>, std::allocator<char>>, MapInitializer::Base, std::less<std::basic_string<char, std::char_traits<char>, std::allocator<char>>>, std::allocator<std::pair<const std::basic_string<char, std::char_traits<char>, std::allocator<char>>, MapInitializer::Base>>>::map<std::basic_string<char, std::char_traits<char>, std::allocator<char>>, MapInitializer::Base, std::less<std::basic_string<char, std::char_traits<char>, std::allocator<char>>>, std::allocator<std::pair<const std::basic_string<char, std::char_traits<char>, std::allocator<char>>, MapInitializer::Base>>>(const std::map<std::basic_string<char>, MapInitializer::Base>::allocator_type & __a) =>
E               TypeError: takes at least 1 arguments (0 given)
E             map<std::basic_string<char, std::char_traits<char>, std::allocator<char>>, MapInitializer::Base, std::less<std::basic_string<char, std::char_traits<char>, std::allocator<char>>>, std::allocator<std::pair<const std::basic_string<char, std::char_traits<char>, std::allocator<char>>, MapInitializer::Base>>>::map<std::basic_string<char, std::char_traits<char>, std::allocator<char>>, MapInitializer::Base, std::less<std::basic_string<char, std::char_traits<char>, std::allocator<char>>>, std::allocator<std::pair<const std::basic_string<char, std::char_traits<char>, std::allocator<char>>, MapInitializer::Base>>>(const std::map<std::basic_string<char>, MapInitializer::Base> & __m, const std::__type_identity_t<std::map<std::basic_string<char, std::char_traits<char>, std::allocator<char>>, MapInitializer::Base, std::less<std::basic_string<char, std::char_traits<char>, std::allocator<char>>>, std::allocator<std::pair<const std::basic_string<char, std::char_traits<char>, std::allocator<char>>, MapInitializer::Base>>>::allocator_type> & __a) =>
E               TypeError: takes at least 2 arguments (0 given)
E             std::map<std::basic_string<char>, MapInitializer::Base> constructor failed
E             map<std::basic_string<char, std::char_traits<char>, std::allocator<char>>, MapInitializer::Base, std::less<std::basic_string<char, std::char_traits<char>, std::allocator<char>>>, std::allocator<std::pair<const std::basic_string<char, std::char_traits<char>, std::allocator<char>>, MapInitializer::Base>>>::map<std::basic_string<char, std::char_traits<char>, std::allocator<char>>, MapInitializer::Base, std::less<std::basic_string<char, std::char_traits<char>, std::allocator<char>>>, std::allocator<std::pair<const std::basic_string<char, std::char_traits<char>, std::allocator<char>>, MapInitializer::Base>>>(const std::map<std::basic_string<char>, MapInitializer::Base> &) =>
E               TypeError: takes at least 1 arguments (0 given)
E             std::map<std::basic_string<char>, MapInitializer::Base> constructor failed

test_stltypes.py:1523: TypeError
----------------------------- Captured stderr call -----------------------------
JIT session error: Failed to materialize symbols: { (main, { _ZNSt20_Rb_tree_key_compareISt4lessINSt7__cxx1112basic_stringIcSt11char_traitsIcESaIcEEEEEC2Ev }) }
TClingCallFunc::make_wrapper:Failed to compile
==== SOURCE BEGIN ====
#pragma clang diagnostic push
#pragma clang diagnostic ignored "-Wformat-security"
__attribute__((used)) __attribute__((annotate("__cling__ptrcheck(off)")))
extern "C" void __jc_676(void* ret, unsigned long nary, unsigned long nargs, void** args, void* is_arena)
{
   if (nary > 1) {
   (*(std::map<std::basic_string<char, std::char_traits<char>, std::allocator<char>>, MapInitializer::Base, std::less<std::basic_string<char, std::char_traits<char>, std::allocator<char>>>, std::allocator<std::pair<const std::basic_string<char, std::char_traits<char>, std::allocator<char>>, MapInitializer::Base>>>**)ret) = (is_arena) ? ::new (*(std::map<std::basic_string<char, std::char_traits<char>, std::allocator<char>>, MapInitializer::Base, std::less<std::basic_string<char, std::char_traits<char>, std::allocator<char>>>, std::allocator<std::pair<const std::basic_string<char, std::char_traits<char>, std::allocator<char>>, MapInitializer::Base>>>**)ret) std::map<std::basic_string<char, std::char_traits<char>, std::allocator<char>>, MapInitializer::Base, std::less<std::basic_string<char, std::char_traits<char>, std::allocator<char>>>, std::allocator<std::pair<const std::basic_string<char, std::char_traits<char>, std::allocator<char>>, MapInitializer::Base>>>[nary]: new std::map<std::basic_string<char, std::char_traits<char>, std::allocator<char>>, MapInitializer::Base, std::less<std::basic_string<char, std::char_traits<char>, std::allocator<char>>>, std::allocator<std::pair<const std::basic_string<char, std::char_traits<char>, std::allocator<char>>, MapInitializer::Base>>>[nary];
   }
else {
   (*(std::map<std::basic_string<char, std::char_traits<char>, std::allocator<char>>, MapInitializer::Base, std::less<std::basic_string<char, std::char_traits<char>, std::allocator<char>>>, std::allocator<std::pair<const std::basic_string<char, std::char_traits<char>, std::allocator<char>>, MapInitializer::Base>>>**)ret) = (is_arena) ? ::new (*(std::map<std::basic_string<char, std::char_traits<char>, std::allocator<char>>, MapInitializer::Base, std::less<std::basic_string<char, std::char_traits<char>, std::allocator<char>>>, std::allocator<std::pair<const std::basic_string<char, std::char_traits<char>, std::allocator<char>>, MapInitializer::Base>>>**)ret) std::map<std::basic_string<char, std::char_traits<char>, std::allocator<char>>, MapInitializer::Base, std::less<std::basic_string<char, std::char_traits<char>, std::allocator<char>>>, std::allocator<std::pair<const std::basic_string<char, std::char_traits<char>, std::allocator<char>>, MapInitializer::Base>>>(): new std::map<std::basic_string<char, std::char_traits<char>, std::allocator<char>>, MapInitializer::Base, std::less<std::basic_string<char, std::char_traits<char>, std::allocator<char>>>, std::allocator<std::pair<const std::basic_string<char, std::char_traits<char>, std::allocator<char>>, MapInitializer::Base>>>();
}
}
#pragma clang diagnostic pop
==== SOURCE END ====
JIT session error: Failed to materialize symbols: { (main, { _ZNSt3mapINSt7__cxx1112basic_stringIcSt11char_traitsIcESaIcEEEN14MapInitializer4BaseESt4lessIS5_ESaISt4pairIKS5_S7_EEEC2Ev }) }
TClingCallFunc::make_wrapper:Failed to compile
==== SOURCE BEGIN ====
#pragma clang diagnostic push
#pragma clang diagnostic ignored "-Wformat-security"
__attribute__((used)) __attribute__((annotate("__cling__ptrcheck(off)")))
extern "C" void __jc_677(void* ret, unsigned long nary, unsigned long nargs, void** args, void* is_arena)
{
   if (nary > 1) {
   (*(std::map<std::basic_string<char, std::char_traits<char>, std::allocator<char>>, MapInitializer::Base, std::less<std::basic_string<char, std::char_traits<char>, std::allocator<char>>>, std::allocator<std::pair<const std::basic_string<char, std::char_traits<char>, std::allocator<char>>, MapInitializer::Base>>>**)ret) = (is_arena) ? ::new (*(std::map<std::basic_string<char, std::char_traits<char>, std::allocator<char>>, MapInitializer::Base, std::less<std::basic_string<char, std::char_traits<char>, std::allocator<char>>>, std::allocator<std::pair<const std::basic_string<char, std::char_traits<char>, std::allocator<char>>, MapInitializer::Base>>>**)ret) std::map<std::basic_string<char, std::char_traits<char>, std::allocator<char>>, MapInitializer::Base, std::less<std::basic_string<char, std::char_traits<char>, std::allocator<char>>>, std::allocator<std::pair<const std::basic_string<char, std::char_traits<char>, std::allocator<char>>, MapInitializer::Base>>>[nary]: new std::map<std::basic_string<char, std::char_traits<char>, std::allocator<char>>, MapInitializer::Base, std::less<std::basic_string<char, std::char_traits<char>, std::allocator<char>>>, std::allocator<std::pair<const std::basic_string<char, std::char_traits<char>, std::allocator<char>>, MapInitializer::Base>>>[nary];
   }
else {
   (*(std::map<std::basic_string<char, std::char_traits<char>, std::allocator<char>>, MapInitializer::Base, std::less<std::basic_string<char, std::char_traits<char>, std::allocator<char>>>, std::allocator<std::pair<const std::basic_string<char, std::char_traits<char>, std::allocator<char>>, MapInitializer::Base>>>**)ret) = (is_arena) ? ::new (*(std::map<std::basic_string<char, std::char_traits<char>, std::allocator<char>>, MapInitializer::Base, std::less<std::basic_string<char, std::char_traits<char>, std::allocator<char>>>, std::allocator<std::pair<const std::basic_string<char, std::char_traits<char>, std::allocator<char>>, MapInitializer::Base>>>**)ret) std::map<std::basic_string<char, std::char_traits<char>, std::allocator<char>>, MapInitializer::Base, std::less<std::basic_string<char, std::char_traits<char>, std::allocator<char>>>, std::allocator<std::pair<const std::basic_string<char, std::char_traits<char>, std::allocator<char>>, MapInitializer::Base>>>(): new std::map<std::basic_string<char, std::char_traits<char>, std::allocator<char>>, MapInitializer::Base, std::less<std::basic_string<char, std::char_traits<char>, std::allocator<char>>>, std::allocator<std::pair<const std::basic_string<char, std::char_traits<char>, std::allocator<char>>, MapInitializer::Base>>>();
}
}
#pragma clang diagnostic pop
==== SOURCE END ====
_______________ TestSTLITERATOR.test01_builtin_vector_iterators ________________

self = <test_stltypes.TestSTLITERATOR object at 0x70acb27cd1d0>

    def test01_builtin_vector_iterators(self):
        """Test iterator comparison with operator== reflected"""
    
        from cppjit.gbl import std
    
        v = std.vector(int)()
        v.resize(1)
    
        b1, e1 = v.begin(), v.end()
        b2, e2 = v.begin(), v.end()
    
        assert b1 == b2
        assert not b1 != b2
    
        assert e1 == e2
        assert not e1 != e2
    
>       assert not b1 == e1
E       assert not <cppjit.gbl._...x5f791f4fc280> == <cppjit.gbl._...x5f791de361c0>
E         
E         (pytest_assertion plugin: representation of details failed: /tmp/t/lib/python3.13/site-packages/_pytest/assertion/_guards.py:33: ReferenceError: int & __gnu_cxx::__normal_iterator<int *, std::vector<int>>::operator*() =>.
E          Probably an object has a faulty __repr__.)

test_stltypes.py:1574: AssertionError
----------------------------- Captured stderr call -----------------------------
JIT session error: In graph incr_module_2126-jitted-objectbuffer, section .eh_frame: relocation target 0x70acb471d0a0 (DW.ref.__gxx_personality_v0) is out of range of Delta32 fixup at address 0x70acb471d0a0 (<anonymous block> @ 0x70ac275b8180 + 0x13)
TClingCallFunc::make_wrapper:Failed to compile
==== SOURCE BEGIN ====
#pragma clang diagnostic push
#pragma clang diagnostic ignored "-Wformat-security"
__attribute__((used)) __attribute__((annotate("__cling__ptrcheck(off)")))
extern "C" void __jc_679(void* obj, unsigned long nargs, void** args, void* ret)
{
   ((std::vector<int, std::allocator<int>>*)obj)->std::vector<int, std::allocator<int>>::resize(*(unsigned long*)args[0]);
   return;
}
#pragma clang diagnostic pop
==== SOURCE END ====
________________ TestSTLITERATOR.test04_stllike_confusing_name _________________

self = <test_stltypes.TestSTLITERATOR object at 0x70acb2724050>

    def test04_stllike_confusing_name(self):
        """Having "iterator" in the container name used to fail"""
    
        import cppjit
    
        cppjit.cppdef("""\
        namespace ConstainerOfIterators {
        template<typename TI>
        class iterator_range {
        public:
            iterator_range(TI b, TI e) : m_begin(b), m_end(e) {}
    
            TI begin() const { return m_begin; }
            TI end() const { return m_end; }
    
        private:
            TI m_begin;
            TI m_end;
        };
    
        class iterator {
        public:
            iterator(const int* first) : current(first) {}
    
            bool operator==(const iterator& other) const { return current == other.current; }
            const int& operator*() { return *current; }
            iterator& operator++() { ++current; return *this; }
    
        private:
            const int* current;
        };
    
        class A {
        public:
            A() : fArray{1, 2, 3, 4} {}
    
            iterator_range<iterator> members() {
                return iterator_range<iterator>(&fArray[0], &fArray[3]+1);
            }
    
        private:
            std::array<int, 4> fArray;
        }; }""")
    
        ns = cppjit.gbl.ConstainerOfIterators
    
>       a = ns.A()
            ^^^^^^
E       TypeError: none of the 3 overloaded methods succeeded. Full details:
E         A::A(ConstainerOfIterators::A &&) =>
E           TypeError: takes at least 1 arguments (0 given)
E         ConstainerOfIterators::A constructor failed
E         A::A(const ConstainerOfIterators::A &) =>
E           TypeError: takes at least 1 arguments (0 given)

test_stltypes.py:1707: TypeError
----------------------------- Captured stderr call -----------------------------
JIT session error: In graph incr_module_2214-jitted-objectbuffer, section .eh_frame: relocation target 0x70acb471d0a0 (DW.ref.__gxx_personality_v0) is out of range of Delta32 fixup at address 0x70acb471d0a0 (<anonymous block> @ 0x70ac27542058 + 0x13)
TClingCallFunc::make_wrapper:Failed to compile
==== SOURCE BEGIN ====
#pragma clang diagnostic push
#pragma clang diagnostic ignored "-Wformat-security"
__attribute__((used)) __attribute__((annotate("__cling__ptrcheck(off)")))
extern "C" void __jc_739(void* ret, unsigned long nary, unsigned long nargs, void** args, void* is_arena)
{
   if (nary > 1) {
   (*(ConstainerOfIterators::A**)ret) = (is_arena) ? ::new (*(ConstainerOfIterators::A**)ret) ConstainerOfIterators::A[nary]: new ConstainerOfIterators::A[nary];
   }
else {
   (*(ConstainerOfIterators::A**)ret) = (is_arena) ? ::new (*(ConstainerOfIterators::A**)ret) ConstainerOfIterators::A(): new ConstainerOfIterators::A();
}
}
#pragma clang diagnostic pop
==== SOURCE END ====
______________________ TestSTLARRAY.test02_array_of_pods _______________________

self = <test_stltypes.TestSTLARRAY object at 0x70acb27cd590>

    def test02_array_of_pods(self):
        """Usage of std::array of PODs"""
    
        from cppjit import gbl
        from cppjit.gbl import std
    
>       a = std.array[gbl.ArrayTest.Point, 4]()
            ^^^^^^^^^^^^^^^^^^^^^^^^^^^^^^^^^^^
E       TypeError: none of the 3 overloaded methods succeeded. Full details:
E         array<ArrayTest::Point, 4UL>::array<ArrayTest::Point, 4UL>(std::array<ArrayTest::Point, 4> &&) =>
E           TypeError: takes at least 1 arguments (0 given)
E         std::array<ArrayTest::Point, 4> constructor failed
E         array<ArrayTest::Point, 4UL>::array<ArrayTest::Point, 4UL>(const std::array<ArrayTest::Point, 4> &) =>
E           TypeError: takes at least 1 arguments (0 given)

test_stltypes.py:1737: TypeError
----------------------------- Captured stderr call -----------------------------
JIT session error: In graph incr_module_2235-jitted-objectbuffer, section .eh_frame: relocation target 0x70acb471d0a0 (DW.ref.__gxx_personality_v0) is out of range of Delta32 fixup at address 0x70acb471d0a0 (<anonymous block> @ 0x70ac2753a07c + 0x13)
TClingCallFunc::make_wrapper:Failed to compile
==== SOURCE BEGIN ====
#pragma clang diagnostic push
#pragma clang diagnostic ignored "-Wformat-security"
__attribute__((used)) __attribute__((annotate("__cling__ptrcheck(off)")))
extern "C" void __jc_745(void* ret, unsigned long nary, unsigned long nargs, void** args, void* is_arena)
{
   if (nary > 1) {
   (*(std::array<ArrayTest::Point, 4>**)ret) = (is_arena) ? ::new (*(std::array<ArrayTest::Point, 4>**)ret) std::array<ArrayTest::Point, 4>[nary]: new std::array<ArrayTest::Point, 4>[nary];
   }
else {
   (*(std::array<ArrayTest::Point, 4>**)ret) = (is_arena) ? ::new (*(std::array<ArrayTest::Point, 4>**)ret) std::array<ArrayTest::Point, 4>(): new std::array<ArrayTest::Point, 4>();
}
}
#pragma clang diagnostic pop
==== SOURCE END ====
_________________ TestSTLARRAY.test03_array_of_pointer_to_pods _________________

self = <test_stltypes.TestSTLARRAY object at 0x70acb2724180>

    def test03_array_of_pointer_to_pods(self):
        """Usage of std::array of pointer to PODs"""
    
        from cppjit import gbl
        from cppjit.gbl import std
    
>       ll = [gbl.ArrayTest.Point() for i in range(4)]
              ^^^^^^^^^^^^^^^^^^^^^
E       TypeError: none of the 4 overloaded methods succeeded. Full details:
E         Point::Point(ArrayTest::Point &&) =>
E           TypeError: takes at least 1 arguments (0 given)
E         ArrayTest::Point constructor failed
E         Point::Point(int x, int y) =>
E           TypeError: takes at least 2 arguments (0 given)
E         Point::Point(const ArrayTest::Point &) =>
E           TypeError: takes at least 1 arguments (0 given)

test_stltypes.py:1764: TypeError
----------------------------- Captured stderr call -----------------------------
JIT session error: Failed to materialize symbols: { (main, { _ZN9ArrayTest5PointC2Ev }) }
TClingCallFunc::make_wrapper:Failed to compile
==== SOURCE BEGIN ====
#pragma clang diagnostic push
#pragma clang diagnostic ignored "-Wformat-security"
__attribute__((used)) __attribute__((annotate("__cling__ptrcheck(off)")))
extern "C" void __jc_746(void* ret, unsigned long nary, unsigned long nargs, void** args, void* is_arena)
{
   if (nary > 1) {
   (*(ArrayTest::Point**)ret) = (is_arena) ? ::new (*(ArrayTest::Point**)ret) ArrayTest::Point[nary]: new ArrayTest::Point[nary];
   }
else {
   (*(ArrayTest::Point**)ret) = (is_arena) ? ::new (*(ArrayTest::Point**)ret) ArrayTest::Point(): new ArrayTest::Point();
}
}
#pragma clang diagnostic pop
==== SOURCE END ====
_________ TestSTLARRAY.test05_array_of_chrono_types_should_be_iterable _________

self = <test_stltypes.TestSTLARRAY object at 0x70acb27130b0>

    def test05_array_of_chrono_types_should_be_iterable(self):
        import cppjit
    
>       cppjit.cppdef("""
        #include <chrono>
        using namespace std::chrono_literals;
        std::vector<std::chrono::nanoseconds>   vtimes  = {10ns, 500ns, 1us};
        std::array<std::chrono::nanoseconds, 3> atimes = {10ns, 500ns, 1us};
        """)

test_stltypes.py:1805: 
_ _ _ _ _ _ _ _ _ _ _ _ _ _ _ _ _ _ _ _ _ _ _ _ _ _ _ _ _ _ _ _ _ _ _ _ _ _ _ _ 

src = '\n        #include <chrono>\n        using namespace std::chrono_literals;\n        std::vector<std::chrono::nanoseco... vtimes  = {10ns, 500ns, 1us};\n        std::array<std::chrono::nanoseconds, 3> atimes = {10ns, 500ns, 1us};\n        '
verbose = True

    def cppdef(src, verbose=True):
        """Declare C++ source <src> to Cling."""
        with _stderr_capture() as err:
            errcode = gbl.Cpp.Declare(src, not verbose)
        if not errcode == 0 or err.err:
            if "warning" in err.err.lower() and "error" not in err.err.lower():
                warnings.warn(err.err, SyntaxWarning)
                return True
>           raise SyntaxError("Failed to parse the given C++ code%s" % err.err)
E           SyntaxError: Failed to parse the given C++ code

/tmp/t/lib/python3.13/site-packages/cppjit/__init__.py:229: SyntaxError
----------------------------- Captured stderr call -----------------------------
JIT session error: In graph incr_module_2240-jitted-objectbuffer, section .eh_frame: relocation target 0x70acb471d0a0 (DW.ref.__gxx_personality_v0) is out of range of Delta32 fixup at address 0x70acb471d0a0 (<anonymous block> @ 0x70ac27539350 + 0x13)
Failed to execute via ::process:Failed to materialize symbols: { (main, { _ZNSt12_Vector_baseINSt6chrono8durationIlSt5ratioILl1ELl1000000000EEEESaIS4_EE12_Vector_implD2Ev, _ZNSt6vectorINSt6chrono8durationIlSt5ratioILl1ELl1000000000EEEESaIS4_EEC2ESt16initializer_listIS4_ERKS5_, _ZNKSt16initializer_listINSt6chrono8durationIlSt5ratioILl1ELl1000000000EEEEE4sizeEv, _ZNSt12_Vector_baseINSt6chrono8durationIlSt5ratioILl1ELl1000000000EEEESaIS4_EE17_Vector_impl_dataC2Ev, _ZNSt6vectorINSt6chrono8durationIlSt5ratioILl1ELl1000000000EEEESaIS4_EE11_S_max_sizeERKS5_, vtimes, atimes, _ZNSt15__new_allocatorINSt6chrono8durationIlSt5ratioILl1ELl1000000000EEEEE8allocateEmPKv, _ZNSt12_Vector_baseINSt6chrono8durationIlSt5ratioILl1ELl1000000000EEEESaIS4_EE13_M_deallocateEPS4_m, _ZNSt12_Vector_baseINSt6chrono8durationIlSt5ratioILl1ELl1000000000EEEESaIS4_EE11_M_allocateEm, _ZNSt6vectorINSt6chrono8durationIlSt5ratioILl1ELl1000000000EEEESaIS4_EED2Ev, _ZNKSt16initializer_listINSt6chrono8durationIlSt5ratioILl1ELl1000000000EEEEE5beginEv, _ZNKSt16initializer_listINSt6chrono8durationIlSt5ratioILl1ELl1000000000EEEEE3endEv, _ZNSt15__new_allocatorINSt6chrono8durationIlSt5ratioILl1ELl1000000000EEEEE10deallocateEPS4_m, _ZNSt6vectorINSt6chrono8durationIlSt5ratioILl1ELl1000000000EEEESaIS4_EE21_M_range_initialize_nIPKS4_S9_EEvT_T0_m, _ZNSt12_Vector_baseINSt6chrono8durationIlSt5ratioILl1ELl1000000000EEEESaIS4_EE19_M_get_Tp_allocatorEv, _ZNSt15__new_allocatorINSt6chrono8durationIlSt5ratioILl1ELl1000000000EEEEED2Ev, _ZSt22__uninitialized_copy_aIPKNSt6chrono8durationIlSt5ratioILl1ELl1000000000EEEES6_PS4_S4_ET1_T_T0_S8_RSaIT2_E, __orc_init_func.incr_module_2240, _ZNSt12_Vector_baseINSt6chrono8durationIlSt5ratioILl1ELl1000000000EEEESaIS4_EEC2ERKS5_, _ZNSt6vectorINSt6chrono8durationIlSt5ratioILl1ELl1000000000EEEESaIS4_EE17_S_check_init_lenEmRKS5_, _ZNSt12_Vector_baseINSt6chrono8durationIlSt5ratioILl1ELl1000000000EEEESaIS4_EED2Ev, _ZNSt12_Vector_baseINSt6chrono8durationIlSt5ratioILl1ELl1000000000EEEESaIS4_EE12_Vector_implC2ERKS5_, _ZSt8_DestroyIPNSt6chrono8durationIlSt5ratioILl1ELl1000000000EEEEEvT_S6_, _ZSt18uninitialized_copyIPKNSt6chrono8durationIlSt5ratioILl1ELl1000000000EEEEPS4_ET0_T_S9_S8_, $.incr_module_2240.__inits.0 }) }
_______________ TestSTLSTRING_VIEW.test03_string_view_pythonize ________________

self = <test_stltypes.TestSTLSTRING_VIEW object at 0x70acb27243e0>

    @mark.xfail(condition=IS_MAC, run=False, reason="Crashes on OSX")
    def test03_string_view_pythonize(self):
        """Pythonization of std::string_view"""
    
        import cppjit
    
        cppjit.cppdef("""
        std::string_view s = "Hello, World!";
        """)
    
        from cppjit.gbl import s
    
        assert s == "Hello, World!"
        assert str(s) == "Hello, World!"
    
>       cppjit.cppdef(
            """
        bool is_equal_cpp = s == "Hello, World!";
        """
        )

test_stltypes.py:1895: 
_ _ _ _ _ _ _ _ _ _ _ _ _ _ _ _ _ _ _ _ _ _ _ _ _ _ _ _ _ _ _ _ _ _ _ _ _ _ _ _ 

src = '\n        bool is_equal_cpp = s == "Hello, World!";\n        '
verbose = True

    def cppdef(src, verbose=True):
        """Declare C++ source <src> to Cling."""
        with _stderr_capture() as err:
            errcode = gbl.Cpp.Declare(src, not verbose)
        if not errcode == 0 or err.err:
            if "warning" in err.err.lower() and "error" not in err.err.lower():
                warnings.warn(err.err, SyntaxWarning)
                return True
>           raise SyntaxError("Failed to parse the given C++ code%s" % err.err)
E           SyntaxError: Failed to parse the given C++ code

/tmp/t/lib/python3.13/site-packages/cppjit/__init__.py:229: SyntaxError
----------------------------- Captured stderr call -----------------------------
JIT session error: In graph incr_module_2254-jitted-objectbuffer, section .eh_frame: relocation target 0x70acb471d0a0 (DW.ref.__gxx_personality_v0) is out of range of Delta32 fixup at address 0x70acb471d0a0 (<anonymous block> @ 0x70ac27527104 + 0x13)
Failed to execute via ::process:Failed to materialize symbols: { (main, { _ZNSt17basic_string_viewIcSt11char_traitsIcEE10_S_compareEmm, _ZNKSt17basic_string_viewIcSt11char_traitsIcEE4sizeEv, _ZNSt17basic_string_viewIcSt11char_traitsIcEEC2EPKc, _ZNKSt17basic_string_viewIcSt11char_traitsIcEE7compareES2_, $.incr_module_2254.__inits.0, __orc_init_func.incr_module_2254, is_equal_cpp, _ZSteqIcSt11char_traitsIcEEbSt17basic_string_viewIT_T0_ENSt15__type_identityIS5_E4typeE }) }
_________________ TestSTLDEQUE.test01_deque_byvalue_regression _________________

self = <test_stltypes.TestSTLDEQUE object at 0x70acb27cd950>

    def test01_deque_byvalue_regression(self):
        """Return by value of a deque used to crash"""
    
        import cppjit
    
        assert cppjit.cppdef("""std::deque<long double> emptyf() {
            std::deque<long double> d; d.push_back(0); return d ; }""")
>       x = cppjit.gbl.emptyf()
            ^^^^^^^^^^^^^^^^^^^
E       ValueError: std::deque<long double> emptyf() =>
E           ValueError: nullptr result where temporary expected

test_stltypes.py:1921: ValueError
---------------------------- Captured stderr setup -----------------------------
Failed to execute via ::process:Failed to materialize symbols: { (main, { __orc_init_func.incr_module_2254 }) }
----------------------------- Captured stderr call -----------------------------
JIT session error: In graph incr_module_2256-jitted-objectbuffer, section .eh_frame: relocation target 0x70acb471d0a0 (DW.ref.__gxx_personality_v0) is out of range of Delta32 fixup at address 0x70acb471d0a0 (<anonymous block> @ 0x70ac27525774 + 0x13)
TClingCallFunc::make_wrapper:Failed to compile
==== SOURCE BEGIN ====
#pragma clang diagnostic push
#pragma clang diagnostic ignored "-Wformat-security"
__attribute__((used)) __attribute__((annotate("__cling__ptrcheck(off)")))
extern "C" void __jc_755(void* obj, unsigned long nargs, void** args, void* ret)
{
   if (ret) {
      ::new (ret) (std::deque<long double>) (((std::deque<long double> (&)())emptyf)());
      return;
   }
   else {
      (void)(((std::deque<long double> (&)())emptyf)());
      return;
   }
}
#pragma clang diagnostic pop
==== SOURCE END ====
____________________ TestSTLDEQUE.test02_deque_cpp17_style _____________________

self = <test_stltypes.TestSTLDEQUE object at 0x70acb27cda90>

    @mark.xfail(
        condition=IS_MAC and IS_CLING, run=False, reason="Crashes on OS X Cling"
    )
    def test02_deque_cpp17_style(self):
        """C++17 style initialization of std::deque"""
    
        import cppjit
    
        l = [1.0, 2.0, 3.0]
>       v = cppjit.gbl.std.deque(l)
            ^^^^^^^^^^^^^^^^^^^^^^^

test_stltypes.py:1934: 
_ _ _ _ _ _ _ _ _ _ _ _ _ _ _ _ _ _ _ _ _ _ _ _ _ _ _ _ _ _ _ _ _ _ _ _ _ _ _ _ 

self = <cppjit.Template 'std::deque' object at 0x70acb2815310>
args = ([1.0, 2.0, 3.0],)

    def __call__(self, *args):
        # for C++17, we're required to derive the type when using initializer syntax
        # (i.e. a tuple or list); not sure how to do that in general, but below the
        # most common cases are covered
        if args:
            args0 = args[0]
            if args0 and isinstance(args0, (tuple, list)):
                t = type(args0[0])
                if t is float:
                    t = "double"
    
                if self.__name__ in self.stl_sequence_types:
>                   return self[t](*args)
                           ^^^^^^^^^^^^^^
E                   TypeError: Template method resolution failed:
E                     none of the 9 overloaded methods succeeded. Full details:
E                     std::deque<double> constructor failed
E                     deque<double, std::allocator<double>>::deque<double, std::allocator<double>>(std::deque<double> && __x, const std::__type_identity_t<std::deque<double, std::allocator<double>>::allocator_type> & __a) =>
E                       TypeError: takes at least 2 arguments (1 given)
E                     deque<double, std::allocator<double>>::deque<double, std::allocator<double>>(std::deque<double> &&) =>
E                       TypeError: could not convert argument 1: [InstanceMoveConverter]
E                     deque<double, std::allocator<double>>::deque<double, std::allocator<double>>(const std::deque<double> & __x, const std::__type_identity_t<std::deque<double, std::allocator<double>>::allocator_type> & __a) =>
E                       TypeError: takes at least 2 arguments (1 given)
E                     deque<double, std::allocator<double>>::deque<double, std::allocator<double>>(const std::deque<double>::allocator_type & __a) =>
E                       TypeError: could not convert argument 1: [InstanceRefConverter]
E                     deque<double, std::allocator<double>>::deque<double, std::allocator<double>>(const std::deque<double> & __x) =>
E                       TypeError: could not convert argument 1: [InstanceRefConverter]
E                     deque<double, std::allocator<double>>::deque<double, std::allocator<double>>() =>
E                       TypeError: takes at most 0 arguments (1 given)
E                     deque<double, std::allocator<double>>::deque<double, std::allocator<double>>(std::deque::size_type __n, const std::deque<double>::allocator_type & __a = allocator_type()) =>
E                       TypeError: could not convert argument 1: [ULongConverter] (an integer is required)
E                     deque<double, std::allocator<double>>::deque<double, std::allocator<double>>(std::deque::size_type __n, const std::deque<double>::value_type & __value, const std::deque<double>::allocator_type & __a = allocator_type()) =>
E                       TypeError: takes at least 2 arguments (1 given)
E                     Failed to instantiate "deque(std::initializer_list<double>)"

/tmp/t/lib/python3.13/site-packages/cppjit/_cpython_cppjit.py:111: TypeError
----------------------------- Captured stderr call -----------------------------
JIT session error: Failed to materialize symbols: { (main, { _ZNKSt16initializer_listIdE5beginEv }) }
TClingCallFunc::make_wrapper:Failed to compile
==== SOURCE BEGIN ====
#pragma clang diagnostic push
#pragma clang diagnostic ignored "-Wformat-security"
__attribute__((used)) __attribute__((annotate("__cling__ptrcheck(off)")))
extern "C" void __jc_756(void* ret, unsigned long nary, unsigned long nargs, void** args, void* is_arena)
{
   if (nargs == 1) {
            (*(std::deque<double, std::allocator<double>>**)ret) = (is_arena) ? ::new (*(std::deque<double, std::allocator<double>>**)ret) std::deque<double, std::allocator<double>>(*(std::initializer_list<double>*)args[0]): new std::deque<double, std::allocator<double>>(*(std::initializer_list<double>*)args[0]);
      }
   if (nargs == 2) {
            (*(std::deque<double, std::allocator<double>>**)ret) = (is_arena) ? ::new (*(std::deque<double, std::allocator<double>>**)ret) std::deque<double, std::allocator<double>>(*(std::initializer_list<double>*)args[0], (const std::allocator<double>&)*(const std::allocator<double>*)args[1]): new std::deque<double, std::allocator<double>>(*(std::initializer_list<double>*)args[0], (const std::allocator<double>&)*(const std::allocator<double>*)args[1]);
      }
}
#pragma clang diagnostic pop
==== SOURCE END ====
_______________________ TestSTLSET.test01_set_iteration ________________________

self = <test_stltypes.TestSTLSET object at 0x70acb27cdbd0>

    def test01_set_iteration(self):
        """Iterate over a set"""
    
        import cppjit
    
>       s = cppjit.gbl.std.set[int]()
            ^^^^^^^^^^^^^^^^^^^^^^^^^
E       TypeError: Template method resolution failed:
E         none of the 9 overloaded methods succeeded. Full details:
E         set<int, std::less<int>, std::allocator<int>>::set<int, std::less<int>, std::allocator<int>>(std::initializer_list<std::set<int, std::less<int>, std::allocator<int>>::value_type> __l, const std::set<int>::allocator_type & __a) =>
E           TypeError: takes at least 2 arguments (0 given)
E         set<int, std::less<int>, std::allocator<int>>::set<int, std::less<int>, std::allocator<int>>(std::initializer_list<std::set<int, std::less<int>, std::allocator<int>>::value_type> __l, const std::less<int> & __comp = _Compare(), const std::set<int>::allocator_type & __a = allocator_type()) =>
E           TypeError: takes at least 1 arguments (0 given)
E         set<int, std::less<int>, std::allocator<int>>::set<int, std::less<int>, std::allocator<int>>(std::set<int> && __x, const std::__type_identity_t<std::set<int, std::less<int>, std::allocator<int>>::allocator_type> & __a) =>
E           TypeError: takes at least 2 arguments (0 given)
E         set<int, std::less<int>, std::allocator<int>>::set<int, std::less<int>, std::allocator<int>>(std::set<int> &&) =>
E           TypeError: takes at least 1 arguments (0 given)
E         set<int, std::less<int>, std::allocator<int>>::set<int, std::less<int>, std::allocator<int>>(const std::less<int> & __comp, const std::set<int>::allocator_type & __a = allocator_type()) =>
E           TypeError: takes at least 1 arguments (0 given)
E         set<int, std::less<int>, std::allocator<int>>::set<int, std::less<int>, std::allocator<int>>(const std::set<int>::allocator_type & __a) =>
E           TypeError: takes at least 1 arguments (0 given)
E         set<int, std::less<int>, std::allocator<int>>::set<int, std::less<int>, std::allocator<int>>(const std::set<int> & __x, const std::__type_identity_t<std::set<int, std::less<int>, std::allocator<int>>::allocator_type> & __a) =>
E           TypeError: takes at least 2 arguments (0 given)
E         std::set<int> constructor failed
E         set<int, std::less<int>, std::allocator<int>>::set<int, std::less<int>, std::allocator<int>>(const std::set<int> &) =>
E           TypeError: takes at least 1 arguments (0 given)
E         std::set<int> constructor failed

test_stltypes.py:1951: TypeError
----------------------------- Captured stderr call -----------------------------
JIT session error: Failed to materialize symbols: { (main, { _ZNSt20_Rb_tree_key_compareISt4lessIiEEC2Ev }) }
TClingCallFunc::make_wrapper:Failed to compile
==== SOURCE BEGIN ====
#pragma clang diagnostic push
#pragma clang diagnostic ignored "-Wformat-security"
__attribute__((used)) __attribute__((annotate("__cling__ptrcheck(off)")))
extern "C" void __jc_757(void* ret, unsigned long nary, unsigned long nargs, void** args, void* is_arena)
{
   if (nary > 1) {
   (*(std::set<int, std::less<int>, std::allocator<int>>**)ret) = (is_arena) ? ::new (*(std::set<int, std::less<int>, std::allocator<int>>**)ret) std::set<int, std::less<int>, std::allocator<int>>[nary]: new std::set<int, std::less<int>, std::allocator<int>>[nary];
   }
else {
   (*(std::set<int, std::less<int>, std::allocator<int>>**)ret) = (is_arena) ? ::new (*(std::set<int, std::less<int>, std::allocator<int>>**)ret) std::set<int, std::less<int>, std::allocator<int>>(): new std::set<int, std::less<int>, std::allocator<int>>();
}
}
#pragma clang diagnostic pop
==== SOURCE END ====
JIT session error: Failed to materialize symbols: { (main, { _ZNSt3setIiSt4lessIiESaIiEEC2Ev }) }
TClingCallFunc::make_wrapper:Failed to compile
==== SOURCE BEGIN ====
#pragma clang diagnostic push
#pragma clang diagnostic ignored "-Wformat-security"
__attribute__((used)) __attribute__((annotate("__cling__ptrcheck(off)")))
extern "C" void __jc_758(void* ret, unsigned long nary, unsigned long nargs, void** args, void* is_arena)
{
   if (nary > 1) {
   (*(std::set<int, std::less<int>, std::allocator<int>>**)ret) = (is_arena) ? ::new (*(std::set<int, std::less<int>, std::allocator<int>>**)ret) std::set<int, std::less<int>, std::allocator<int>>[nary]: new std::set<int, std::less<int>, std::allocator<int>>[nary];
   }
else {
   (*(std::set<int, std::less<int>, std::allocator<int>>**)ret) = (is_arena) ? ::new (*(std::set<int, std::less<int>, std::allocator<int>>**)ret) std::set<int, std::less<int>, std::allocator<int>>(): new std::set<int, std::less<int>, std::allocator<int>>();
}
}
#pragma clang diagnostic pop
==== SOURCE END ====
_______________________ TestSTLSET.test02_set_iterators ________________________

self = <test_stltypes.TestSTLSET object at 0x70acb27cdd10>

    def test02_set_iterators(self):
        """Access to set iterators and their comparisons"""
    
        import cppjit
    
        cppjit.include("iterator")
>       s = cppjit.gbl.std.set[int]()
            ^^^^^^^^^^^^^^^^^^^^^^^^^
E       TypeError: Template method resolution failed:
E         none of the 9 overloaded methods succeeded. Full details:
E         set<int, std::less<int>, std::allocator<int>>::set<int, std::less<int>, std::allocator<int>>(std::initializer_list<std::set<int, std::less<int>, std::allocator<int>>::value_type> __l, const std::set<int>::allocator_type & __a) =>
E           TypeError: takes at least 2 arguments (0 given)
E         set<int, std::less<int>, std::allocator<int>>::set<int, std::less<int>, std::allocator<int>>(std::initializer_list<std::set<int, std::less<int>, std::allocator<int>>::value_type> __l, const std::less<int> & __comp = _Compare(), const std::set<int>::allocator_type & __a = allocator_type()) =>
E           TypeError: takes at least 1 arguments (0 given)
E         set<int, std::less<int>, std::allocator<int>>::set<int, std::less<int>, std::allocator<int>>(std::set<int> && __x, const std::__type_identity_t<std::set<int, std::less<int>, std::allocator<int>>::allocator_type> & __a) =>
E           TypeError: takes at least 2 arguments (0 given)
E         set<int, std::less<int>, std::allocator<int>>::set<int, std::less<int>, std::allocator<int>>(std::set<int> &&) =>
E           TypeError: takes at least 1 arguments (0 given)
E         set<int, std::less<int>, std::allocator<int>>::set<int, std::less<int>, std::allocator<int>>(const std::less<int> & __comp, const std::set<int>::allocator_type & __a = allocator_type()) =>
E           TypeError: takes at least 1 arguments (0 given)
E         set<int, std::less<int>, std::allocator<int>>::set<int, std::less<int>, std::allocator<int>>(const std::set<int>::allocator_type & __a) =>
E           TypeError: takes at least 1 arguments (0 given)
E         set<int, std::less<int>, std::allocator<int>>::set<int, std::less<int>, std::allocator<int>>(const std::set<int> & __x, const std::__type_identity_t<std::set<int, std::less<int>, std::allocator<int>>::allocator_type> & __a) =>
E           TypeError: takes at least 2 arguments (0 given)
E         std::set<int> constructor failed
E         set<int, std::less<int>, std::allocator<int>>::set<int, std::less<int>, std::allocator<int>>(const std::set<int> &) =>
E           TypeError: takes at least 1 arguments (0 given)
E         none of the 2 overloaded methods succeeded. Full details:
E         std::set<int> constructor failed
E         std::set<int> constructor failed

test_stltypes.py:1969: TypeError
----------------------------- Captured stderr call -----------------------------
JIT session error: Failed to materialize symbols: { (main, { _ZNSt3setIiSt4lessIiESaIiEEC2Ev }) }
TClingCallFunc::make_wrapper:Failed to compile
==== SOURCE BEGIN ====
#pragma clang diagnostic push
#pragma clang diagnostic ignored "-Wformat-security"
__attribute__((used)) __attribute__((annotate("__cling__ptrcheck(off)")))
extern "C" void __jc_759(void* ret, unsigned long nary, unsigned long nargs, void** args, void* is_arena)
{
   if (nary > 1) {
   (*(std::set<int, std::less<int>, std::allocator<int>>**)ret) = (is_arena) ? ::new (*(std::set<int, std::less<int>, std::allocator<int>>**)ret) std::set<int, std::less<int>, std::allocator<int>>[nary]: new std::set<int, std::less<int>, std::allocator<int>>[nary];
   }
else {
   (*(std::set<int, std::less<int>, std::allocator<int>>**)ret) = (is_arena) ? ::new (*(std::set<int, std::less<int>, std::allocator<int>>**)ret) std::set<int, std::less<int>, std::allocator<int>>(): new std::set<int, std::less<int>, std::allocator<int>>();
}
}
#pragma clang diagnostic pop
==== SOURCE END ====
JIT session error: Failed to materialize symbols: { (main, { _ZNSt3setIiSt4lessIiESaIiEEC2Ev }) }
TClingCallFunc::make_wrapper:Failed to compile
==== SOURCE BEGIN ====
#pragma clang diagnostic push
#pragma clang diagnostic ignored "-Wformat-security"
__attribute__((used)) __attribute__((annotate("__cling__ptrcheck(off)")))
extern "C" void __jc_760(void* ret, unsigned long nary, unsigned long nargs, void** args, void* is_arena)
{
   if (nary > 1) {
   (*(std::set<int, std::less<int>, std::allocator<int>>**)ret) = (is_arena) ? ::new (*(std::set<int, std::less<int>, std::allocator<int>>**)ret) std::set<int, std::less<int>, std::allocator<int>>[nary]: new std::set<int, std::less<int>, std::allocator<int>>[nary];
   }
else {
   (*(std::set<int, std::less<int>, std::allocator<int>>**)ret) = (is_arena) ? ::new (*(std::set<int, std::less<int>, std::allocator<int>>**)ret) std::set<int, std::less<int>, std::allocator<int>>(): new std::set<int, std::less<int>, std::allocator<int>>();
}
}
#pragma clang diagnostic pop
==== SOURCE END ====
JIT session error: Failed to materialize symbols: { (main, { _ZNSt3setIiSt4lessIiESaIiEEC2Ev }) }
TClingCallFunc::make_wrapper:Failed to compile
==== SOURCE BEGIN ====
#pragma clang diagnostic push
#pragma clang diagnostic ignored "-Wformat-security"
__attribute__((used)) __attribute__((annotate("__cling__ptrcheck(off)")))
extern "C" void __jc_761(void* ret, unsigned long nary, unsigned long nargs, void** args, void* is_arena)
{
   if (nary > 1) {
   (*(std::set<int, std::less<int>, std::allocator<int>>**)ret) = (is_arena) ? ::new (*(std::set<int, std::less<int>, std::allocator<int>>**)ret) std::set<int, std::less<int>, std::allocator<int>>[nary]: new std::set<int, std::less<int>, std::allocator<int>>[nary];
   }
else {
   (*(std::set<int, std::less<int>, std::allocator<int>>**)ret) = (is_arena) ? ::new (*(std::set<int, std::less<int>, std::allocator<int>>**)ret) std::set<int, std::less<int>, std::allocator<int>>(): new std::set<int, std::less<int>, std::allocator<int>>();
}
}
#pragma clang diagnostic pop
==== SOURCE END ====
____________________ TestSTLSET.test03_initialize_from_set _____________________

self = <test_stltypes.TestSTLSET object at 0x70acb2724510>

    def test03_initialize_from_set(self):
        """Test std::set initializion from Python set"""
    
        import cppjit
    
        N = 10
    
>       s = cppjit.gbl.std.set[int](set(range(N)))
            ^^^^^^^^^^^^^^^^^^^^^^^^^^^^^^^^^^^^^^
E       TypeError: Template method resolution failed:
E         none of the 9 overloaded methods succeeded. Full details:
E         set<int, std::less<int>, std::allocator<int>>::set<int, std::less<int>, std::allocator<int>>(std::initializer_list<std::set<int, std::less<int>, std::allocator<int>>::value_type> __l, const std::set<int>::allocator_type & __a) =>
E           TypeError: takes at least 2 arguments (0 given)
E         set<int, std::less<int>, std::allocator<int>>::set<int, std::less<int>, std::allocator<int>>(std::initializer_list<std::set<int, std::less<int>, std::allocator<int>>::value_type> __l, const std::less<int> & __comp = _Compare(), const std::set<int>::allocator_type & __a = allocator_type()) =>
E           TypeError: takes at least 1 arguments (0 given)
E         set<int, std::less<int>, std::allocator<int>>::set<int, std::less<int>, std::allocator<int>>(std::set<int> && __x, const std::__type_identity_t<std::set<int, std::less<int>, std::allocator<int>>::allocator_type> & __a) =>
E           TypeError: takes at least 2 arguments (0 given)
E         set<int, std::less<int>, std::allocator<int>>::set<int, std::less<int>, std::allocator<int>>(std::set<int> &&) =>
E           TypeError: takes at least 1 arguments (0 given)
E         set<int, std::less<int>, std::allocator<int>>::set<int, std::less<int>, std::allocator<int>>(const std::less<int> & __comp, const std::set<int>::allocator_type & __a = allocator_type()) =>
E           TypeError: takes at least 1 arguments (0 given)
E         set<int, std::less<int>, std::allocator<int>>::set<int, std::less<int>, std::allocator<int>>(const std::set<int>::allocator_type & __a) =>
E           TypeError: takes at least 1 arguments (0 given)
E         set<int, std::less<int>, std::allocator<int>>::set<int, std::less<int>, std::allocator<int>>(const std::set<int> & __x, const std::__type_identity_t<std::set<int, std::less<int>, std::allocator<int>>::allocator_type> & __a) =>
E           TypeError: takes at least 2 arguments (0 given)
E         std::set<int> constructor failed
E         set<int, std::less<int>, std::allocator<int>>::set<int, std::less<int>, std::allocator<int>>(const std::set<int> &) =>
E           TypeError: takes at least 1 arguments (0 given)
E         none of the 3 overloaded methods succeeded. Full details:
E         std::set<int> constructor failed
E         std::set<int> constructor failed
E         std::set<int> constructor failed

test_stltypes.py:1993: TypeError
----------------------------- Captured stderr call -----------------------------
JIT session error: Failed to materialize symbols: { (main, { _ZNSt3setIiSt4lessIiESaIiEEC2Ev }) }
TClingCallFunc::make_wrapper:Failed to compile
==== SOURCE BEGIN ====
#pragma clang diagnostic push
#pragma clang diagnostic ignored "-Wformat-security"
__attribute__((used)) __attribute__((annotate("__cling__ptrcheck(off)")))
extern "C" void __jc_762(void* ret, unsigned long nary, unsigned long nargs, void** args, void* is_arena)
{
   if (nary > 1) {
   (*(std::set<int, std::less<int>, std::allocator<int>>**)ret) = (is_arena) ? ::new (*(std::set<int, std::less<int>, std::allocator<int>>**)ret) std::set<int, std::less<int>, std::allocator<int>>[nary]: new std::set<int, std::less<int>, std::allocator<int>>[nary];
   }
else {
   (*(std::set<int, std::less<int>, std::allocator<int>>**)ret) = (is_arena) ? ::new (*(std::set<int, std::less<int>, std::allocator<int>>**)ret) std::set<int, std::less<int>, std::allocator<int>>(): new std::set<int, std::less<int>, std::allocator<int>>();
}
}
#pragma clang diagnostic pop
==== SOURCE END ====
JIT session error: Failed to materialize symbols: { (main, { _ZNSt3setIiSt4lessIiESaIiEEC2Ev }) }
TClingCallFunc::make_wrapper:Failed to compile
==== SOURCE BEGIN ====
#pragma clang diagnostic push
#pragma clang diagnostic ignored "-Wformat-security"
__attribute__((used)) __attribute__((annotate("__cling__ptrcheck(off)")))
extern "C" void __jc_763(void* ret, unsigned long nary, unsigned long nargs, void** args, void* is_arena)
{
   if (nary > 1) {
   (*(std::set<int, std::less<int>, std::allocator<int>>**)ret) = (is_arena) ? ::new (*(std::set<int, std::less<int>, std::allocator<int>>**)ret) std::set<int, std::less<int>, std::allocator<int>>[nary]: new std::set<int, std::less<int>, std::allocator<int>>[nary];
   }
else {
   (*(std::set<int, std::less<int>, std::allocator<int>>**)ret) = (is_arena) ? ::new (*(std::set<int, std::less<int>, std::allocator<int>>**)ret) std::set<int, std::less<int>, std::allocator<int>>(): new std::set<int, std::less<int>, std::allocator<int>>();
}
}
#pragma clang diagnostic pop
==== SOURCE END ====
JIT session error: Failed to materialize symbols: { (main, { _ZNSt3setIiSt4lessIiESaIiEEC2Ev }) }
TClingCallFunc::make_wrapper:Failed to compile
==== SOURCE BEGIN ====
#pragma clang diagnostic push
#pragma clang diagnostic ignored "-Wformat-security"
__attribute__((used)) __attribute__((annotate("__cling__ptrcheck(off)")))
extern "C" void __jc_764(void* ret, unsigned long nary, unsigned long nargs, void** args, void* is_arena)
{
   if (nary > 1) {
   (*(std::set<int, std::less<int>, std::allocator<int>>**)ret) = (is_arena) ? ::new (*(std::set<int, std::less<int>, std::allocator<int>>**)ret) std::set<int, std::less<int>, std::allocator<int>>[nary]: new std::set<int, std::less<int>, std::allocator<int>>[nary];
   }
else {
   (*(std::set<int, std::less<int>, std::allocator<int>>**)ret) = (is_arena) ? ::new (*(std::set<int, std::less<int>, std::allocator<int>>**)ret) std::set<int, std::less<int>, std::allocator<int>>(): new std::set<int, std::less<int>, std::allocator<int>>();
}
}
#pragma clang diagnostic pop
==== SOURCE END ====
JIT session error: Failed to materialize symbols: { (main, { _ZNSt3setIiSt4lessIiESaIiEEC2Ev }) }
TClingCallFunc::make_wrapper:Failed to compile
==== SOURCE BEGIN ====
#pragma clang diagnostic push
#pragma clang diagnostic ignored "-Wformat-security"
__attribute__((used)) __attribute__((annotate("__cling__ptrcheck(off)")))
extern "C" void __jc_765(void* ret, unsigned long nary, unsigned long nargs, void** args, void* is_arena)
{
   if (nary > 1) {
   (*(std::set<int, std::less<int>, std::allocator<int>>**)ret) = (is_arena) ? ::new (*(std::set<int, std::less<int>, std::allocator<int>>**)ret) std::set<int, std::less<int>, std::allocator<int>>[nary]: new std::set<int, std::less<int>, std::allocator<int>>[nary];
   }
else {
   (*(std::set<int, std::less<int>, std::allocator<int>>**)ret) = (is_arena) ? ::new (*(std::set<int, std::less<int>, std::allocator<int>>**)ret) std::set<int, std::less<int>, std::allocator<int>>(): new std::set<int, std::less<int>, std::allocator<int>>();
}
}
#pragma clang diagnostic pop
==== SOURCE END ====
______________________ TestSTLSET.test04_set_cpp17_style _______________________

self = <test_stltypes.TestSTLSET object at 0x70acb2724640>

    @mark.xfail(
        condition=IS_MAC and IS_CLING, run=False, reason="Crashes with OSX-Cling"
    )
    def test04_set_cpp17_style(self):
        """C++17 style initialization of std::set"""
    
        import cppjit
    
        l = [1.0, 2.0, 3.0]
>       v = cppjit.gbl.std.set(l)
            ^^^^^^^^^^^^^^^^^^^^^

test_stltypes.py:2014: 
_ _ _ _ _ _ _ _ _ _ _ _ _ _ _ _ _ _ _ _ _ _ _ _ _ _ _ _ _ _ _ _ _ _ _ _ _ _ _ _ 

self = <cppjit.Template 'std::set' object at 0x70acb2815f10>
args = ([1.0, 2.0, 3.0],)

    def __call__(self, *args):
        # for C++17, we're required to derive the type when using initializer syntax
        # (i.e. a tuple or list); not sure how to do that in general, but below the
        # most common cases are covered
        if args:
            args0 = args[0]
            if args0 and isinstance(args0, (tuple, list)):
                t = type(args0[0])
                if t is float:
                    t = "double"
    
                if self.__name__ in self.stl_sequence_types:
>                   return self[t](*args)
                           ^^^^^^^^^^^^^^
E                   TypeError: Template method resolution failed:
E                     none of the 9 overloaded methods succeeded. Full details:
E                     set<double, std::less<double>, std::allocator<double>>::set<double, std::less<double>, std::allocator<double>>(std::initializer_list<std::set<double, std::less<double>, std::allocator<double>>::value_type> __l, const std::set<double>::allocator_type & __a) =>
E                       TypeError: takes at least 2 arguments (1 given)
E                     std::set<double> constructor failed
E                     set<double, std::less<double>, std::allocator<double>>::set<double, std::less<double>, std::allocator<double>>(std::set<double> && __x, const std::__type_identity_t<std::set<double, std::less<double>, std::allocator<double>>::allocator_type> & __a) =>
E                       TypeError: takes at least 2 arguments (1 given)
E                     set<double, std::less<double>, std::allocator<double>>::set<double, std::less<double>, std::allocator<double>>(std::set<double> &&) =>
E                       TypeError: could not convert argument 1: [InstanceMoveConverter]
E                     set<double, std::less<double>, std::allocator<double>>::set<double, std::less<double>, std::allocator<double>>(const std::less<double> & __comp, const std::set<double>::allocator_type & __a = allocator_type()) =>
E                       TypeError: could not convert argument 1: [InstanceRefConverter]
E                     set<double, std::less<double>, std::allocator<double>>::set<double, std::less<double>, std::allocator<double>>(const std::set<double>::allocator_type & __a) =>
E                       TypeError: could not convert argument 1: [InstanceRefConverter]
E                     set<double, std::less<double>, std::allocator<double>>::set<double, std::less<double>, std::allocator<double>>(const std::set<double> & __x, const std::__type_identity_t<std::set<double, std::less<double>, std::allocator<double>>::allocator_type> & __a) =>
E                       TypeError: takes at least 2 arguments (1 given)
E                     set<double, std::less<double>, std::allocator<double>>::set<double, std::less<double>, std::allocator<double>>() =>
E                       TypeError: takes at most 0 arguments (1 given)
E                     set<double, std::less<double>, std::allocator<double>>::set<double, std::less<double>, std::allocator<double>>(const std::set<double> &) =>
E                       TypeError: could not convert argument 1: [InstanceRefConverter]
E                     Failed to instantiate "set(std::initializer_list<double>)"

/tmp/t/lib/python3.13/site-packages/cppjit/_cpython_cppjit.py:111: TypeError
----------------------------- Captured stderr call -----------------------------
JIT session error: Failed to materialize symbols: { (main, { _ZNSt15_Rb_tree_headerC2Ev }) }
TClingCallFunc::make_wrapper:Failed to compile
==== SOURCE BEGIN ====
#pragma clang diagnostic push
#pragma clang diagnostic ignored "-Wformat-security"
__attribute__((used)) __attribute__((annotate("__cling__ptrcheck(off)")))
extern "C" void __jc_766(void* ret, unsigned long nary, unsigned long nargs, void** args, void* is_arena)
{
   if (nargs == 1) {
            (*(std::set<double, std::less<double>, std::allocator<double>>**)ret) = (is_arena) ? ::new (*(std::set<double, std::less<double>, std::allocator<double>>**)ret) std::set<double, std::less<double>, std::allocator<double>>(*(std::initializer_list<double>*)args[0]): new std::set<double, std::less<double>, std::allocator<double>>(*(std::initializer_list<double>*)args[0]);
      }
   if (nargs == 2) {
            (*(std::set<double, std::less<double>, std::allocator<double>>**)ret) = (is_arena) ? ::new (*(std::set<double, std::less<double>, std::allocator<double>>**)ret) std::set<double, std::less<double>, std::allocator<double>>(*(std::initializer_list<double>*)args[0], (const std::less<double>&)*(const std::less<double>*)args[1]): new std::set<double, std::less<double>, std::allocator<double>>(*(std::initializer_list<double>*)args[0], (const std::less<double>&)*(const std::less<double>*)args[1]);
      }
   if (nargs == 3) {
            (*(std::set<double, std::less<double>, std::allocator<double>>**)ret) = (is_arena) ? ::new (*(std::set<double, std::less<double>, std::allocator<double>>**)ret) std::set<double, std::less<double>, std::allocator<double>>(*(std::initializer_list<double>*)args[0], (const std::less<double>&)*(const std::less<double>*)args[1],
      (const std::allocator<double>&)*(const std::allocator<double>*)args[2]): new std::set<double, std::less<double>, std::allocator<double>>(*(std::initializer_list<double>*)args[0], (const std::less<double>&)*(const std::less<double>*)args[1],
      (const std::allocator<double>&)*(const std::allocator<double>*)args[2]);
      }
}
#pragma clang diagnostic pop
==== SOURCE END ====
__________________________ TestSTLSET.test05_contains __________________________

self = <test_stltypes.TestSTLSET object at 0x70acb272c950>

    def test05_contains(self):
        """Contains check should not iterate and compare"""
    
        import cppjit
    
        assert "__contains__" in cppjit.gbl.std.set[int].__dict__
    
>       S = cppjit.gbl.std.set[int](range(2**20))
            ^^^^^^^^^^^^^^^^^^^^^^^^^^^^^^^^^^^^^
E       TypeError: Template method resolution failed:
E         none of the 9 overloaded methods succeeded. Full details:
E         set<int, std::less<int>, std::allocator<int>>::set<int, std::less<int>, std::allocator<int>>(std::initializer_list<std::set<int, std::less<int>, std::allocator<int>>::value_type> __l, const std::set<int>::allocator_type & __a) =>
E           TypeError: takes at least 2 arguments (1 given)
E         std::set<int> constructor failed
E         set<int, std::less<int>, std::allocator<int>>::set<int, std::less<int>, std::allocator<int>>(std::set<int> && __x, const std::__type_identity_t<std::set<int, std::less<int>, std::allocator<int>>::allocator_type> & __a) =>
E           TypeError: takes at least 2 arguments (1 given)
E         set<int, std::less<int>, std::allocator<int>>::set<int, std::less<int>, std::allocator<int>>(std::set<int> &&) =>
E           TypeError: could not convert argument 1: [InstanceMoveConverter]
E         set<int, std::less<int>, std::allocator<int>>::set<int, std::less<int>, std::allocator<int>>(const std::less<int> & __comp, const std::set<int>::allocator_type & __a = allocator_type()) =>
E           TypeError: could not convert argument 1: [InstanceRefConverter]
E         set<int, std::less<int>, std::allocator<int>>::set<int, std::less<int>, std::allocator<int>>(const std::set<int>::allocator_type & __a) =>
E           TypeError: could not convert argument 1: [InstanceRefConverter]
E         set<int, std::less<int>, std::allocator<int>>::set<int, std::less<int>, std::allocator<int>>(const std::set<int> & __x, const std::__type_identity_t<std::set<int, std::less<int>, std::allocator<int>>::allocator_type> & __a) =>
E           TypeError: takes at least 2 arguments (1 given)
E         set<int, std::less<int>, std::allocator<int>>::set<int, std::less<int>, std::allocator<int>>() =>
E           TypeError: takes at most 0 arguments (1 given)
E         set<int, std::less<int>, std::allocator<int>>::set<int, std::less<int>, std::allocator<int>>(const std::set<int> &) =>
E           TypeError: could not convert argument 1: [InstanceRefConverter]
E         none of the 4 overloaded methods succeeded. Full details:
E         set<int, std::less<int>, std::allocator<int>>::set<int, std::less<int>, std::allocator<int>>() =>
E           TypeError: takes at most 0 arguments (1 given)
E         set<int, std::less<int>, std::allocator<int>>::set<int, std::less<int>, std::allocator<int>>() =>
E           TypeError: takes at most 0 arguments (1 given)
E         set<int, std::less<int>, std::allocator<int>>::set<int, std::less<int>, std::allocator<int>>() =>
E           TypeError: takes at most 0 arguments (1 given)
E         set<int, std::less<int>, std::allocator<int>>::set<int, std::less<int>, std::allocator<int>>() =>
E           TypeError: takes at most 0 arguments (1 given)

test_stltypes.py:2024: TypeError
----------------------------- Captured stderr call -----------------------------
JIT session error: Failed to materialize symbols: { (main, { _ZNSt4pairIPSt18_Rb_tree_node_baseS1_EC2IS1_RS1_TnNSt9enable_ifIXaaclsr5_PCCPE22_MoveConstructiblePairIT_T0_EEclsr5_PCCPE30_ImplicitlyMoveConvertiblePairIS6_S7_EEEbE4typeELb1EEEOS6_OS7_ }) }
TClingCallFunc::make_wrapper:Failed to compile
==== SOURCE BEGIN ====
#pragma clang diagnostic push
#pragma clang diagnostic ignored "-Wformat-security"
__attribute__((used)) __attribute__((annotate("__cling__ptrcheck(off)")))
extern "C" void __jc_767(void* ret, unsigned long nary, unsigned long nargs, void** args, void* is_arena)
{
   if (nargs == 1) {
            (*(std::set<int, std::less<int>, std::allocator<int>>**)ret) = (is_arena) ? ::new (*(std::set<int, std::less<int>, std::allocator<int>>**)ret) std::set<int, std::less<int>, std::allocator<int>>(*(std::initializer_list<int>*)args[0]): new std::set<int, std::less<int>, std::allocator<int>>(*(std::initializer_list<int>*)args[0]);
      }
   if (nargs == 2) {
            (*(std::set<int, std::less<int>, std::allocator<int>>**)ret) = (is_arena) ? ::new (*(std::set<int, std::less<int>, std::allocator<int>>**)ret) std::set<int, std::less<int>, std::allocator<int>>(*(std::initializer_list<int>*)args[0], (const std::less<int>&)*(const std::less<int>*)args[1]): new std::set<int, std::less<int>, std::allocator<int>>(*(std::initializer_list<int>*)args[0], (const std::less<int>&)*(const std::less<int>*)args[1]);
      }
   if (nargs == 3) {
            (*(std::set<int, std::less<int>, std::allocator<int>>**)ret) = (is_arena) ? ::new (*(std::set<int, std::less<int>, std::allocator<int>>**)ret) std::set<int, std::less<int>, std::allocator<int>>(*(std::initializer_list<int>*)args[0], (const std::less<int>&)*(const std::less<int>*)args[1],
      (const std::allocator<int>&)*(const std::allocator<int>*)args[2]): new std::set<int, std::less<int>, std::allocator<int>>(*(std::initializer_list<int>*)args[0], (const std::less<int>&)*(const std::less<int>*)args[1],
      (const std::allocator<int>&)*(const std::allocator<int>*)args[2]);
      }
}
#pragma clang diagnostic pop
==== SOURCE END ====
________________ TestSTLTUPLE.test01_tuple_creation_and_access _________________

self = <test_stltypes.TestSTLTUPLE object at 0x70acb27cde50>

    @mark.xfail(condition=IS_MAC, reason="Fails on OSX")
    def test01_tuple_creation_and_access(self):
        """Create tuples and access their elements"""
    
        import cppjit
    
        std = cppjit.gbl.std
    
>       t1 = std.make_tuple(1, "a")
             ^^^^^^^^^^^^^^^^^^^^^^
E       ValueError: Template method resolution failed:
E         std::tuple<int, std::basic_string<char>> std::make_tuple<int, std::basic_string<char>>(int && __args, std::basic_string<char> && __args) =>
E           ValueError: nullptr result where temporary expected

test_stltypes.py:2051: ValueError
----------------------------- Captured stderr call -----------------------------
JIT session error: In graph incr_module_2371-jitted-objectbuffer, section .eh_frame: relocation target 0x70acb471d0a0 (DW.ref.__gxx_personality_v0) is out of range of Delta32 fixup at address 0x70acb471d0a0 (<anonymous block> @ 0x70ac27125158 + 0x13)
TClingCallFunc::make_wrapper:Failed to compile
==== SOURCE BEGIN ====
#pragma clang diagnostic push
#pragma clang diagnostic ignored "-Wformat-security"
__attribute__((used)) __attribute__((annotate("__cling__ptrcheck(off)")))
extern "C" void __jc_768(void* obj, unsigned long nargs, void** args, void* ret)
{
   if (ret) {
      ::new (ret) (std::tuple<int, std::basic_string<char>>) (std::make_tuple<int, std::basic_string<char>>((int&&)*(int*)args[0], (std::basic_string<char>&&)*(std::basic_string<char>*)args[1]));
      return;
   }
   else {
      (void)(std::make_tuple<int, std::basic_string<char>>((int&&)*(int*)args[0], (std::basic_string<char>&&)*(std::basic_string<char>*)args[1]));
      return;
   }
}
#pragma clang diagnostic pop
==== SOURCE END ====
________________________ TestSTLTUPLE.test02_tuple_size ________________________

self = <test_stltypes.TestSTLTUPLE object at 0x70acb27cdf90>

    @mark.xfail(condition=IS_MAC, reason="fails on OSX")
    def test02_tuple_size(self):
        """Usage of tuple_size helper class"""
    
        import cppjit
    
        std = cppjit.gbl.std
    
>       t = std.make_tuple("aap", 42, 5.0)
            ^^^^^^^^^^^^^^^^^^^^^^^^^^^^^^
E       TypeError: Template method resolution failed:
E         std::tuple<int, std::basic_string<char>> std::make_tuple<int, std::basic_string<char>>(int && __args, std::basic_string<char> && __args) =>
E           TypeError: takes at most 2 arguments (3 given)
E         std::tuple<std::basic_string<char>, int, double> std::make_tuple<std::basic_string<char>, int, double>(std::basic_string<char> && __args, int && __args, double && __args) =>
E           ValueError: nullptr result where temporary expected

test_stltypes.py:2087: TypeError
----------------------------- Captured stderr call -----------------------------
JIT session error: In graph incr_module_2373-jitted-objectbuffer, section .eh_frame: relocation target 0x70acb471d0a0 (DW.ref.__gxx_personality_v0) is out of range of Delta32 fixup at address 0x70acb471d0a0 (<anonymous block> @ 0x70ac27125188 + 0x13)
TClingCallFunc::make_wrapper:Failed to compile
==== SOURCE BEGIN ====
#pragma clang diagnostic push
#pragma clang diagnostic ignored "-Wformat-security"
__attribute__((used)) __attribute__((annotate("__cling__ptrcheck(off)")))
extern "C" void __jc_769(void* obj, unsigned long nargs, void** args, void* ret)
{
   if (ret) {
      ::new (ret) (std::tuple<std::basic_string<char>, int, double>) (std::make_tuple<std::basic_string<char>, int, double>((std::basic_string<char>&&)*(std::basic_string<char>*)args[0], (int&&)*(int*)args[1], (double&&)*(double*)args[2]));
      return;
   }
   else {
      (void)(std::make_tuple<std::basic_string<char>, int, double>((std::basic_string<char>&&)*(std::basic_string<char>*)args[0], (int&&)*(int*)args[1], (double&&)*(double*)args[2]));
      return;
   }
}
#pragma clang diagnostic pop
==== SOURCE END ====
________________________ TestSTLTUPLE.test03_tuple_iter ________________________

self = <test_stltypes.TestSTLTUPLE object at 0x70acb2724770>

    @mark.xfail(condition=IS_MAC, reason="Fails on OSX")
    def test03_tuple_iter(self):
        """Pack/unpack tuples"""
    
        import cppjit
    
        std = cppjit.gbl.std
    
>       t = std.make_tuple(1, "2", 5.0)
            ^^^^^^^^^^^^^^^^^^^^^^^^^^^
E       TypeError: Template method resolution failed:
E         none of the 2 overloaded methods succeeded. Full details:
E         std::tuple<std::basic_string<char>, int, double> std::make_tuple<std::basic_string<char>, int, double>(std::basic_string<char> && __args, int && __args, double && __args) =>
E           TypeError: could not convert argument 1: [STLStringMoveConverter]
E         std::tuple<int, std::basic_string<char>> std::make_tuple<int, std::basic_string<char>>(int && __args, std::basic_string<char> && __args) =>
E           TypeError: takes at most 2 arguments (3 given)
E         std::tuple<int, std::basic_string<char>, double> std::make_tuple<int, std::basic_string<char>, double>(int && __args, std::basic_string<char> && __args, double && __args) =>
E           ValueError: nullptr result where temporary expected

test_stltypes.py:2098: TypeError
----------------------------- Captured stderr call -----------------------------
JIT session error: Failed to materialize symbols: { (main, { _ZNSt10_Head_baseILm1ENSt7__cxx1112basic_stringIcSt11char_traitsIcESaIcEEELb0EEC2IS5_EEOT_ }) }
TClingCallFunc::make_wrapper:Failed to compile
==== SOURCE BEGIN ====
#pragma clang diagnostic push
#pragma clang diagnostic ignored "-Wformat-security"
__attribute__((used)) __attribute__((annotate("__cling__ptrcheck(off)")))
extern "C" void __jc_770(void* obj, unsigned long nargs, void** args, void* ret)
{
   if (ret) {
      ::new (ret) (std::tuple<int, std::basic_string<char>, double>) (std::make_tuple<int, std::basic_string<char>, double>((int&&)*(int*)args[0], (std::basic_string<char>&&)*(std::basic_string<char>*)args[1], (double&&)*(double*)args[2]));
      return;
   }
   else {
      (void)(std::make_tuple<int, std::basic_string<char>, double>((int&&)*(int*)args[0], (std::basic_string<char>&&)*(std::basic_string<char>*)args[1], (double&&)*(double*)args[2]));
      return;
   }
}
#pragma clang diagnostic pop
==== SOURCE END ====
______________________ TestSTLTUPLE.test04_tuple_lifeline ______________________

self = <test_stltypes.TestSTLTUPLE object at 0x70acb27248a0>

    def test04_tuple_lifeline(self):
        """Tuple memory management"""
    
        import gc
    
        import cppjit
    
        std = cppjit.gbl.std
    
        cppjit.cppdef("""\
        namespace TupleLifeLine {
        struct Simple {
          Simple() : fInt(42) {}
          Simple(const Simple&) = default;
          Simple& operator=(const Simple&) = default;
          ~Simple() { fInt = -1; }
          int fInt;
        }; }""")
    
        Simple = cppjit.gbl.TupleLifeLine.Simple
    
>       s1, s2 = std.make_tuple(Simple(), Simple())
                                ^^^^^^^^
E       TypeError: none of the 2 overloaded methods succeeded. Full details:
E         TupleLifeLine::Simple constructor failed
E         Simple::Simple(const TupleLifeLine::Simple &) =>
E           TypeError: takes at least 1 arguments (0 given)

test_stltypes.py:2127: TypeError
----------------------------- Captured stderr call -----------------------------
JIT session error: In graph incr_module_2380-jitted-objectbuffer, section .eh_frame: relocation target 0x70acb471d0a0 (DW.ref.__gxx_personality_v0) is out of range of Delta32 fixup at address 0x70acb471d0a0 (<anonymous block> @ 0x70ac27125080 + 0x13)
TClingCallFunc::make_wrapper:Failed to compile
==== SOURCE BEGIN ====
#pragma clang diagnostic push
#pragma clang diagnostic ignored "-Wformat-security"
__attribute__((used)) __attribute__((annotate("__cling__ptrcheck(off)")))
extern "C" void __jc_771(void* ret, unsigned long nary, unsigned long nargs, void** args, void* is_arena)
{
   if (nary > 1) {
   (*(TupleLifeLine::Simple**)ret) = (is_arena) ? ::new (*(TupleLifeLine::Simple**)ret) TupleLifeLine::Simple[nary]: new TupleLifeLine::Simple[nary];
   }
else {
   (*(TupleLifeLine::Simple**)ret) = (is_arena) ? ::new (*(TupleLifeLine::Simple**)ret) TupleLifeLine::Simple(): new TupleLifeLine::Simple();
}
}
#pragma clang diagnostic pop
==== SOURCE END ====
________________________ TestTEMPLATES.test16_variadic _________________________

self = <test_templates.TestTEMPLATES object at 0x70acb2646a40>

    @mark.xfail(condition=IS_MAC, reason="Fails on OS X")
    def test16_variadic(self):
        """Range of variadic templates"""
    
        import cppjit
    
        ns = cppjit.gbl.some_variadic
    
        def get_tn(ns):
            # helper to make all platforms look the same
            tn = ns.gTypeName
            tn = tn.replace(" ", "")
            tn = tn.replace("class", "")
            tn = tn.replace("__cdecl", "")
            tn = tn.replace("__thiscall", "")
            tn = tn.replace("__ptr64", "")
            return tn
    
        # templated class
        a = ns.A["int", "double"]()
        assert get_tn(ns) == "some_variadic::A<int,double>"
    
        # static functions
        a.sa(1, 1.0, "a")
>       assert (
            get_tn(ns).find("some_variadic::A<int,double>::void(int&&,double&&,std::")
            == 0
        )
E       AssertionError: assert -1 == 0
E        +  where -1 = <built-in method find of str object at 0x70acb36604e0>('some_variadic::A<int,double>::void(int&&,double&&,std::')
E        +    where <built-in method find of str object at 0x70acb36604e0> = 'some_variadic::A<int,double>'.find
E        +      where 'some_variadic::A<int,double>' = <function TestTEMPLATES.test16_variadic.<locals>.get_tn at 0x70acb368a5c0>(<namespace cppjit.gbl.some_variadic at 0x5f7920509450>)

test_templates.py:426: AssertionError
----------------------------- Captured stderr call -----------------------------
JIT session error: Failed to materialize symbols: { (main, { _ZNKSt7__cxx1112basic_stringIcSt11char_traitsIcESaIcEE15_M_check_lengthEmmPKc }) }
TClingCallFunc::make_wrapper:Failed to compile
==== SOURCE BEGIN ====
#pragma clang diagnostic push
#pragma clang diagnostic ignored "-Wformat-security"
__attribute__((used)) __attribute__((annotate("__cling__ptrcheck(off)")))
extern "C" void __jc_887(void* obj, unsigned long nargs, void** args, void* ret)
{
   ((some_variadic::A<int, double>*)obj)->some_variadic::A<int, double>::sa<int, double, std::basic_string<char>>((int&&)*(int*)args[0], (double&&)*(double*)args[1], (std::basic_string<char>&&)*(std::basic_string<char>*)args[2]);
   return;
}
#pragma clang diagnostic pop
==== SOURCE END ====
___________________ TestTEMPLATES.test23_overloaded_setitem ____________________

self = <test_templates.TestTEMPLATES object at 0x70acb28d4600>

    def test23_overloaded_setitem(self):
        """Template with overloaded non-templated and templated setitem"""
    
        import cppjit
    
        MyVec = cppjit.gbl.TemplateWithSetItem.MyVec
    
>       v = MyVec["float"](2)
            ^^^^^^^^^^^^^^^^^
E       TypeError: none of the 3 overloaded methods succeeded. Full details:
E         MyVec<float>::MyVec<float>(TemplateWithSetItem::MyVec<float> &&) =>
E           TypeError: could not convert argument 1: [InstanceMoveConverter]
E         TemplateWithSetItem::MyVec<float> constructor failed
E         MyVec<float>::MyVec<float>(const TemplateWithSetItem::MyVec<float> &) =>
E           TypeError: could not convert argument 1: [InstanceRefConverter]

test_templates.py:615: TypeError
----------------------------- Captured stderr call -----------------------------
JIT session error: Failed to materialize symbols: { (main, { _ZNSt6vectorIfSaIfEE17_S_check_init_lenEmRKS0_ }) }
TClingCallFunc::make_wrapper:Failed to compile
==== SOURCE BEGIN ====
#pragma clang diagnostic push
#pragma clang diagnostic ignored "-Wformat-security"
__attribute__((used)) __attribute__((annotate("__cling__ptrcheck(off)")))
extern "C" void __jc_928(void* ret, unsigned long nary, unsigned long nargs, void** args, void* is_arena)
{
      (*(TemplateWithSetItem::MyVec<float>**)ret) = (is_arena) ? ::new (*(TemplateWithSetItem::MyVec<float>**)ret) TemplateWithSetItem::MyVec<float>(*(unsigned long*)args[0]): new TemplateWithSetItem::MyVec<float>(*(unsigned long*)args[0]);
}
#pragma clang diagnostic pop
==== SOURCE END ====
___________________ TestTEMPLATES.test36_templated_callbacks ___________________

self = <test_templates.TestTEMPLATES object at 0x70acb27b5400>

    @mark.xfail(condition=IS_MAC, reason="Conversion fails in OSX")
    def test36_templated_callbacks(self):
        import cppjit
        from cppjit import gbl
    
        cppjit.cppdef(
            r"""
        struct ERDataFrame {
            size_t rows = 0;
            std::vector<double> cols;
    
        private:
            ERDataFrame(size_t n, std::vector<double> c) : rows(n), cols(c) {}
    
        public:
            ERDataFrame() {}
            template <typename R, typename... T>
            ERDataFrame Define(std::string name, R (*f)(T...)) {
                auto copy = cols;
                size_t I = rows;
                auto args = std::tuple{(static_cast<T>(cols[--I]))...};
                R res = std::apply(f, args);
                // std::cout << "Adding column " << rows + 1 << " " << name << " value " << res << std::endl;
                copy.push_back(res);
                return ERDataFrame(rows + 1, copy);
            }
        };
    
        double get_one() { return 1.0; }
        double plus_one(double x) { return x + 1.0; }
        double add(double x, double y) { return x + y; }
        double add3(double x, double y, double z) { return x + y + z; }
        double throw_error() { throw std::runtime_error("called throw_error"); }
        """
        )
    
        class CallBackError(Exception):
            pass
    
        def callback(x: int) -> float:
            return x * 2.0
    
        def raise_error() -> float:
            raise CallBackError("called raise_error")
    
        o = gbl.ERDataFrame()
        assert o.rows == 0
        o = o.Define("col1", gbl.get_one)
        assert o.rows == 1
        o = o.Define("col2", gbl.plus_one)
        assert o.rows == 2
        o = o.Define("col3", gbl.add)
        assert o.rows == 3
>       o = o.Define("col4", gbl.add3)
            ^^^^^^^^^^^^^^^^^^^^^^^^^^
E       TypeError: Template method resolution failed:
E         ERDataFrame ERDataFrame::Define<double, double, double>(std::string name, double (*)(double, double) f) =>
E           TypeError: could not convert argument 2: [FunctionPointerConverter]
E         none of the 3 overloaded methods succeeded. Full details:
E         ERDataFrame ERDataFrame::Define<double>(std::string name, double (*)() f) =>
E           TypeError: could not convert argument 2: [FunctionPointerConverter]
E         ERDataFrame ERDataFrame::Define<double, double>(std::string name, double (*)(double) f) =>
E           TypeError: could not convert argument 2: [FunctionPointerConverter]
E         ERDataFrame ERDataFrame::Define<double, double, double>(std::string name, double (*)(double, double) f) =>
E           TypeError: could not convert argument 2: [FunctionPointerConverter]
E         ERDataFrame ERDataFrame::Define<double, double, double, double>(std::string name, double (*)(double, double, double) f) =>
E           ValueError: nullptr result where temporary expected

test_templates.py:1346: TypeError
----------------------------- Captured stderr call -----------------------------
JIT session error: Failed to materialize symbols: { (main, { _ZNSt11_Tuple_implILm2EJdEEC2IdEEOT_ }) }
TClingCallFunc::make_wrapper:Failed to compile
==== SOURCE BEGIN ====
#pragma clang diagnostic push
#pragma clang diagnostic ignored "-Wformat-security"
__attribute__((used)) __attribute__((annotate("__cling__ptrcheck(off)")))
extern "C" void __jc_1018(void* obj, unsigned long nargs, void** args, void* ret)
{
   if (ret) {
      typedef double (*FP1019)(double, double, double);
      ::new (ret) (ERDataFrame) (((ERDataFrame*)obj)->ERDataFrame::Define<double, double, double, double>(*(std::basic_string<char>*)args[0], (FP1019&)*(FP1019*)args[1]));
      return;
   }
   else {
      typedef double (*FP1020)(double, double, double);
      (void)(((ERDataFrame*)obj)->ERDataFrame::Define<double, double, double, double>(*(std::basic_string<char>*)args[0], (FP1020&)*(FP1020*)args[1]));
      return;
   }
}
#pragma clang diagnostic pop
==== SOURCE END ====
_____________ TestTEMPLATES.test38_constructor_implicit_conversion _____________

self = <test_templates.TestTEMPLATES object at 0x70acb27b5540>

    def test38_constructor_implicit_conversion(self):
        """Implicit conversion to call a templated constructor"""
    
        import cppjit
    
        cppjit.cppdef("""\
        namespace ConstructorImplicitConversion {
        struct IntWrapper {
            IntWrapper(int i) : m_i(i) {}
            int m_i;
        };
        struct S {
            template <typename T>
            S(IntWrapper a, T b) : m_a(a.m_i) {}
    
            int m_a = 0;
        }; }""")
    
        ns = cppjit.gbl.ConstructorImplicitConversion
    
>       a = ns.S(1, 2)
            ^^^^^^^^^^
E       TypeError: Template method resolution failed:
E         none of the 2 overloaded methods succeeded. Full details:
E         S::S(ConstructorImplicitConversion::S &&) =>
E           TypeError: takes at most 1 arguments (2 given)
E         S::S(const ConstructorImplicitConversion::S &) =>
E           TypeError: takes at most 1 arguments (2 given)
E         S::S(ConstructorImplicitConversion::IntWrapper a, int b) =>
E           TypeError: could not convert argument 1: [InstanceConverter]

test_templates.py:1410: TypeError
----------------------------- Captured stderr call -----------------------------
JIT session error: In graph incr_module_4015-jitted-objectbuffer, section .eh_frame: relocation target 0x70acb471d0a0 (DW.ref.__gxx_personality_v0) is out of range of Delta32 fixup at address 0x70acb471d0a0 (<anonymous block> @ 0x70ac26d14048 + 0x13)
TClingCallFunc::make_wrapper:Failed to compile
==== SOURCE BEGIN ====
#pragma clang diagnostic push
#pragma clang diagnostic ignored "-Wformat-security"
__attribute__((used)) __attribute__((annotate("__cling__ptrcheck(off)")))
extern "C" void __jc_1027(void* ret, unsigned long nary, unsigned long nargs, void** args, void* is_arena)
{
      (*(ConstructorImplicitConversion::IntWrapper**)ret) = (is_arena) ? ::new (*(ConstructorImplicitConversion::IntWrapper**)ret) ConstructorImplicitConversion::IntWrapper(*(int*)args[0]): new ConstructorImplicitConversion::IntWrapper(*(int*)args[0]);
}
#pragma clang diagnostic pop
==== SOURCE END ====
_____________ TestTEMPLATES.test39_monkey_patching_template_proxy ______________

self = <test_templates.TestTEMPLATES object at 0x70acb27b55e0>

    def test39_monkey_patching_template_proxy(self):
        """Monkey patching Template Proxy"""
        import cppjit
        from cppjit import gbl
    
        cppjit.cppdef(r"""
            struct MyMonkey {
                template <typename... Ts>
                bool m(std::vector<int> v) { return true; }
    
                template <typename T = void>
                bool m(int i) { return false; }
            };
        """)
    
        gbl.MyMonkey._m = gbl.MyMonkey.m
        gbl.MyMonkey.m = lambda self, x: gbl.MyMonkey._m(self, x)
        a = gbl.MyMonkey()
        assert not a.m(42)
>       assert a.m([1, 2, 3])
               ^^^^^^^^^^^^^^

test_templates.py:1432: 
_ _ _ _ _ _ _ _ _ _ _ _ _ _ _ _ _ _ _ _ _ _ _ _ _ _ _ _ _ _ _ _ _ _ _ _ _ _ _ _ 

self = <cppjit.gbl.MyMonkey object at 0x5f791d47fb80>, x = [1, 2, 3]

>   gbl.MyMonkey.m = lambda self, x: gbl.MyMonkey._m(self, x)
                                     ^^^^^^^^^^^^^^^^^^^^^^^^
E   cppjit.gbl.std.runtime_error: Template method resolution failed:
E     bool MyMonkey::m<>(std::vector<int> v) =>
E       runtime_error: failed to resolve function

test_templates.py:1429: runtime_error
----------------------------- Captured stderr call -----------------------------
JIT session error: Failed to materialize symbols: { (main, { _ZNSt12_Vector_baseIiSaIiEE12_Vector_implC2ERKS0_ }) }
TClingCallFunc::make_wrapper:Failed to compile
==== SOURCE BEGIN ====
#pragma clang diagnostic push
#pragma clang diagnostic ignored "-Wformat-security"
__attribute__((used)) __attribute__((annotate("__cling__ptrcheck(off)")))
extern "C" void __jc_1030(void* obj, unsigned long nargs, void** args, void* ret)
{
   if (ret) {
      ::new (ret) (bool) (((MyMonkey*)obj)->MyMonkey::m<>(*(std::vector<int>*)args[0]));
      return;
   }
   else {
      (void)(((MyMonkey*)obj)->MyMonkey::m<>(*(std::vector<int>*)args[0]));
      return;
   }
}
#pragma clang diagnostic pop
==== SOURCE END ====
JIT session error: In graph incr_module_4023-jitted-objectbuffer, section .eh_frame: relocation target 0x70acb471d0a0 (DW.ref.__gxx_personality_v0) is out of range of Delta32 fixup at address 0x70acb471d0a0 (<anonymous block> @ 0x70ac26d10010 + 0x13)
TClingCallFunc::make_wrapper:Failed to compile
==== SOURCE BEGIN ====
#pragma clang diagnostic push
#pragma clang diagnostic ignored "-Wformat-security"
__attribute__((used)) __attribute__((annotate("__cling__ptrcheck(off)")))
extern "C" void __jc_1031(void* ret, unsigned long nary, unsigned long nargs, void** args, void* is_arena)
{
      (*(std::runtime_error**)ret) = (is_arena) ? ::new (*(std::runtime_error**)ret) std::runtime_error((const std::basic_string<char>&)*(const std::basic_string<char>*)args[0]): new std::runtime_error((const std::basic_string<char>&)*(const std::basic_string<char>*)args[0]);
}
#pragma clang diagnostic pop
==== SOURCE END ====
JIT session error: In graph incr_module_4024-jitted-objectbuffer, section .eh_frame: relocation target 0x70acb471d0a0 (DW.ref.__gxx_personality_v0) is out of range of Delta32 fixup at address 0x70acb471d0a0 (<anonymous block> @ 0x70ac26d10010 + 0x13)
TClingCallFunc::make_wrapper:Failed to compile
==== SOURCE BEGIN ====
#pragma clang diagnostic push
#pragma clang diagnostic ignored "-Wformat-security"
__attribute__((used)) __attribute__((annotate("__cling__ptrcheck(off)")))
extern "C" void __jc_1032(void* ret, unsigned long nary, unsigned long nargs, void** args, void* is_arena)
{
      (*(std::runtime_error**)ret) = (is_arena) ? ::new (*(std::runtime_error**)ret) std::runtime_error(*(const char**)args[0]): new std::runtime_error(*(const char**)args[0]);
}
#pragma clang diagnostic pop
==== SOURCE END ====
_______________ TestTEMPLATE_TYPE_REDUCTION.test01_reduce_binary _______________

self = <test_templates.TestTEMPLATE_TYPE_REDUCTION object at 0x70acb27cf890>

    def test01_reduce_binary(self):
        """Squash template expressions for binary operations (like in gmpxx)"""
    
        import cppjit
    
>       e1 = cppjit.gbl.TypeReduction.Expr[int]()
             ^^^^^^^^^^^^^^^^^^^^^^^^^^^^^^^^^^^^
E       TypeError: none of the 4 overloaded methods succeeded. Full details:
E         Expr<int>::Expr<int>(TypeReduction::Expr<int> &&) =>
E           TypeError: takes at least 1 arguments (0 given)
E         TypeReduction::Expr<int> constructor failed
E         Expr<int>::Expr<int>(const TypeReduction::BinaryExpr<int> &) =>
E           TypeError: takes at least 1 arguments (0 given)
E         Expr<int>::Expr<int>(const TypeReduction::Expr<int> &) =>
E           TypeError: takes at least 1 arguments (0 given)

test_templates.py:1625: TypeError
----------------------------- Captured stderr call -----------------------------
JIT session error: In graph incr_module_4101-jitted-objectbuffer, section .eh_frame: relocation target 0x70acb471d0a0 (DW.ref.__gxx_personality_v0) is out of range of Delta32 fixup at address 0x70acb471d0a0 (<anonymous block> @ 0x70ac26cee058 + 0x13)
TClingCallFunc::make_wrapper:Failed to compile
==== SOURCE BEGIN ====
#pragma clang diagnostic push
#pragma clang diagnostic ignored "-Wformat-security"
__attribute__((used)) __attribute__((annotate("__cling__ptrcheck(off)")))
extern "C" void __jc_1050(void* ret, unsigned long nary, unsigned long nargs, void** args, void* is_arena)
{
   if (nary > 1) {
   (*(TypeReduction::Expr<int>**)ret) = (is_arena) ? ::new (*(TypeReduction::Expr<int>**)ret) TypeReduction::Expr<int>[nary]: new TypeReduction::Expr<int>[nary];
   }
else {
   (*(TypeReduction::Expr<int>**)ret) = (is_arena) ? ::new (*(TypeReduction::Expr<int>**)ret) TypeReduction::Expr<int>(): new TypeReduction::Expr<int>();
}
}
#pragma clang diagnostic pop
==== SOURCE END ====
_____________________ TestOPERATORS.test01_math_operators ______________________

self = <test_operators.TestOPERATORS object at 0x70acb27cfb10>

    def test01_math_operators(self):
        """Test overloading of math operators"""
    
        import cppjit
    
        number = cppjit.gbl.number
    
>       assert (number(20) + number(10)) == number(30)
                ^^^^^^^^^^
E       TypeError: none of the 4 overloaded methods succeeded. Full details:
E         number::number(number &&) =>
E           TypeError: could not convert argument 1: [InstanceMoveConverter]
E         number::number() =>
E           TypeError: takes at most 0 arguments (1 given)
E         number constructor failed
E         number::number(const number &) =>
E           TypeError: could not convert argument 1: [InstanceRefConverter]

test_operators.py:37: TypeError
----------------------------- Captured stderr call -----------------------------
JIT session error: In graph incr_module_4105-jitted-objectbuffer, section .eh_frame: relocation target 0x70acb471d0a0 (DW.ref.__gxx_personality_v0) is out of range of Delta32 fixup at address 0x70acb471d0a0 (<anonymous block> @ 0x70ac26ce8048 + 0x13)
TClingCallFunc::make_wrapper:Failed to compile
==== SOURCE BEGIN ====
#pragma clang diagnostic push
#pragma clang diagnostic ignored "-Wformat-security"
__attribute__((used)) __attribute__((annotate("__cling__ptrcheck(off)")))
extern "C" void __jc_1051(void* ret, unsigned long nary, unsigned long nargs, void** args, void* is_arena)
{
      (*(number**)ret) = (is_arena) ? ::new (*(number**)ret) number(*(int*)args[0]): new number(*(int*)args[0]);
}
#pragma clang diagnostic pop
==== SOURCE END ====
__________________ TestOPERATORS.test02_unary_math_operators ___________________

self = <test_operators.TestOPERATORS object at 0x70acb27cf9d0>

    def test02_unary_math_operators(self):
        """Test overloading of unary math operators"""
    
        import cppjit
    
        number = cppjit.gbl.number
    
>       n = number(20)
            ^^^^^^^^^^
E       TypeError: none of the 4 overloaded methods succeeded. Full details:
E         number::number(number &&) =>
E           TypeError: could not convert argument 1: [InstanceMoveConverter]
E         number::number() =>
E           TypeError: takes at most 0 arguments (1 given)
E         number constructor failed
E         number::number(const number &) =>
E           TypeError: could not convert argument 1: [InstanceRefConverter]

test_operators.py:60: TypeError
----------------------------- Captured stderr call -----------------------------
JIT session error: Failed to materialize symbols: { (main, { _ZN6numberC2Ei }) }
TClingCallFunc::make_wrapper:Failed to compile
==== SOURCE BEGIN ====
#pragma clang diagnostic push
#pragma clang diagnostic ignored "-Wformat-security"
__attribute__((used)) __attribute__((annotate("__cling__ptrcheck(off)")))
extern "C" void __jc_1052(void* ret, unsigned long nary, unsigned long nargs, void** args, void* is_arena)
{
      (*(number**)ret) = (is_arena) ? ::new (*(number**)ret) number(*(int*)args[0]): new number(*(int*)args[0]);
}
#pragma clang diagnostic pop
==== SOURCE END ====
__________________ TestOPERATORS.test03_comparison_operators ___________________

self = <test_operators.TestOPERATORS object at 0x70acb2726520>

    def test03_comparison_operators(self):
        """Test overloading of comparison operators"""
    
        import cppjit
    
        number = cppjit.gbl.number
    
>       assert (number(20) > number(10)) == True
                ^^^^^^^^^^
E       TypeError: none of the 4 overloaded methods succeeded. Full details:
E         number::number(number &&) =>
E           TypeError: could not convert argument 1: [InstanceMoveConverter]
E         number::number() =>
E           TypeError: takes at most 0 arguments (1 given)
E         number constructor failed
E         number::number(const number &) =>
E           TypeError: could not convert argument 1: [InstanceRefConverter]

test_operators.py:77: TypeError
----------------------------- Captured stderr call -----------------------------
JIT session error: Failed to materialize symbols: { (main, { _ZN6numberC2Ei }) }
TClingCallFunc::make_wrapper:Failed to compile
==== SOURCE BEGIN ====
#pragma clang diagnostic push
#pragma clang diagnostic ignored "-Wformat-security"
__attribute__((used)) __attribute__((annotate("__cling__ptrcheck(off)")))
extern "C" void __jc_1053(void* ret, unsigned long nary, unsigned long nargs, void** args, void* is_arena)
{
      (*(number**)ret) = (is_arena) ? ::new (*(number**)ret) number(*(int*)args[0]): new number(*(int*)args[0]);
}
#pragma clang diagnostic pop
==== SOURCE END ====
____________________ TestOPERATORS.test04_boolean_operator _____________________

self = <test_operators.TestOPERATORS object at 0x70acb27263f0>

    def test04_boolean_operator(self):
        """Test implementation of operator bool"""
    
        import cppjit
    
        number = cppjit.gbl.number
    
>       n = number(20)
            ^^^^^^^^^^
E       TypeError: none of the 4 overloaded methods succeeded. Full details:
E         number::number(number &&) =>
E           TypeError: could not convert argument 1: [InstanceMoveConverter]
E         number::number() =>
E           TypeError: takes at most 0 arguments (1 given)
E         number constructor failed
E         number::number(const number &) =>
E           TypeError: could not convert argument 1: [InstanceRefConverter]

test_operators.py:91: TypeError
----------------------------- Captured stderr call -----------------------------
JIT session error: Failed to materialize symbols: { (main, { _ZN6numberC2Ei }) }
TClingCallFunc::make_wrapper:Failed to compile
==== SOURCE BEGIN ====
#pragma clang diagnostic push
#pragma clang diagnostic ignored "-Wformat-security"
__attribute__((used)) __attribute__((annotate("__cling__ptrcheck(off)")))
extern "C" void __jc_1054(void* ret, unsigned long nary, unsigned long nargs, void** args, void* is_arena)
{
      (*(number**)ret) = (is_arena) ? ::new (*(number**)ret) number(*(int*)args[0]): new number(*(int*)args[0]);
}
#pragma clang diagnostic pop
==== SOURCE END ====
_______________________ TestOPERATORS.test05_exact_types _______________________

self = <test_operators.TestOPERATORS object at 0x70acb272d5b0>

    def test05_exact_types(self):
        """Test converter operators of exact types"""
    
        import cppjit
    
        gbl = cppjit.gbl
    
>       o = gbl.operator_char_star()
            ^^^^^^^^^^^^^^^^^^^^^^^^
E       TypeError: none of the 3 overloaded methods succeeded. Full details:
E         operator_char_star::operator_char_star(operator_char_star &&) =>
E           TypeError: takes at least 1 arguments (0 given)
E         operator_char_star constructor failed
E         operator_char_star::operator_char_star(const operator_char_star &) =>
E           TypeError: takes at least 1 arguments (0 given)

test_operators.py:104: TypeError
----------------------------- Captured stderr call -----------------------------
JIT session error: In graph incr_module_4109-jitted-objectbuffer, section .eh_frame: relocation target 0x70acb471d0a0 (DW.ref.__gxx_personality_v0) is out of range of Delta32 fixup at address 0x70acb471d0a0 (<anonymous block> @ 0x70ac26ce8070 + 0x13)
TClingCallFunc::make_wrapper:Failed to compile
==== SOURCE BEGIN ====
#pragma clang diagnostic push
#pragma clang diagnostic ignored "-Wformat-security"
__attribute__((used)) __attribute__((annotate("__cling__ptrcheck(off)")))
extern "C" void __jc_1055(void* ret, unsigned long nary, unsigned long nargs, void** args, void* is_arena)
{
   if (nary > 1) {
   (*(operator_char_star**)ret) = (is_arena) ? ::new (*(operator_char_star**)ret) operator_char_star[nary]: new operator_char_star[nary];
   }
else {
   (*(operator_char_star**)ret) = (is_arena) ? ::new (*(operator_char_star**)ret) operator_char_star(): new operator_char_star();
}
}
#pragma clang diagnostic pop
==== SOURCE END ====
___________________ TestOPERATORS.test07_virtual_operator_eq ___________________

self = <test_operators.TestOPERATORS object at 0x70acb28689e0>

    def test07_virtual_operator_eq(self):
        """Test use of virtual bool operator=="""
    
        import cppjit
    
>       b1 = cppjit.gbl.v_opeq_base(1)
             ^^^^^^^^^^^^^^^^^^^^^^^^^
E       TypeError: none of the 2 overloaded methods succeeded. Full details:
E         v_opeq_base constructor failed
E         v_opeq_base::v_opeq_base(const v_opeq_base &) =>
E           TypeError: could not convert argument 1: [InstanceRefConverter]

test_operators.py:159: TypeError
----------------------------- Captured stderr call -----------------------------
JIT session error: In graph incr_module_4126-jitted-objectbuffer, section .eh_frame: relocation target 0x70acb471d0a0 (DW.ref.__gxx_personality_v0) is out of range of Delta32 fixup at address 0x70acb471d0a0 (<anonymous block> @ 0x70ac26cd0010 + 0x13)
TClingCallFunc::make_wrapper:Failed to compile
==== SOURCE BEGIN ====
#pragma clang diagnostic push
#pragma clang diagnostic ignored "-Wformat-security"
__attribute__((used)) __attribute__((annotate("__cling__ptrcheck(off)")))
extern "C" void __jc_1068(void* ret, unsigned long nary, unsigned long nargs, void** args, void* is_arena)
{
      (*(v_opeq_base**)ret) = (is_arena) ? ::new (*(v_opeq_base**)ret) v_opeq_base(*(int*)args[0]): new v_opeq_base(*(int*)args[0]);
}
#pragma clang diagnostic pop
==== SOURCE END ====
_______________ TestOPERATORS.test08_call_to_getsetitem_mapping ________________

self = <test_operators.TestOPERATORS object at 0x70acb3a79d50>

    def test08_call_to_getsetitem_mapping(self):
        """Map () to []"""
    
        import cppjit
    
>       m = cppjit.gbl.YAMatrix1()
            ^^^^^^^^^^^^^^^^^^^^^^
E       TypeError: none of the 3 overloaded methods succeeded. Full details:
E         YAMatrix1::YAMatrix1(YAMatrix1 &&) =>
E           TypeError: takes at least 1 arguments (0 given)
E         YAMatrix1 constructor failed
E         YAMatrix1::YAMatrix1(const YAMatrix1 &) =>
E           TypeError: takes at least 1 arguments (0 given)

test_operators.py:198: TypeError
----------------------------- Captured stderr call -----------------------------
JIT session error: In graph incr_module_4127-jitted-objectbuffer, section .eh_frame: relocation target 0x70acb471d0a0 (DW.ref.__gxx_personality_v0) is out of range of Delta32 fixup at address 0x70acb471d0a0 (<anonymous block> @ 0x70ac26cd0058 + 0x13)
TClingCallFunc::make_wrapper:Failed to compile
==== SOURCE BEGIN ====
#pragma clang diagnostic push
#pragma clang diagnostic ignored "-Wformat-security"
__attribute__((used)) __attribute__((annotate("__cling__ptrcheck(off)")))
extern "C" void __jc_1069(void* ret, unsigned long nary, unsigned long nargs, void** args, void* is_arena)
{
   if (nary > 1) {
   (*(YAMatrix1**)ret) = (is_arena) ? ::new (*(YAMatrix1**)ret) YAMatrix1[nary]: new YAMatrix1[nary];
   }
else {
   (*(YAMatrix1**)ret) = (is_arena) ? ::new (*(YAMatrix1**)ret) YAMatrix1(): new YAMatrix1();
}
}
#pragma clang diagnostic pop
==== SOURCE END ====
____________________ TestOPERATORS.test10_r_non_associative ____________________

self = <test_operators.TestOPERATORS object at 0x70acb26227b0>

    def test10_r_non_associative(self):
        """Use of radd/rmul with non-associative types"""
    
        import cppjit
    
        # Note: calls are repeated to test caching, if any
    
>       a = cppjit.gbl.AssocADD(5.0)
            ^^^^^^^^^^^^^^^^^^^^^^^^
E       TypeError: none of the 3 overloaded methods succeeded. Full details:
E         AssocADD::AssocADD(AssocADD &&) =>
E           TypeError: could not convert argument 1: [InstanceMoveConverter]
E         AssocADD::AssocADD(const AssocADD &) =>
E           TypeError: could not convert argument 1: [InstanceRefConverter]
E         AssocADD constructor failed

test_operators.py:259: TypeError
----------------------------- Captured stderr call -----------------------------
JIT session error: In graph incr_module_4131-jitted-objectbuffer, section .eh_frame: relocation target 0x70acb471d0a0 (DW.ref.__gxx_personality_v0) is out of range of Delta32 fixup at address 0x70acb471d0a0 (<anonymous block> @ 0x70ac26cca050 + 0x13)
TClingCallFunc::make_wrapper:Failed to compile
==== SOURCE BEGIN ====
#pragma clang diagnostic push
#pragma clang diagnostic ignored "-Wformat-security"
__attribute__((used)) __attribute__((annotate("__cling__ptrcheck(off)")))
extern "C" void __jc_1073(void* ret, unsigned long nary, unsigned long nargs, void** args, void* is_arena)
{
      (*(AssocADD**)ret) = (is_arena) ? ::new (*(AssocADD**)ret) AssocADD(*(double*)args[0]): new AssocADD(*(double*)args[0]);
}
#pragma clang diagnostic pop
==== SOURCE END ====
__________________ TestOPERATORS.test11_overloaded_operators ___________________

self = <test_operators.TestOPERATORS object at 0x70acb2622a80>

    def test11_overloaded_operators(self):
        """Overloaded operator*/+-"""
    
        import cppjit
    
>       v = cppjit.gbl.MultiLookup.Vector2(1, 2)
            ^^^^^^^^^^^^^^^^^^^^^^^^^^^^^^^^^^^^
E       TypeError: none of the 3 overloaded methods succeeded. Full details:
E         Vector2::Vector2(MultiLookup::Vector2 &&) =>
E           TypeError: takes at most 1 arguments (2 given)
E         Vector2::Vector2(const MultiLookup::Vector2 &) =>
E           TypeError: takes at most 1 arguments (2 given)
E         MultiLookup::Vector2 constructor failed

test_operators.py:288: TypeError
----------------------------- Captured stderr call -----------------------------
JIT session error: In graph incr_module_4135-jitted-objectbuffer, section .eh_frame: relocation target 0x70acb471d0a0 (DW.ref.__gxx_personality_v0) is out of range of Delta32 fixup at address 0x70acb471d0a0 (<anonymous block> @ 0x70ac26cca050 + 0x13)
TClingCallFunc::make_wrapper:Failed to compile
==== SOURCE BEGIN ====
#pragma clang diagnostic push
#pragma clang diagnostic ignored "-Wformat-security"
__attribute__((used)) __attribute__((annotate("__cling__ptrcheck(off)")))
extern "C" void __jc_1074(void* ret, unsigned long nary, unsigned long nargs, void** args, void* is_arena)
{
      (*(MultiLookup::Vector2**)ret) = (is_arena) ? ::new (*(MultiLookup::Vector2**)ret) MultiLookup::Vector2(*(double*)args[0], *(double*)args[1]): new MultiLookup::Vector2(*(double*)args[0], *(double*)args[1]);
}
#pragma clang diagnostic pop
==== SOURCE END ====
_____________________ TestOPERATORS.test12_unary_operators _____________________

self = <test_operators.TestOPERATORS object at 0x70acb26e57f0>

    def test12_unary_operators(self):
        """Unary operator-+~"""
    
        import cppjit
    
        for cls in [cppjit.gbl.SomeGlobalNumber, cppjit.gbl.Unary.SomeNumber]:
>           n = cls(42)
                ^^^^^^^
E           TypeError: none of the 3 overloaded methods succeeded. Full details:
E             SomeGlobalNumber::SomeGlobalNumber(SomeGlobalNumber &&) =>
E               TypeError: could not convert argument 1: [InstanceMoveConverter]
E             SomeGlobalNumber constructor failed
E             SomeGlobalNumber::SomeGlobalNumber(const SomeGlobalNumber &) =>
E               TypeError: could not convert argument 1: [InstanceRefConverter]

test_operators.py:321: TypeError
----------------------------- Captured stderr call -----------------------------
JIT session error: In graph incr_module_4137-jitted-objectbuffer, section .eh_frame: relocation target 0x70acb471d0a0 (DW.ref.__gxx_personality_v0) is out of range of Delta32 fixup at address 0x70acb471d0a0 (<anonymous block> @ 0x70ac26cca048 + 0x13)
TClingCallFunc::make_wrapper:Failed to compile
==== SOURCE BEGIN ====
#pragma clang diagnostic push
#pragma clang diagnostic ignored "-Wformat-security"
__attribute__((used)) __attribute__((annotate("__cling__ptrcheck(off)")))
extern "C" void __jc_1075(void* ret, unsigned long nary, unsigned long nargs, void** args, void* is_arena)
{
      (*(SomeGlobalNumber**)ret) = (is_arena) ? ::new (*(SomeGlobalNumber**)ret) SomeGlobalNumber(*(int*)args[0]): new SomeGlobalNumber(*(int*)args[0]);
}
#pragma clang diagnostic pop
==== SOURCE END ====
_____________________ TestOPERATORS.test13_comma_operator ______________________

self = <test_operators.TestOPERATORS object at 0x70acb2732430>

    def test13_comma_operator(self):
        """Comma operator"""
    
        import cppjit
    
>       c = cppjit.gbl.CommaOperator(1)
            ^^^^^^^^^^^^^^^^^^^^^^^^^^^
E       TypeError: none of the 3 overloaded methods succeeded. Full details:
E         CommaOperator::CommaOperator(CommaOperator &&) =>
E           TypeError: could not convert argument 1: [InstanceMoveConverter]
E         CommaOperator constructor failed
E         CommaOperator::CommaOperator(const CommaOperator &) =>
E           TypeError: could not convert argument 1: [InstanceRefConverter]

test_operators.py:332: TypeError
----------------------------- Captured stderr call -----------------------------
JIT session error: In graph incr_module_4138-jitted-objectbuffer, section .eh_frame: relocation target 0x70acb471d0a0 (DW.ref.__gxx_personality_v0) is out of range of Delta32 fixup at address 0x70acb471d0a0 (<anonymous block> @ 0x70ac26cca048 + 0x13)
TClingCallFunc::make_wrapper:Failed to compile
==== SOURCE BEGIN ====
#pragma clang diagnostic push
#pragma clang diagnostic ignored "-Wformat-security"
__attribute__((used)) __attribute__((annotate("__cling__ptrcheck(off)")))
extern "C" void __jc_1076(void* ret, unsigned long nary, unsigned long nargs, void** args, void* is_arena)
{
      (*(CommaOperator**)ret) = (is_arena) ? ::new (*(CommaOperator**)ret) CommaOperator(*(int*)args[0]): new CommaOperator(*(int*)args[0]);
}
#pragma clang diagnostic pop
==== SOURCE END ====
________________ TestOPERATORS.test16_global_ordered_operators _________________

self = <test_operators.TestOPERATORS object at 0x70acb2639e50>

    def test16_global_ordered_operators(self):
        """Globally defined ordered oeprators"""
    
        import cppjit
    
        cppjit.cppdef("""\
        namespace FriendOperator {
    
        struct ALt { ALt(int d) : data(d) {} int data; };
        bool operator< (const ALt& a1, const ALt& a2) { return a1.data <  a2.data; }
    
        struct ALe { ALe(int d) : data(d) {} int data; };
        bool operator<=(const ALe& a1, const ALe& a2) { return a1.data <= a2.data; }
    
        struct AGt { AGt(int d) : data(d) {} int data; };
        bool operator> (const AGt& a1, const AGt& a2) { return a1.data >  a2.data; }
    
        struct AGe { AGe(int d) : data(d) {} int data; };
        bool operator>=(const AGe& a1, const AGe& a2) { return a1.data >= a2.data; }
    
        }""")
    
        ns = cppjit.gbl.FriendOperator
    
>       assert ns.ALt(4) < ns.ALt(5)
               ^^^^^^^^^
E       TypeError: none of the 3 overloaded methods succeeded. Full details:
E         ALt::ALt(FriendOperator::ALt &&) =>
E           TypeError: could not convert argument 1: [InstanceMoveConverter]
E         FriendOperator::ALt constructor failed
E         ALt::ALt(const FriendOperator::ALt &) =>
E           TypeError: could not convert argument 1: [InstanceRefConverter]

test_operators.py:394: TypeError
----------------------------- Captured stderr call -----------------------------
JIT session error: In graph incr_module_4163-jitted-objectbuffer, section .eh_frame: relocation target 0x70acb471d0a0 (DW.ref.__gxx_personality_v0) is out of range of Delta32 fixup at address 0x70acb471d0a0 (<anonymous block> @ 0x70ac26cba048 + 0x13)
TClingCallFunc::make_wrapper:Failed to compile
==== SOURCE BEGIN ====
#pragma clang diagnostic push
#pragma clang diagnostic ignored "-Wformat-security"
__attribute__((used)) __attribute__((annotate("__cling__ptrcheck(off)")))
extern "C" void __jc_1085(void* ret, unsigned long nary, unsigned long nargs, void** args, void* is_arena)
{
      (*(FriendOperator::ALt**)ret) = (is_arena) ? ::new (*(FriendOperator::ALt**)ret) FriendOperator::ALt(*(int*)args[0]): new FriendOperator::ALt(*(int*)args[0]);
}
#pragma clang diagnostic pop
==== SOURCE END ====
__________________ TestOVERLOADS.test01_class_based_overloads __________________

self = <test_overloads.TestOVERLOADS object at 0x70acb27cfc50>

    def test01_class_based_overloads(self):
        """Test functions overloaded on different C++ clases"""
    
        import cppjit
    
        a_overload = cppjit.gbl.a_overload
        b_overload = cppjit.gbl.b_overload
        c_overload = cppjit.gbl.c_overload
        d_overload = cppjit.gbl.d_overload
    
        ns_a_overload = cppjit.gbl.ns_a_overload
        ns_b_overload = cppjit.gbl.ns_b_overload
    
>       assert c_overload().get_int(a_overload()) == 42
               ^^^^^^^^^^^^
E       TypeError: none of the 3 overloaded methods succeeded. Full details:
E         c_overload::c_overload(c_overload &&) =>
E           TypeError: takes at least 1 arguments (0 given)
E         c_overload constructor failed
E         c_overload::c_overload(const c_overload &) =>
E           TypeError: takes at least 1 arguments (0 given)

test_overloads.py:33: TypeError
----------------------------- Captured stderr call -----------------------------
JIT session error: In graph incr_module_4172-jitted-objectbuffer, section .eh_frame: relocation target 0x70acb471d0a0 (DW.ref.__gxx_personality_v0) is out of range of Delta32 fixup at address 0x70acb471d0a0 (<anonymous block> @ 0x70ac26cae020 + 0x13)
TClingCallFunc::make_wrapper:Failed to compile
==== SOURCE BEGIN ====
#pragma clang diagnostic push
#pragma clang diagnostic ignored "-Wformat-security"
__attribute__((used)) __attribute__((annotate("__cling__ptrcheck(off)")))
extern "C" void __jc_1089(void* ret, unsigned long nary, unsigned long nargs, void** args, void* is_arena)
{
   if (nary > 1) {
   (*(c_overload**)ret) = (is_arena) ? ::new (*(c_overload**)ret) c_overload[nary]: new c_overload[nary];
   }
else {
   (*(c_overload**)ret) = (is_arena) ? ::new (*(c_overload**)ret) c_overload(): new c_overload();
}
}
#pragma clang diagnostic pop
==== SOURCE END ====
________ TestOVERLOADS.test02_class_based_overloads_explicit_resolution ________

self = <test_overloads.TestOVERLOADS object at 0x70acb27cfd90>

    def test02_class_based_overloads_explicit_resolution(self):
        """Test explicitly resolved function overloads"""
    
        import cppjit
    
        a_overload = cppjit.gbl.a_overload
        b_overload = cppjit.gbl.b_overload
        c_overload = cppjit.gbl.c_overload
        d_overload = cppjit.gbl.d_overload
    
        ns_a_overload = cppjit.gbl.ns_a_overload
    
>       c = c_overload()
            ^^^^^^^^^^^^
E       TypeError: none of the 3 overloaded methods succeeded. Full details:
E         c_overload::c_overload(c_overload &&) =>
E           TypeError: takes at least 1 arguments (0 given)
E         c_overload constructor failed
E         c_overload::c_overload(const c_overload &) =>
E           TypeError: takes at least 1 arguments (0 given)

test_overloads.py:56: TypeError
----------------------------- Captured stderr call -----------------------------
JIT session error: In graph incr_module_4173-jitted-objectbuffer, section .eh_frame: relocation target 0x70acb471d0a0 (DW.ref.__gxx_personality_v0) is out of range of Delta32 fixup at address 0x70acb471d0a0 (<anonymous block> @ 0x70ac26cae020 + 0x13)
TClingCallFunc::make_wrapper:Failed to compile
==== SOURCE BEGIN ====
#pragma clang diagnostic push
#pragma clang diagnostic ignored "-Wformat-security"
__attribute__((used)) __attribute__((annotate("__cling__ptrcheck(off)")))
extern "C" void __jc_1090(void* ret, unsigned long nary, unsigned long nargs, void** args, void* is_arena)
{
   if (nary > 1) {
   (*(c_overload**)ret) = (is_arena) ? ::new (*(c_overload**)ret) c_overload[nary]: new c_overload[nary];
   }
else {
   (*(c_overload**)ret) = (is_arena) ? ::new (*(c_overload**)ret) c_overload(): new c_overload();
}
}
#pragma clang diagnostic pop
==== SOURCE END ====
______________ TestOVERLOADS.test03_fragile_class_based_overloads ______________

self = <test_overloads.TestOVERLOADS object at 0x70acb2726780>

    def test03_fragile_class_based_overloads(self):
        """Test functions overloaded on void* and non-existing classes"""
    
        import cppjit
    
        more_overloads = cppjit.gbl.more_overloads
        aa_ol = cppjit.gbl.aa_ol
        bb_ol = cppjit.gbl.bb_ol
        cc_ol = cppjit.gbl.cc_ol
        dd_ol = cppjit.gbl.dd_ol
    
>       assert more_overloads().call(aa_ol()) == "aa_ol"
               ^^^^^^^^^^^^^^^^
E       TypeError: none of the 3 overloaded methods succeeded. Full details:
E         more_overloads::more_overloads(more_overloads &&) =>
E           TypeError: takes at least 1 arguments (0 given)
E         more_overloads constructor failed
E         more_overloads::more_overloads(const more_overloads &) =>
E           TypeError: takes at least 1 arguments (0 given)

test_overloads.py:87: TypeError
----------------------------- Captured stderr call -----------------------------
JIT session error: In graph incr_module_4174-jitted-objectbuffer, section .eh_frame: relocation target 0x70acb471d0a0 (DW.ref.__gxx_personality_v0) is out of range of Delta32 fixup at address 0x70acb471d0a0 (<anonymous block> @ 0x70ac26cae020 + 0x13)
TClingCallFunc::make_wrapper:Failed to compile
==== SOURCE BEGIN ====
#pragma clang diagnostic push
#pragma clang diagnostic ignored "-Wformat-security"
__attribute__((used)) __attribute__((annotate("__cling__ptrcheck(off)")))
extern "C" void __jc_1091(void* ret, unsigned long nary, unsigned long nargs, void** args, void* is_arena)
{
   if (nary > 1) {
   (*(more_overloads**)ret) = (is_arena) ? ::new (*(more_overloads**)ret) more_overloads[nary]: new more_overloads[nary];
   }
else {
   (*(more_overloads**)ret) = (is_arena) ? ::new (*(more_overloads**)ret) more_overloads(): new more_overloads();
}
}
#pragma clang diagnostic pop
==== SOURCE END ====
_________________ TestOVERLOADS.test04_fully_fragile_overloads _________________

self = <test_overloads.TestOVERLOADS object at 0x70acb27268b0>

    def test04_fully_fragile_overloads(self):
        """Test that unknown* is preferred over unknown&"""
    
        import cppjit
    
        more_overloads2 = cppjit.gbl.more_overloads2
    
        bb = cppjit.bind_object(cppjit.nullptr, cppjit.gbl.bb_ol)
>       assert more_overloads2().call(bb) == "bb_olptr"
               ^^^^^^^^^^^^^^^^^
E       TypeError: none of the 3 overloaded methods succeeded. Full details:
E         more_overloads2::more_overloads2(more_overloads2 &&) =>
E           TypeError: takes at least 1 arguments (0 given)
E         more_overloads2 constructor failed
E         more_overloads2::more_overloads2(const more_overloads2 &) =>
E           TypeError: takes at least 1 arguments (0 given)

test_overloads.py:105: TypeError
----------------------------- Captured stderr call -----------------------------
JIT session error: In graph incr_module_4175-jitted-objectbuffer, section .eh_frame: relocation target 0x70acb471d0a0 (DW.ref.__gxx_personality_v0) is out of range of Delta32 fixup at address 0x70acb471d0a0 (<anonymous block> @ 0x70ac26cae020 + 0x13)
TClingCallFunc::make_wrapper:Failed to compile
==== SOURCE BEGIN ====
#pragma clang diagnostic push
#pragma clang diagnostic ignored "-Wformat-security"
__attribute__((used)) __attribute__((annotate("__cling__ptrcheck(off)")))
extern "C" void __jc_1092(void* ret, unsigned long nary, unsigned long nargs, void** args, void* is_arena)
{
   if (nary > 1) {
   (*(more_overloads2**)ret) = (is_arena) ? ::new (*(more_overloads2**)ret) more_overloads2[nary]: new more_overloads2[nary];
   }
else {
   (*(more_overloads2**)ret) = (is_arena) ? ::new (*(more_overloads2**)ret) more_overloads2(): new more_overloads2();
}
}
#pragma clang diagnostic pop
==== SOURCE END ====
_____________________ TestOVERLOADS.test05_array_overloads _____________________

self = <test_overloads.TestOVERLOADS object at 0x70acb2998050>

    def test05_array_overloads(self):
        """Test functions overloaded on different arrays"""
    
        import cppjit
    
        c_overload = cppjit.gbl.c_overload
        d_overload = cppjit.gbl.d_overload
    
        from array import array
    
        ai = array("i", [525252])
>       assert c_overload().get_int(ai) == 525252
               ^^^^^^^^^^^^
E       TypeError: none of the 3 overloaded methods succeeded. Full details:
E         c_overload::c_overload(c_overload &&) =>
E           TypeError: takes at least 1 arguments (0 given)
E         c_overload constructor failed
E         c_overload::c_overload(const c_overload &) =>
E           TypeError: takes at least 1 arguments (0 given)

test_overloads.py:121: TypeError
----------------------------- Captured stderr call -----------------------------
JIT session error: In graph incr_module_4176-jitted-objectbuffer, section .eh_frame: relocation target 0x70acb471d0a0 (DW.ref.__gxx_personality_v0) is out of range of Delta32 fixup at address 0x70acb471d0a0 (<anonymous block> @ 0x70ac26cae020 + 0x13)
TClingCallFunc::make_wrapper:Failed to compile
==== SOURCE BEGIN ====
#pragma clang diagnostic push
#pragma clang diagnostic ignored "-Wformat-security"
__attribute__((used)) __attribute__((annotate("__cling__ptrcheck(off)")))
extern "C" void __jc_1093(void* ret, unsigned long nary, unsigned long nargs, void** args, void* is_arena)
{
   if (nary > 1) {
   (*(c_overload**)ret) = (is_arena) ? ::new (*(c_overload**)ret) c_overload[nary]: new c_overload[nary];
   }
else {
   (*(c_overload**)ret) = (is_arena) ? ::new (*(c_overload**)ret) c_overload(): new c_overload();
}
}
#pragma clang diagnostic pop
==== SOURCE END ====
__________________ TestOVERLOADS.test06_double_int_overloads ___________________

self = <test_overloads.TestOVERLOADS object at 0x70acb2869040>

    def test06_double_int_overloads(self):
        """Test overloads on int/doubles"""
    
        import cppjit
    
        more_overloads = cppjit.gbl.more_overloads
    
>       assert more_overloads().call(1) == "int"
               ^^^^^^^^^^^^^^^^
E       TypeError: none of the 3 overloaded methods succeeded. Full details:
E         more_overloads::more_overloads(more_overloads &&) =>
E           TypeError: takes at least 1 arguments (0 given)
E         more_overloads constructor failed
E         more_overloads::more_overloads(const more_overloads &) =>
E           TypeError: takes at least 1 arguments (0 given)

test_overloads.py:135: TypeError
----------------------------- Captured stderr call -----------------------------
JIT session error: In graph incr_module_4177-jitted-objectbuffer, section .eh_frame: relocation target 0x70acb471d0a0 (DW.ref.__gxx_personality_v0) is out of range of Delta32 fixup at address 0x70acb471d0a0 (<anonymous block> @ 0x70ac26cae020 + 0x13)
TClingCallFunc::make_wrapper:Failed to compile
==== SOURCE BEGIN ====
#pragma clang diagnostic push
#pragma clang diagnostic ignored "-Wformat-security"
__attribute__((used)) __attribute__((annotate("__cling__ptrcheck(off)")))
extern "C" void __jc_1094(void* ret, unsigned long nary, unsigned long nargs, void** args, void* is_arena)
{
   if (nary > 1) {
   (*(more_overloads**)ret) = (is_arena) ? ::new (*(more_overloads**)ret) more_overloads[nary]: new more_overloads[nary];
   }
else {
   (*(more_overloads**)ret) = (is_arena) ? ::new (*(more_overloads**)ret) more_overloads(): new more_overloads();
}
}
#pragma clang diagnostic pop
==== SOURCE END ====
_________________ TestOVERLOADS.test10_overload_and_exceptions _________________

self = <test_overloads.TestOVERLOADS object at 0x70acb2622f30>

    @mark.xfail(condition=IS_MAC, run=not IS_MAC_ARM, reason="Seg Faults")
    def test10_overload_and_exceptions(self):
        """Prioritize reporting C++ exceptions from callee"""
    
        if ispypy or IS_WINDOWS:
            skip("throwing exceptions from the JIT terminates the process")
    
        import cppjit
    
        cppjit.cppdef("""\
        namespace ExceptionTypeTest {
    
        class ConfigFileNotFoundError : public std::exception {
            std::string fMsg;
        public:
            ConfigFileNotFoundError(const std::string& msg) : fMsg(msg) {}
            const char* what() const throw() { return fMsg.c_str(); }
        };
    
        class MyClass1 {
        public:
            MyClass1(const std::string& configfilename) {
                throw ConfigFileNotFoundError{configfilename};
            }
            MyClass1(const MyClass1& other) {}
        };
    
        class MyClass2 {
        public:
            MyClass2(const std::string& configfilename) {
                throw ConfigFileNotFoundError{configfilename};
            }
            MyClass2(const char* configfilename) {
                throw ConfigFileNotFoundError{configfilename};
            }
            MyClass2(const MyClass2& other) {}
        };
    
        class MyClass3 {
        public:
            MyClass3(int) {}
            MyClass3(const MyClass3& other) {}
        }; }""")
    
        ns = cppjit.gbl.ExceptionTypeTest
    
        with raises(ns.ConfigFileNotFoundError):
>           ns.MyClass1("some_file")
E           TypeError: none of the 2 overloaded methods succeeded. Full details:
E             ExceptionTypeTest::MyClass1 constructor failed
E             MyClass1::MyClass1(const ExceptionTypeTest::MyClass1 & other) =>
E               TypeError: could not convert argument 1: [InstanceRefConverter]

test_overloads.py:261: TypeError
----------------------------- Captured stderr call -----------------------------
JIT session error: Failed to materialize symbols: { (main, { _ZNKSt7__cxx1112basic_stringIcSt11char_traitsIcESaIcEE5c_strEv }) }
TClingCallFunc::make_wrapper:Failed to compile
==== SOURCE BEGIN ====
#pragma clang diagnostic push
#pragma clang diagnostic ignored "-Wformat-security"
__attribute__((used)) __attribute__((annotate("__cling__ptrcheck(off)")))
extern "C" void __jc_1110(void* ret, unsigned long nary, unsigned long nargs, void** args, void* is_arena)
{
      (*(ExceptionTypeTest::MyClass1**)ret) = (is_arena) ? ::new (*(ExceptionTypeTest::MyClass1**)ret) ExceptionTypeTest::MyClass1((const std::basic_string<char>&)*(const std::basic_string<char>*)args[0]): new ExceptionTypeTest::MyClass1((const std::basic_string<char>&)*(const std::basic_string<char>*)args[0]);
}
#pragma clang diagnostic pop
==== SOURCE END ====
____________________ TestOVERLOADS.test11_deep_inheritance _____________________

self = <test_overloads.TestOVERLOADS object at 0x70acb2622d50>

    def test11_deep_inheritance(self):
        """Prioritize expected most derived class"""
    
        import cppjit
    
        cppjit.cppdef("""\
        namespace DeepInheritance {
        class A {};
        class B: public A {};
        class C: public B {};
    
        class D: public A {};
        class E: public D {};
    
        std::string myfunc1(const B&) { return "B"; }
        std::string myfunc1(const C&) { return "C"; }
        std::string myfunc2(const E&) { return "E"; }
        std::string myfunc2(const D&) { return "D"; }
        }""")
    
        ns = cppjit.gbl.DeepInheritance
    
>       assert ns.myfunc1(ns.B()) == "B"
E       AssertionError: assert b'' == 'B'
E        +  where b'' = <cppjit.CPPOverload object at 0x70acb28b8b40>(<cppjit.gbl.DeepInheritance.B object at 0x5f7922c54ee0>)
E        +    where <cppjit.CPPOverload object at 0x70acb28b8b40> = <namespace cppjit.gbl.DeepInheritance at 0x5f7922e51720>.myfunc1
E        +    and   <cppjit.gbl.DeepInheritance.B object at 0x5f7922c54ee0> = <class cppjit.gbl.DeepInheritance.B at 0x5f791d4797e0>()
E        +      where <class cppjit.gbl.DeepInheritance.B at 0x5f791d4797e0> = <namespace cppjit.gbl.DeepInheritance at 0x5f7922e51720>.B

test_overloads.py:291: AssertionError
----------------------------- Captured stderr call -----------------------------
JIT session error: In graph incr_module_4204-jitted-objectbuffer, section .eh_frame: relocation target 0x70acb471d0a0 (DW.ref.__gxx_personality_v0) is out of range of Delta32 fixup at address 0x70acb471d0a0 (<anonymous block> @ 0x70ac26c80088 + 0x13)
TClingCallFunc::make_wrapper:Failed to compile
==== SOURCE BEGIN ====
#pragma clang diagnostic push
#pragma clang diagnostic ignored "-Wformat-security"
__attribute__((used)) __attribute__((annotate("__cling__ptrcheck(off)")))
extern "C" void __jc_1112(void* obj, unsigned long nargs, void** args, void* ret)
{
   if (ret) {
      ::new (ret) (std::string) (((std::string (&)(const DeepInheritance::B &))DeepInheritance::myfunc1)((const DeepInheritance::B&)*(const DeepInheritance::B*)args[0]));
      return;
   }
   else {
      (void)(((std::string (&)(const DeepInheritance::B &))DeepInheritance::myfunc1)((const DeepInheritance::B&)*(const DeepInheritance::B*)args[0]));
      return;
   }
}
#pragma clang diagnostic pop
==== SOURCE END ====
JIT session error: Failed to materialize symbols: { (main, { _ZNSt7__cxx1112basic_stringIcSt11char_traitsIcESaIcEE5beginEv }) }
TClingCallFunc::make_wrapper:Failed to compile
==== SOURCE BEGIN ====
#pragma clang diagnostic push
#pragma clang diagnostic ignored "-Wformat-security"
__attribute__((used)) __attribute__((annotate("__cling__ptrcheck(off)")))
extern "C" void __jc_1113(void* obj, unsigned long nargs, void** args, void* ret)
{
   if (ret) {
      ::new (ret) (std::basic_string<char>::iterator) (((std::basic_string<char, std::char_traits<char>, std::allocator<char>>*)obj)->std::basic_string<char, std::char_traits<char>, std::allocator<char>>::begin());
      return;
   }
   else {
      (void)(((std::basic_string<char, std::char_traits<char>, std::allocator<char>>*)obj)->std::basic_string<char, std::char_traits<char>, std::allocator<char>>::begin());
      return;
   }
}
#pragma clang diagnostic pop
==== SOURCE END ====
JIT session error: Failed to materialize symbols: { (main, { _ZNKSt7__cxx1112basic_stringIcSt11char_traitsIcESaIcEE5beginEv }) }
TClingCallFunc::make_wrapper:Failed to compile
==== SOURCE BEGIN ====
#pragma clang diagnostic push
#pragma clang diagnostic ignored "-Wformat-security"
__attribute__((used)) __attribute__((annotate("__cling__ptrcheck(off)")))
extern "C" void __jc_1114(void* obj, unsigned long nargs, void** args, void* ret)
{
   if (ret) {
      ::new (ret) (std::basic_string<char>::const_iterator) (((const std::basic_string<char, std::char_traits<char>, std::allocator<char>>*)obj)->std::basic_string<char, std::char_traits<char>, std::allocator<char>>::begin());
      return;
   }
   else {
      (void)(((const std::basic_string<char, std::char_traits<char>, std::allocator<char>>*)obj)->std::basic_string<char, std::char_traits<char>, std::allocator<char>>::begin());
      return;
   }
}
#pragma clang diagnostic pop
==== SOURCE END ====
__________ TestOVERLOADS.test13_disallow_functor_to_function_pointer ___________

self = <test_overloads.TestOVERLOADS object at 0x70acb28e4670>

    def test13_disallow_functor_to_function_pointer(self):
        """Make sure we're no allowing to convert C++ functors to function
        pointers, extending the C++ language in an unnatural way that can lead
        to wrong overload resolutions."""
        import cppjit
    
        cppjit.cppdef("""
        class Test14Functor {
        public:
            double operator () (double* args, double*) {
                return 4.0 * args[0];
            }
        };
    
        int test14_foo(double (*fcn)(double*, double*)) {
            return 0;
        }
    
        template<class T>
        int test14_foo(T fcn) {
            return 1;
        }
    
        int test14_bar(double (*fcn)(double*, double*)) {
            return 0;
        }
    
        int test14_baz(double (*fcn)(double*, double*)) {
            return 0;
        }
    
        int test14_baz(std::function<double(double*, double*)> const &fcn) {
            return 2;
        }
        """)
    
        functor = cppjit.gbl.Test14Functor()
        assert cppjit.gbl.test14_foo(functor) == 1  # should resolve to foo(T fcn)
        # not allowed, because there is only an overload taking a function pointer
        raises(TypeError, cppjit.gbl.test14_bar, functor)
        # The "baz" function has a std::function overload, which should be selected
        assert (
>           cppjit.gbl.test14_baz(functor) == 2
            ^^^^^^^^^^^^^^^^^^^^^^^^^^^^^^
        )  # should resolve to baz(std::function)
E       TypeError: none of the 2 overloaded methods succeeded. Full details:
E         int test14_baz(const std::function<double (double *, double *)> & fcn) =>
E           TypeError: could not convert argument 1: [StdFunctionConverter]
E         int test14_baz(double (*)(double *, double *) fcn) =>
E           TypeError: could not convert argument 1: [FunctionPointerConverter]

test_overloads.py:366: TypeError
----------------------------- Captured stderr call -----------------------------
JIT session error: In graph incr_module_4226-jitted-objectbuffer, section .text: relocation target 0x70acb45ceb0c (_ZNSt10unique_ptrIN6cppjit5cpyrt9ConverterESt8functionIFvPS2_EEED2Ev:0x70acb45ceb10 + 0xfffffffffffffffc) is out of range of Delta32 fixup at address 0x70acb45ceb10 (_ZN17__cppjit_internal11fptr_wrap18EPdS0_, 0x70ac26c77000 + 0xff)
____________ TestOVERLOADS.test16_voidp_does_not_outrank_conversion ____________

self = <test_overloads.TestOVERLOADS object at 0x70acb263b650>

    def test16_voidp_does_not_outrank_conversion(self):
        """Verify that a const void* overload does not shadow a converting one."""
    
        import cppjit
    
        cppjit.cppdef("""
        namespace VoidPPriority {
        struct Handle {
            void* data;
            Handle() : data(nullptr) {}
            Handle(void* p) : data(p) {}
        };
        struct ConstHandle {
            const void* data;
            ConstHandle() : data(nullptr) {}
            ConstHandle(const void* p) : data(p) {}   // declared first on purpose
            ConstHandle(Handle h) : data(h.data) {}
        };
        Handle make_handle() { return Handle((void*)0xABCD1234); }
        bool kept_value(ConstHandle c) { return c.data == (const void*)0xABCD1234; }
        }""")
    
        ns = cppjit.gbl.VoidPPriority
    
        # taking ConstHandle(const void*) would pass the proxy's address instead
        h = ns.make_handle()
>       assert ns.kept_value(h)
               ^^^^^^^^^^^^^^^^
E       TypeError: bool VoidPPriority::kept_value(VoidPPriority::ConstHandle c) =>
E           TypeError: could not convert argument 1: [InstanceConverter]

test_overloads.py:436: TypeError
----------------------------- Captured stderr call -----------------------------
JIT session error: In graph incr_module_4243-jitted-objectbuffer, section .eh_frame: relocation target 0x70acb471d0a0 (DW.ref.__gxx_personality_v0) is out of range of Delta32 fixup at address 0x70acb471d0a0 (<anonymous block> @ 0x70ac26c64050 + 0x13)
TClingCallFunc::make_wrapper:Failed to compile
==== SOURCE BEGIN ====
#pragma clang diagnostic push
#pragma clang diagnostic ignored "-Wformat-security"
__attribute__((used)) __attribute__((annotate("__cling__ptrcheck(off)")))
extern "C" void __jc_1127(void* ret, unsigned long nary, unsigned long nargs, void** args, void* is_arena)
{
      (*(VoidPPriority::ConstHandle**)ret) = (is_arena) ? ::new (*(VoidPPriority::ConstHandle**)ret) VoidPPriority::ConstHandle(*(VoidPPriority::Handle*)args[0]): new VoidPPriority::ConstHandle(*(VoidPPriority::Handle*)args[0]);
}
#pragma clang diagnostic pop
==== SOURCE END ====
JIT session error: In graph incr_module_4245-jitted-objectbuffer, section .eh_frame: relocation target 0x70acb471d0a0 (DW.ref.__gxx_personality_v0) is out of range of Delta32 fixup at address 0x70acb471d0a0 (<anonymous block> @ 0x70ac26c64048 + 0x13)
TClingCallFunc::make_wrapper:Failed to compile
==== SOURCE BEGIN ====
#pragma clang diagnostic push
#pragma clang diagnostic ignored "-Wformat-security"
__attribute__((used)) __attribute__((annotate("__cling__ptrcheck(off)")))
extern "C" void __jc_1128(void* ret, unsigned long nary, unsigned long nargs, void** args, void* is_arena)
{
      (*(VoidPPriority::ConstHandle**)ret) = (is_arena) ? ::new (*(VoidPPriority::ConstHandle**)ret) VoidPPriority::ConstHandle(*(const void**)args[0]): new VoidPPriority::ConstHandle(*(const void**)args[0]);
}
#pragma clang diagnostic pop
==== SOURCE END ====
________________ TestPYTHONIFY.test04_constructing_and_calling _________________

self = <test_pythonify.TestPYTHONIFY object at 0x70acb2726c40>

    def test04_constructing_and_calling(self):
        """Test object and method calls"""
    
        import cppjit
    
        example01_class = cppjit.gbl.example01
        assert example01_class.getCount() == 0
>       instance = example01_class(7)
                   ^^^^^^^^^^^^^^^^^^
E       TypeError: none of the 3 overloaded methods succeeded. Full details:
E         example01::example01() =>
E           TypeError: takes at most 0 arguments (1 given)
E         example01 constructor failed
E         example01::example01(const example01 & e) =>
E           TypeError: could not convert argument 1: [InstanceRefConverter]

test_pythonify.py:88: TypeError
----------------------------- Captured stderr call -----------------------------
JIT session error: In graph incr_module_4257-jitted-objectbuffer, section .eh_frame: relocation target 0x70acb471d0a0 (DW.ref.__gxx_personality_v0) is out of range of Delta32 fixup at address 0x70acb471d0a0 (<anonymous block> @ 0x70ac26c51010 + 0x13)
TClingCallFunc::make_wrapper:Failed to compile
==== SOURCE BEGIN ====
#pragma clang diagnostic push
#pragma clang diagnostic ignored "-Wformat-security"
__attribute__((used)) __attribute__((annotate("__cling__ptrcheck(off)")))
extern "C" void __jc_1135(void* ret, unsigned long nary, unsigned long nargs, void** args, void* is_arena)
{
      (*(example01**)ret) = (is_arena) ? ::new (*(example01**)ret) example01(*(int*)args[0]): new example01(*(int*)args[0]);
}
#pragma clang diagnostic pop
==== SOURCE END ====
________________ TestPYTHONIFY.test05_passing_object_by_pointer ________________

self = <test_pythonify.TestPYTHONIFY object at 0x70acb299a210>

    def test05_passing_object_by_pointer(self):
        """Pass object by pointer"""
    
        import cppjit
    
        example01_class = cppjit.gbl.example01
        payload_class = cppjit.gbl.payload
    
>       e = example01_class(14)
            ^^^^^^^^^^^^^^^^^^^
E       TypeError: none of the 3 overloaded methods succeeded. Full details:
E         example01::example01() =>
E           TypeError: takes at most 0 arguments (1 given)
E         example01 constructor failed
E         example01::example01(const example01 & e) =>
E           TypeError: could not convert argument 1: [InstanceRefConverter]

test_pythonify.py:140: TypeError
----------------------------- Captured stderr call -----------------------------
JIT session error: In graph incr_module_4258-jitted-objectbuffer, section .eh_frame: relocation target 0x70acb471d0a0 (DW.ref.__gxx_personality_v0) is out of range of Delta32 fixup at address 0x70acb471d0a0 (<anonymous block> @ 0x70ac26c51010 + 0x13)
TClingCallFunc::make_wrapper:Failed to compile
==== SOURCE BEGIN ====
#pragma clang diagnostic push
#pragma clang diagnostic ignored "-Wformat-security"
__attribute__((used)) __attribute__((annotate("__cling__ptrcheck(off)")))
extern "C" void __jc_1136(void* ret, unsigned long nary, unsigned long nargs, void** args, void* is_arena)
{
      (*(example01**)ret) = (is_arena) ? ::new (*(example01**)ret) example01(*(int*)args[0]): new example01(*(int*)args[0]);
}
#pragma clang diagnostic pop
==== SOURCE END ====
_______________ TestPYTHONIFY.test06_returning_object_by_pointer _______________

self = <test_pythonify.TestPYTHONIFY object at 0x70acb2869e10>

    def test06_returning_object_by_pointer(self):
        """Return an object py pointer"""
    
        import cppjit
    
        example01_class = cppjit.gbl.example01
        payload_class = cppjit.gbl.payload
    
>       pl = payload_class(3.14)
             ^^^^^^^^^^^^^^^^^^^
E       TypeError: none of the 2 overloaded methods succeeded. Full details:
E         payload::payload(const payload & p) =>
E           TypeError: could not convert argument 1: [InstanceRefConverter]
E         payload constructor failed

test_pythonify.py:166: TypeError
----------------------------- Captured stderr call -----------------------------
JIT session error: In graph incr_module_4262-jitted-objectbuffer, section .eh_frame: relocation target 0x70acb471d0a0 (DW.ref.__gxx_personality_v0) is out of range of Delta32 fixup at address 0x70acb471d0a0 (<anonymous block> @ 0x70ac26c4b048 + 0x13)
TClingCallFunc::make_wrapper:Failed to compile
==== SOURCE BEGIN ====
#pragma clang diagnostic push
#pragma clang diagnostic ignored "-Wformat-security"
__attribute__((used)) __attribute__((annotate("__cling__ptrcheck(off)")))
extern "C" void __jc_1140(void* ret, unsigned long nary, unsigned long nargs, void** args, void* is_arena)
{
   if (nargs == 0) {
      if (nary > 1) {
      (*(payload**)ret) = (is_arena) ? ::new (*(payload**)ret) payload[nary]: new payload[nary];
      }
else {
      (*(payload**)ret) = (is_arena) ? ::new (*(payload**)ret) payload(): new payload();
   }
   }
   if (nargs == 1) {
      if (nary > 1) {
      (*(payload**)ret) = (is_arena) ? ::new (*(payload**)ret) payload[nary]: new payload[nary];
      }
else {
      (*(payload**)ret) = (is_arena) ? ::new (*(payload**)ret) payload(*(double*)args[0]): new payload(*(double*)args[0]);
   }
   }
}
#pragma clang diagnostic pop
==== SOURCE END ====
________________ TestPYTHONIFY.test07_returning_object_by_value ________________

self = <test_pythonify.TestPYTHONIFY object at 0x70acb28696a0>

    def test07_returning_object_by_value(self):
        """Return an object by value"""
    
        import cppjit
    
        example01_class = cppjit.gbl.example01
        payload_class = cppjit.gbl.payload
    
>       pl = payload_class(3.14)
             ^^^^^^^^^^^^^^^^^^^
E       TypeError: none of the 2 overloaded methods succeeded. Full details:
E         payload::payload(const payload & p) =>
E           TypeError: could not convert argument 1: [InstanceRefConverter]
E         payload constructor failed

test_pythonify.py:189: TypeError
----------------------------- Captured stderr call -----------------------------
JIT session error: In graph incr_module_4263-jitted-objectbuffer, section .eh_frame: relocation target 0x70acb471d0a0 (DW.ref.__gxx_personality_v0) is out of range of Delta32 fixup at address 0x70acb471d0a0 (<anonymous block> @ 0x70ac26c4b048 + 0x13)
TClingCallFunc::make_wrapper:Failed to compile
==== SOURCE BEGIN ====
#pragma clang diagnostic push
#pragma clang diagnostic ignored "-Wformat-security"
__attribute__((used)) __attribute__((annotate("__cling__ptrcheck(off)")))
extern "C" void __jc_1141(void* ret, unsigned long nary, unsigned long nargs, void** args, void* is_arena)
{
   if (nargs == 0) {
      if (nary > 1) {
      (*(payload**)ret) = (is_arena) ? ::new (*(payload**)ret) payload[nary]: new payload[nary];
      }
else {
      (*(payload**)ret) = (is_arena) ? ::new (*(payload**)ret) payload(): new payload();
   }
   }
   if (nargs == 1) {
      if (nary > 1) {
      (*(payload**)ret) = (is_arena) ? ::new (*(payload**)ret) payload[nary]: new payload[nary];
      }
else {
      (*(payload**)ret) = (is_arena) ? ::new (*(payload**)ret) payload(*(double*)args[0]): new payload(*(double*)args[0]);
   }
   }
}
#pragma clang diagnostic pop
==== SOURCE END ====
_________________________ TestPYTHONIFY.test09_memory __________________________

self = <test_pythonify.TestPYTHONIFY object at 0x70acb3a78150>

    def test09_memory(self):
        """Test proper C++ destruction by the garbage collector"""
    
        import gc
    
        import cppjit
    
        example01_class = cppjit.gbl.example01
        payload_class = cppjit.gbl.payload
    
>       pl = payload_class(3.14)
             ^^^^^^^^^^^^^^^^^^^
E       TypeError: none of the 2 overloaded methods succeeded. Full details:
E         payload::payload(const payload & p) =>
E           TypeError: could not convert argument 1: [InstanceRefConverter]
E         payload constructor failed

test_pythonify.py:227: TypeError
----------------------------- Captured stderr call -----------------------------
JIT session error: In graph incr_module_4266-jitted-objectbuffer, section .eh_frame: relocation target 0x70acb471d0a0 (DW.ref.__gxx_personality_v0) is out of range of Delta32 fixup at address 0x70acb471d0a0 (<anonymous block> @ 0x70ac26c47048 + 0x13)
TClingCallFunc::make_wrapper:Failed to compile
==== SOURCE BEGIN ====
#pragma clang diagnostic push
#pragma clang diagnostic ignored "-Wformat-security"
__attribute__((used)) __attribute__((annotate("__cling__ptrcheck(off)")))
extern "C" void __jc_1144(void* ret, unsigned long nary, unsigned long nargs, void** args, void* is_arena)
{
   if (nargs == 0) {
      if (nary > 1) {
      (*(payload**)ret) = (is_arena) ? ::new (*(payload**)ret) payload[nary]: new payload[nary];
      }
else {
      (*(payload**)ret) = (is_arena) ? ::new (*(payload**)ret) payload(): new payload();
   }
   }
   if (nargs == 1) {
      if (nary > 1) {
      (*(payload**)ret) = (is_arena) ? ::new (*(payload**)ret) payload[nary]: new payload[nary];
      }
else {
      (*(payload**)ret) = (is_arena) ? ::new (*(payload**)ret) payload(*(double*)args[0]): new payload(*(double*)args[0]);
   }
   }
}
#pragma clang diagnostic pop
==== SOURCE END ====
____________________ TestPYTHONIFY.test10_default_arguments ____________________

self = <test_pythonify.TestPYTHONIFY object at 0x70acb26235c0>

    @mark.xfail(condition=IS_MAC, reason="Fails in OSX")
    def test10_default_arguments(self):
        """Test propagation of default function arguments"""
    
        import cppjit
    
        a = cppjit.gbl.ArgPasser()
    
        # NOTE: when called through the stub, default args are fine
        f = a.stringRef
        s = cppjit.gbl.std.string
>       assert f(s("aap"), 0, s("noot")) == "aap"
E       AssertionError: assert b'' == 'aap'
E        +  where b'' = <cppjit.CPPOverload object at 0x70acb29a9780>(b'aap', 0, b'noot')
E        +    where b'aap' = <class cppjit.gbl.std.__cxx11.basic_string<char, std::char_traits<char>, std::allocator<char>> at 0x5f791d0b6cd0>('aap')
E        +    and   b'noot' = <class cppjit.gbl.std.__cxx11.basic_string<char, std::char_traits<char>, std::allocator<char>> at 0x5f791d0b6cd0>('noot')

test_pythonify.py:275: AssertionError
----------------------------- Captured stderr call -----------------------------
JIT session error: In graph incr_module_4268-jitted-objectbuffer, section .eh_frame: relocation target 0x70acb471d0a0 (DW.ref.__gxx_personality_v0) is out of range of Delta32 fixup at address 0x70acb471d0a0 (<anonymous block> @ 0x70ac26c45090 + 0x13)
TClingCallFunc::make_wrapper:Failed to compile
==== SOURCE BEGIN ====
#pragma clang diagnostic push
#pragma clang diagnostic ignored "-Wformat-security"
__attribute__((used)) __attribute__((annotate("__cling__ptrcheck(off)")))
extern "C" void __jc_1146(void* obj, unsigned long nargs, void** args, void* ret)
{
   if (nargs == 1) {
      if (ret) {
         ::new (ret) (std::string) (((ArgPasser*)obj)->ArgPasser::stringRef((const std::basic_string<char>&)*(const std::basic_string<char>*)args[0]));
         return;
      }
      else {
         (void)(((ArgPasser*)obj)->ArgPasser::stringRef((const std::basic_string<char>&)*(const std::basic_string<char>*)args[0]));
         return;
      }
   }
   if (nargs == 2) {
      if (ret) {
         ::new (ret) (std::string) (((ArgPasser*)obj)->ArgPasser::stringRef((const std::basic_string<char>&)*(const std::basic_string<char>*)args[0], *(int*)args[1]));
         return;
      }
      else {
         (void)(((ArgPasser*)obj)->ArgPasser::stringRef((const std::basic_string<char>&)*(const std::basic_string<char>*)args[0], *(int*)args[1]));
         return;
      }
   }
   if (nargs == 3) {
      if (ret) {
         ::new (ret) (std::string) (((ArgPasser*)obj)->ArgPasser::stringRef((const std::basic_string<char>&)*(const std::basic_string<char>*)args[0], *(int*)args[1], (const std::basic_string<char>&)*(const std::basic_string<char>*)args[2]));
         return;
      }
      else {
         (void)(((ArgPasser*)obj)->ArgPasser::stringRef((const std::basic_string<char>&)*(const std::basic_string<char>*)args[0], *(int*)args[1], (const std::basic_string<char>&)*(const std::basic_string<char>*)args[2]));
         return;
      }
   }
}
#pragma clang diagnostic pop
==== SOURCE END ====
JIT session error: Failed to materialize symbols: { (main, { _ZNSt7__cxx1112basic_stringIcSt11char_traitsIcESaIcEE5beginEv }) }
TClingCallFunc::make_wrapper:Failed to compile
==== SOURCE BEGIN ====
#pragma clang diagnostic push
#pragma clang diagnostic ignored "-Wformat-security"
__attribute__((used)) __attribute__((annotate("__cling__ptrcheck(off)")))
extern "C" void __jc_1147(void* obj, unsigned long nargs, void** args, void* ret)
{
   if (ret) {
      ::new (ret) (std::basic_string<char>::iterator) (((std::basic_string<char, std::char_traits<char>, std::allocator<char>>*)obj)->std::basic_string<char, std::char_traits<char>, std::allocator<char>>::begin());
      return;
   }
   else {
      (void)(((std::basic_string<char, std::char_traits<char>, std::allocator<char>>*)obj)->std::basic_string<char, std::char_traits<char>, std::allocator<char>>::begin());
      return;
   }
}
#pragma clang diagnostic pop
==== SOURCE END ====
JIT session error: Failed to materialize symbols: { (main, { _ZNKSt7__cxx1112basic_stringIcSt11char_traitsIcESaIcEE5beginEv }) }
TClingCallFunc::make_wrapper:Failed to compile
==== SOURCE BEGIN ====
#pragma clang diagnostic push
#pragma clang diagnostic ignored "-Wformat-security"
__attribute__((used)) __attribute__((annotate("__cling__ptrcheck(off)")))
extern "C" void __jc_1148(void* obj, unsigned long nargs, void** args, void* ret)
{
   if (ret) {
      ::new (ret) (std::basic_string<char>::const_iterator) (((const std::basic_string<char, std::char_traits<char>, std::allocator<char>>*)obj)->std::basic_string<char, std::char_traits<char>, std::allocator<char>>::begin());
      return;
   }
   else {
      (void)(((const std::basic_string<char, std::char_traits<char>, std::allocator<char>>*)obj)->std::basic_string<char, std::char_traits<char>, std::allocator<char>>::begin());
      return;
   }
}
#pragma clang diagnostic pop
==== SOURCE END ====
__________________ TestPYTHONIFY.test11_overload_on_arguments __________________

self = <test_pythonify.TestPYTHONIFY object at 0x70acb26236b0>

    def test11_overload_on_arguments(self):
        """Test functions overloaded on arguments"""
    
        import cppjit
    
>       e = cppjit.gbl.example01(1)
            ^^^^^^^^^^^^^^^^^^^^^^^
E       TypeError: none of the 3 overloaded methods succeeded. Full details:
E         example01::example01() =>
E           TypeError: takes at most 0 arguments (1 given)
E         example01 constructor failed
E         example01::example01(const example01 & e) =>
E           TypeError: could not convert argument 1: [InstanceRefConverter]

test_pythonify.py:306: TypeError
----------------------------- Captured stderr call -----------------------------
JIT session error: In graph incr_module_4271-jitted-objectbuffer, section .eh_frame: relocation target 0x70acb471d0a0 (DW.ref.__gxx_personality_v0) is out of range of Delta32 fixup at address 0x70acb471d0a0 (<anonymous block> @ 0x70ac26c45010 + 0x13)
TClingCallFunc::make_wrapper:Failed to compile
==== SOURCE BEGIN ====
#pragma clang diagnostic push
#pragma clang diagnostic ignored "-Wformat-security"
__attribute__((used)) __attribute__((annotate("__cling__ptrcheck(off)")))
extern "C" void __jc_1149(void* ret, unsigned long nary, unsigned long nargs, void** args, void* is_arena)
{
      (*(example01**)ret) = (is_arena) ? ::new (*(example01**)ret) example01(*(int*)args[0]): new example01(*(int*)args[0]);
}
#pragma clang diagnostic pop
==== SOURCE END ====
___________________ TestPYTHONIFY.test14_bound_unbound_calls ___________________

self = <test_pythonify.TestPYTHONIFY object at 0x70acb2823860>

    def test14_bound_unbound_calls(self):
        """Test (un)bound method calls"""
    
        if ispypy:
            skip("segfaults in pypy")
    
        import cppjit
    
        raises(TypeError, cppjit.gbl.example01.addDataToInt, 1)
    
        meth = cppjit.gbl.example01.addDataToInt
        raises(TypeError, meth)
        raises(TypeError, meth, 1)
    
>       e = cppjit.gbl.example01(2)
            ^^^^^^^^^^^^^^^^^^^^^^^
E       TypeError: none of the 3 overloaded methods succeeded. Full details:
E         example01::example01() =>
E           TypeError: takes at most 0 arguments (1 given)
E         example01 constructor failed
E         example01::example01(const example01 & e) =>
E           TypeError: could not convert argument 1: [InstanceRefConverter]

test_pythonify.py:346: TypeError
----------------------------- Captured stderr call -----------------------------
JIT session error: In graph incr_module_4276-jitted-objectbuffer, section .eh_frame: relocation target 0x70acb471d0a0 (DW.ref.__gxx_personality_v0) is out of range of Delta32 fixup at address 0x70acb471d0a0 (<anonymous block> @ 0x70ac26c3f010 + 0x13)
TClingCallFunc::make_wrapper:Failed to compile
==== SOURCE BEGIN ====
#pragma clang diagnostic push
#pragma clang diagnostic ignored "-Wformat-security"
__attribute__((used)) __attribute__((annotate("__cling__ptrcheck(off)")))
extern "C" void __jc_1153(void* ret, unsigned long nary, unsigned long nargs, void** args, void* is_arena)
{
      (*(example01**)ret) = (is_arena) ? ::new (*(example01**)ret) example01(*(int*)args[0]): new example01(*(int*)args[0]);
}
#pragma clang diagnostic pop
==== SOURCE END ====
__________________ TestPYTHONIFY.test15_installable_function ___________________

self = <test_pythonify.TestPYTHONIFY object at 0x70acb263ae10>

    def test15_installable_function(self):
        """Test installing and calling global C++ function as python method"""
    
        import cppjit
    
        cppjit.gbl.example01.fresh = cppjit.gbl.installableAddOneToInt
    
>       e = cppjit.gbl.example01(0)
            ^^^^^^^^^^^^^^^^^^^^^^^
E       TypeError: none of the 3 overloaded methods succeeded. Full details:
E         example01::example01() =>
E           TypeError: takes at most 0 arguments (1 given)
E         example01 constructor failed
E         example01::example01(const example01 & e) =>
E           TypeError: could not convert argument 1: [InstanceRefConverter]

test_pythonify.py:356: TypeError
----------------------------- Captured stderr call -----------------------------
JIT session error: In graph incr_module_4277-jitted-objectbuffer, section .eh_frame: relocation target 0x70acb471d0a0 (DW.ref.__gxx_personality_v0) is out of range of Delta32 fixup at address 0x70acb471d0a0 (<anonymous block> @ 0x70ac26c3f010 + 0x13)
TClingCallFunc::make_wrapper:Failed to compile
==== SOURCE BEGIN ====
#pragma clang diagnostic push
#pragma clang diagnostic ignored "-Wformat-security"
__attribute__((used)) __attribute__((annotate("__cling__ptrcheck(off)")))
extern "C" void __jc_1154(void* ret, unsigned long nary, unsigned long nargs, void** args, void* is_arena)
{
      (*(example01**)ret) = (is_arena) ? ::new (*(example01**)ret) example01(*(int*)args[0]): new example01(*(int*)args[0]);
}
#pragma clang diagnostic pop
==== SOURCE END ====
_______________________ TestPYTHONIFY.test16_subclassing _______________________

self = <test_pythonify.TestPYTHONIFY object at 0x70acb263ab10>

    def test16_subclassing(self):
        """A sub-class on the python side should have that class as type"""
    
        import gc
    
        import cppjit
    
        gc.collect()
    
        example01 = cppjit.gbl.example01
    
        assert example01.getCount() == 0
    
>       o = example01()
            ^^^^^^^^^^^
E       TypeError: none of the 3 overloaded methods succeeded. Full details:
E         example01 constructor failed
E         example01::example01(int a) =>
E           TypeError: takes at least 1 arguments (0 given)
E         example01::example01(const example01 & e) =>
E           TypeError: takes at least 1 arguments (0 given)

test_pythonify.py:373: TypeError
----------------------------- Captured stderr call -----------------------------
JIT session error: In graph incr_module_4279-jitted-objectbuffer, section .eh_frame: relocation target 0x70acb471d0a0 (DW.ref.__gxx_personality_v0) is out of range of Delta32 fixup at address 0x70acb471d0a0 (<anonymous block> @ 0x70ac26c3d028 + 0x13)
TClingCallFunc::make_wrapper:Failed to compile
==== SOURCE BEGIN ====
#pragma clang diagnostic push
#pragma clang diagnostic ignored "-Wformat-security"
__attribute__((used)) __attribute__((annotate("__cling__ptrcheck(off)")))
extern "C" void __jc_1156(void* ret, unsigned long nary, unsigned long nargs, void** args, void* is_arena)
{
   if (nary > 1) {
   (*(example01**)ret) = (is_arena) ? ::new (*(example01**)ret) example01[nary]: new example01[nary];
   }
else {
   (*(example01**)ret) = (is_arena) ? ::new (*(example01**)ret) example01(): new example01();
}
}
#pragma clang diagnostic pop
==== SOURCE END ====
________________________ TestPYTHONIFY.test17_chaining _________________________

self = <test_pythonify.TestPYTHONIFY object at 0x70acb292cec0>

    def test17_chaining(self):
        """Respective return values of temporaries should not go away"""
    
        import cppjit
    
        cppjit.cppdef("""namespace Lifeline {
        struct A1 { A1(int x) : x(x) {} int x; };
        struct A2 { A2(int x) { v.emplace_back(x); } std::vector<A1> v; std::vector<A1>& get() { return v; } };
        struct A3 { A3(int x) { v.emplace_back(x); } std::vector<A2> v; std::vector<A2>& get() { return v; } };
        struct A4 { A4(int x) { v.emplace_back(x); } std::vector<A3> v; std::vector<A3>& get() { return v; } };
        struct A5 { A5(int x) { v.emplace_back(x); } std::vector<A4> v; std::vector<A4>& get() { return v; } };
    
        A5 gime(int i) { return A5(i); }
        }""")
    
>       assert cppjit.gbl.Lifeline.gime(42).get()[0].get()[0].get()[0].get()[0].x == 42
               ^^^^^^^^^^^^^^^^^^^^^^^^^^^^
E       ValueError: Lifeline::A5 Lifeline::gime(int i) =>
E           ValueError: nullptr result where temporary expected

test_pythonify.py:419: ValueError
----------------------------- Captured stderr call -----------------------------
JIT session error: In graph incr_module_4280-jitted-objectbuffer, section .eh_frame: relocation target 0x70acb471d0a0 (DW.ref.__gxx_personality_v0) is out of range of Delta32 fixup at address 0x70acb471d0a0 (<anonymous block> @ 0x70ac26c38568 + 0x13)
TClingCallFunc::make_wrapper:Failed to compile
==== SOURCE BEGIN ====
#pragma clang diagnostic push
#pragma clang diagnostic ignored "-Wformat-security"
__attribute__((used)) __attribute__((annotate("__cling__ptrcheck(off)")))
extern "C" void __jc_1157(void* obj, unsigned long nargs, void** args, void* ret)
{
   if (ret) {
      ::new (ret) (Lifeline::A5) (((Lifeline::A5 (&)(int))Lifeline::gime)(*(int*)args[0]));
      return;
   }
   else {
      (void)(((Lifeline::A5 (&)(int))Lifeline::gime)(*(int*)args[0]));
      return;
   }
}
#pragma clang diagnostic pop
==== SOURCE END ====
________________________ TestPYTHONIFY.test18_keywords _________________________

self = <test_pythonify.TestPYTHONIFY object at 0x70acb292ccb0>

    def test18_keywords(self):
        """Use of keyword arguments"""
    
        import cppjit
    
        cppjit.cppdef("""namespace KeyWords {
        struct A {
            A(std::initializer_list<int> vals) : fVals(vals) {}
            std::vector<int> fVals;
        };
    
        struct B {
            B() = delete;
            B(const A& in_A, const A& out_A) : fVal(42), fIn(in_A), fOut(out_A) {}
            B(int val, const A& in_A, const A& out_A) : fVal(val), fIn(in_A), fOut(out_A) {}
            int fVal;
            A fIn, fOut;
        };
    
        int callme(int choice, int a, int b, int c) {
            if (choice == 0) return a;
            if (choice == 1) return b;
            return c;
        }
    
        struct C {
            int fChoice;
        };
    
        int callme_c(const C& o, int a, int b, int c) {
            return callme(o.fChoice, a, b, c);
        } }""")
    
        # constructor and implicit conversion with keywords
        A = cppjit.gbl.KeyWords.A
        B = cppjit.gbl.KeyWords.B
    
        def verify_b(b, val, ti, to):
            assert b.fVal == val
            assert b.fIn.fVals.size() == len(ti)
            assert tuple(b.fIn.fVals) == ti
            assert b.fOut.fVals.size() == len(to)
            assert tuple(b.fOut.fVals) == to
    
>       b = B(in_A=(256,), out_A=(32,))
            ^^^^^^^^^^^^^^^^^^^^^^^^^^^
E       TypeError: none of the 4 overloaded methods succeeded. Full details:
E         B::B(KeyWords::B &&) =>
E           TypeError: takes at most 1 arguments (2 given)
E         B::B(const KeyWords::A & in_A, const KeyWords::A & out_A) =>
E           TypeError: could not convert argument 1: [InstanceRefConverter]
E         B::B(int val, const KeyWords::A & in_A, const KeyWords::A & out_A) =>
E           TypeError: takes at least 3 arguments (2 given)
E         B::B(const KeyWords::B &) =>
E           TypeError: takes at most 1 arguments (2 given)

test_pythonify.py:465: TypeError
----------------------------- Captured stderr call -----------------------------
JIT session error: Failed to materialize symbols: { (main, { _ZNSt6vectorIiSaIiEEC2ESt16initializer_listIiERKS0_ }) }
TClingCallFunc::make_wrapper:Failed to compile
==== SOURCE BEGIN ====
#pragma clang diagnostic push
#pragma clang diagnostic ignored "-Wformat-security"
__attribute__((used)) __attribute__((annotate("__cling__ptrcheck(off)")))
extern "C" void __jc_1158(void* ret, unsigned long nary, unsigned long nargs, void** args, void* is_arena)
{
      (*(KeyWords::A**)ret) = (is_arena) ? ::new (*(KeyWords::A**)ret) KeyWords::A(*(std::initializer_list<int>*)args[0]): new KeyWords::A(*(std::initializer_list<int>*)args[0]);
}
#pragma clang diagnostic pop
==== SOURCE END ====
__________________ TestPYTHONIFY.test19_keywords_and_defaults __________________

self = <test_pythonify.TestPYTHONIFY object at 0x70acb2750190>

    @mark.xfail(condition=IS_MAC, reason="Fails on OSX")
    def test19_keywords_and_defaults(self):
        """Use of keyword arguments mixed with defaults"""
    
        import cppjit
    
        cppjit.cppdef("""namespace KeyWordsAndDefaults {
        int foo(int a=10, int b=20, int c=5, int d=4) {
            return a-b/c*d;
        }
    
        std::string bar(const std::string& a = "a", const std::string& b = "b") {
            return a+b;
        }
    
        class MyClass {};
    
        void foobar(const MyClass& m1 = MyClass(), const MyClass& m2 = MyClass()) {
            /* empty */
        }
    
        bool barfoo(bool opt1=false, bool opt2=true) {
            return opt1 && opt2;
        } }""")
    
        def pyfoo(a=10, b=20, c=5, d=4):
            return a - b // c * d
    
        ns = cppjit.gbl.KeyWordsAndDefaults
    
>       assert ns.foo() == pyfoo()
               ^^^^^^^^
E       cppjit.gbl.std.runtime_error: int KeyWordsAndDefaults::foo(int a = 10, int b = 20, int c = 5, int d = 4) =>
E           runtime_error: failed to resolve function

test_pythonify.py:549: runtime_error
----------------------------- Captured stderr call -----------------------------
JIT session error: Failed to materialize symbols: { (main, { _ZStplIcSt11char_traitsIcESaIcEENSt7__cxx1112basic_stringIT_T0_T1_EERKS8_SA_ }) }
TClingCallFunc::make_wrapper:Failed to compile
==== SOURCE BEGIN ====
#pragma clang diagnostic push
#pragma clang diagnostic ignored "-Wformat-security"
__attribute__((used)) __attribute__((annotate("__cling__ptrcheck(off)")))
extern "C" void __jc_1159(void* obj, unsigned long nargs, void** args, void* ret)
{
   if (nargs == 0) {
      if (ret) {
         ::new (ret) (int) (KeyWordsAndDefaults::foo());
         return;
      }
      else {
         (void)(KeyWordsAndDefaults::foo());
         return;
      }
   }
   if (nargs == 1) {
      if (ret) {
         ::new (ret) (int) (KeyWordsAndDefaults::foo(*(int*)args[0]));
         return;
      }
      else {
         (void)(KeyWordsAndDefaults::foo(*(int*)args[0]));
         return;
      }
   }
   if (nargs == 2) {
      if (ret) {
         ::new (ret) (int) (KeyWordsAndDefaults::foo(*(int*)args[0], *(int*)args[1]));
         return;
      }
      else {
         (void)(KeyWordsAndDefaults::foo(*(int*)args[0], *(int*)args[1]));
         return;
      }
   }
   if (nargs == 3) {
      if (ret) {
         ::new (ret) (int) (KeyWordsAndDefaults::foo(*(int*)args[0], *(int*)args[1], *(int*)args[2]));
         return;
      }
      else {
         (void)(KeyWordsAndDefaults::foo(*(int*)args[0], *(int*)args[1], *(int*)args[2]));
         return;
      }
   }
   if (nargs == 4) {
      if (ret) {
         ::new (ret) (int) (((int (&)(int, int,
            int, int))KeyWordsAndDefaults::foo)(*(int*)args[0], *(int*)args[1], *(int*)args[2], *(int*)args[3]));
         return;
      }
      else {
         (void)(((int (&)(int, int,
            int, int))KeyWordsAndDefaults::foo)(*(int*)args[0], *(int*)args[1], *(int*)args[2], *(int*)args[3]));
         return;
      }
   }
}
#pragma clang diagnostic pop
==== SOURCE END ====
____________________ TestPYTHONIFY_UI.test01_pythonizations ____________________

self = <test_pythonify.TestPYTHONIFY_UI object at 0x70acb279c190>

    def test01_pythonizations(self):
        """Test addition of user-defined pythonizations"""
    
        import cppjit
    
        def example01a_pythonize(pyclass, pyname):
            if pyname == "example01a":
    
                def getitem(self, idx):
                    return self.addDataToInt(idx)
    
                pyclass.__getitem__ = getitem
    
        cppjit.py.add_pythonization(example01a_pythonize)
    
>       e = cppjit.gbl.example01a(1)
            ^^^^^^^^^^^^^^^^^^^^^^^^
E       TypeError: none of the 3 overloaded methods succeeded. Full details:
E         example01a::example01a(example01a &&) =>
E           TypeError: could not convert argument 1: [InstanceMoveConverter]
E         example01a::example01a(const example01a &) =>
E           TypeError: could not convert argument 1: [InstanceRefConverter]
E         example01a constructor failed

test_pythonify.py:593: TypeError
----------------------------- Captured stderr call -----------------------------
JIT session error: In graph incr_module_4301-jitted-objectbuffer, section .eh_frame: relocation target 0x70acb471d0a0 (DW.ref.__gxx_personality_v0) is out of range of Delta32 fixup at address 0x70acb471d0a0 (<anonymous block> @ 0x70ac26c38098 + 0x13)
TClingCallFunc::make_wrapper:Failed to compile
==== SOURCE BEGIN ====
#pragma clang diagnostic push
#pragma clang diagnostic ignored "-Wformat-security"
__attribute__((used)) __attribute__((annotate("__cling__ptrcheck(off)")))
extern "C" void __jc_1160(void* ret, unsigned long nary, unsigned long nargs, void** args, void* is_arena)
{
      (*(example01a**)ret) = (is_arena) ? ::new (*(example01a**)ret) example01a(*(int*)args[0]): new example01a(*(int*)args[0]);
}
#pragma clang diagnostic pop
==== SOURCE END ====
=========================== short test summary info ============================
SKIPPED [1] test_stltypes.py:2353: std::span needs C++20 and <span> (libstdc++ >= 10)
SKIPPED [1] test_stltypes.py:2368: std::span needs C++20 and <span> (libstdc++ >= 10)
XFAIL test_templates.py::TestTEMPLATED_TYPEDEFS::test01_using - using-typedef resolution drops non-type template args
FAILED test_stltypes.py::TestSTLVECTOR::test14_vector_of_vector_of_ - cppjit....
FAILED test_stltypes.py::TestSTLVECTOR::test18_array_interface - TypeError: i...
FAILED test_stltypes.py::TestSTLVECTOR::test19_vector_point3d - cppjit.gbl.st...
FAILED test_stltypes.py::TestSTLVECTOR::test20_vector_cstring - SyntaxError: ...
FAILED test_stltypes.py::TestSTLVECTOR::test21_vector_of_structs_data - Synta...
FAILED test_stltypes.py::TestSTLVECTOR::test22_polymorphic - TypeError: none ...
FAILED test_stltypes.py::TestSTLVECTOR::test23_copy_conversion - TypeError: T...
FAILED test_stltypes.py::TestSTLVECTOR::test24_byte_vectors - assert 0 == 10
FAILED test_stltypes.py::TestSTLSTRING::test01_string_argument_passing - Type...
FAILED test_stltypes.py::TestSTLSTRING::test02_string_data_access - TypeError...
FAILED test_stltypes.py::TestSTLSTRING::test03_string_with_null_character - T...
FAILED test_stltypes.py::TestSTLSTRING::test05_stlstring_and_unicode - cppjit...
FAILED test_stltypes.py::TestSTLSTRING::test06_stlstring_bytes_and_text - Syn...
FAILED test_stltypes.py::TestSTLSTRING::test08_string_operators - AssertionEr...
FAILED test_stltypes.py::TestSTLSTRING::test10_string_in_repr_and_str_bytes
FAILED test_stltypes.py::TestSTLLIST::test01_builtin_list_type - assert not <...
FAILED test_stltypes.py::TestSTLLIST::test02_empty_list_type - assert not <cp...
FAILED test_stltypes.py::TestSTLLIST::test03_replacement_of_eq - ValueError: ...
FAILED test_stltypes.py::TestSTLLIST::test04_iter_of_iter - TypeError: Templa...
FAILED test_stltypes.py::TestSTLLIST::test05_list_cpp17_style - TypeError: Te...
FAILED test_stltypes.py::TestSTLLIST::test06_convert_list_of_strings - System...
FAILED test_stltypes.py::TestSTLMAP::test01_builtin_map_type - TypeError: Tem...
FAILED test_stltypes.py::TestSTLMAP::test02_keyed_maptype - TypeError: Templa...
FAILED test_stltypes.py::TestSTLMAP::test03_empty_maptype - TypeError: Templa...
FAILED test_stltypes.py::TestSTLMAP::test04_unsignedvalue_typemap_types - Typ...
FAILED test_stltypes.py::TestSTLMAP::test05_STL_like_class_indexing_overloads
FAILED test_stltypes.py::TestSTLMAP::test06_initialize_from_dict - TypeError:...
FAILED test_stltypes.py::TestSTLMAP::test07_map_cpp17_style - TypeError: Temp...
FAILED test_stltypes.py::TestSTLMAP::test08_map_derived_objects - TypeError: ...
FAILED test_stltypes.py::TestSTLITERATOR::test01_builtin_vector_iterators - a...
FAILED test_stltypes.py::TestSTLITERATOR::test04_stllike_confusing_name - Typ...
FAILED test_stltypes.py::TestSTLARRAY::test02_array_of_pods - TypeError: none...
FAILED test_stltypes.py::TestSTLARRAY::test03_array_of_pointer_to_pods - Type...
FAILED test_stltypes.py::TestSTLARRAY::test05_array_of_chrono_types_should_be_iterable
FAILED test_stltypes.py::TestSTLSTRING_VIEW::test03_string_view_pythonize - S...
FAILED test_stltypes.py::TestSTLDEQUE::test01_deque_byvalue_regression - Valu...
FAILED test_stltypes.py::TestSTLDEQUE::test02_deque_cpp17_style - TypeError: ...
FAILED test_stltypes.py::TestSTLSET::test01_set_iteration - TypeError: Templa...
FAILED test_stltypes.py::TestSTLSET::test02_set_iterators - TypeError: Templa...
FAILED test_stltypes.py::TestSTLSET::test03_initialize_from_set - TypeError: ...
FAILED test_stltypes.py::TestSTLSET::test04_set_cpp17_style - TypeError: Temp...
FAILED test_stltypes.py::TestSTLSET::test05_contains - TypeError: Template me...
FAILED test_stltypes.py::TestSTLTUPLE::test01_tuple_creation_and_access - Val...
FAILED test_stltypes.py::TestSTLTUPLE::test02_tuple_size - TypeError: Templat...
FAILED test_stltypes.py::TestSTLTUPLE::test03_tuple_iter - TypeError: Templat...
FAILED test_stltypes.py::TestSTLTUPLE::test04_tuple_lifeline - TypeError: non...
FAILED test_templates.py::TestTEMPLATES::test16_variadic - AssertionError: as...
FAILED test_templates.py::TestTEMPLATES::test23_overloaded_setitem - TypeErro...
FAILED test_templates.py::TestTEMPLATES::test36_templated_callbacks - TypeErr...
FAILED test_templates.py::TestTEMPLATES::test38_constructor_implicit_conversion
FAILED test_templates.py::TestTEMPLATES::test39_monkey_patching_template_proxy
FAILED test_templates.py::TestTEMPLATE_TYPE_REDUCTION::test01_reduce_binary
FAILED test_operators.py::TestOPERATORS::test01_math_operators - TypeError: n...
FAILED test_operators.py::TestOPERATORS::test02_unary_math_operators - TypeEr...
FAILED test_operators.py::TestOPERATORS::test03_comparison_operators - TypeEr...
FAILED test_operators.py::TestOPERATORS::test04_boolean_operator - TypeError:...
FAILED test_operators.py::TestOPERATORS::test05_exact_types - TypeError: none...
FAILED test_operators.py::TestOPERATORS::test07_virtual_operator_eq - TypeErr...
FAILED test_operators.py::TestOPERATORS::test08_call_to_getsetitem_mapping - ...
FAILED test_operators.py::TestOPERATORS::test10_r_non_associative - TypeError...
FAILED test_operators.py::TestOPERATORS::test11_overloaded_operators - TypeEr...
FAILED test_operators.py::TestOPERATORS::test12_unary_operators - TypeError: ...
FAILED test_operators.py::TestOPERATORS::test13_comma_operator - TypeError: n...
FAILED test_operators.py::TestOPERATORS::test16_global_ordered_operators - Ty...
FAILED test_overloads.py::TestOVERLOADS::test01_class_based_overloads - TypeE...
FAILED test_overloads.py::TestOVERLOADS::test02_class_based_overloads_explicit_resolution
FAILED test_overloads.py::TestOVERLOADS::test03_fragile_class_based_overloads
FAILED test_overloads.py::TestOVERLOADS::test04_fully_fragile_overloads - Typ...
FAILED test_overloads.py::TestOVERLOADS::test05_array_overloads - TypeError: ...
FAILED test_overloads.py::TestOVERLOADS::test06_double_int_overloads - TypeEr...
FAILED test_overloads.py::TestOVERLOADS::test10_overload_and_exceptions - Typ...
FAILED test_overloads.py::TestOVERLOADS::test11_deep_inheritance - AssertionE...
FAILED test_overloads.py::TestOVERLOADS::test13_disallow_functor_to_function_pointer
FAILED test_overloads.py::TestOVERLOADS::test16_voidp_does_not_outrank_conversion
FAILED test_pythonify.py::TestPYTHONIFY::test04_constructing_and_calling - Ty...
FAILED test_pythonify.py::TestPYTHONIFY::test05_passing_object_by_pointer - T...
FAILED test_pythonify.py::TestPYTHONIFY::test06_returning_object_by_pointer
FAILED test_pythonify.py::TestPYTHONIFY::test07_returning_object_by_value - T...
FAILED test_pythonify.py::TestPYTHONIFY::test09_memory - TypeError: none of t...
FAILED test_pythonify.py::TestPYTHONIFY::test10_default_arguments - Assertion...
FAILED test_pythonify.py::TestPYTHONIFY::test11_overload_on_arguments - TypeE...
FAILED test_pythonify.py::TestPYTHONIFY::test14_bound_unbound_calls - TypeErr...
FAILED test_pythonify.py::TestPYTHONIFY::test15_installable_function - TypeEr...
FAILED test_pythonify.py::TestPYTHONIFY::test16_subclassing - TypeError: none...
FAILED test_pythonify.py::TestPYTHONIFY::test17_chaining - ValueError: Lifeli...
FAILED test_pythonify.py::TestPYTHONIFY::test18_keywords - TypeError: none of...
FAILED test_pythonify.py::TestPYTHONIFY::test19_keywords_and_defaults - cppji...
FAILED test_pythonify.py::TestPYTHONIFY_UI::test01_pythonizations - TypeError...
88 failed, 153 passed, 2 skipped, 1 xfailed in 6.89s
