......................................................................F. [ 29%]
FFFF...FFFJIT session error: Failed to materialize symbols: { (main, { _ZNSt12_Vector_baseISt6vectorIiSaIiEESaIS2_EE13_M_deallocateEPS2_m }) }
make_dtor_wrapperFailed to compile
==== SOURCE BEGIN ====
__attribute__((used)) extern "C" void __dtor_565(void* obj, unsigned long nary, int withFree)
{
   if (withFree) {
      if (!nary) {
         delete (std::vector<std::vector<int, std::allocator<int>>, std::allocator<std::vector<int, std::allocator<int>>>>*) obj;
      }
      else {
         delete[] (std::vector<std::vector<int, std::allocator<int>>, std::allocator<std::vector<int, std::allocator<int>>>>*) obj;
      }
   }
   else {
      typedef std::vector<std::vector<int, std::allocator<int>>, std::allocator<std::vector<int, std::allocator<int>>>> Nm;
if (!nary) {
         ((Nm*)obj)->~Nm();
      }
      else {
         do {
            (((Nm*)obj)+(--nary))->~Nm();
         } while (nary);
      }
   }
}

  ==== SOURCE END ====FFFFFFF.FF.F.FJIT session error: Failed to materialize symbols: { (main, { _ZNSt12_Vector_baseIhSaIhEE19_M_get_Tp_allocatorEv }) }
make_dtor_wrapperFailed to compile
==== SOURCE BEGIN ====
__attribute__((used)) extern "C" void __dtor_622(void* obj, unsigned long nary, int withFree)
{
   if (withFree) {
      if (!nary) {
         delete (std::vector<unsigned char, std::allocator<unsigned char>>*) obj;
      }
      else {
         delete[] (std::vector<unsigned char, std::allocator<unsigned char>>*) obj;
      }
   }
   else {
      typedef std::vector<unsigned char, std::allocator<unsigned char>> Nm;
if (!nary) {
         ((Nm*)obj)->~Nm();
      }
      else {
         do {
            (((Nm*)obj)+(--nary))->~Nm();
         } while (nary);
      }
   }
}

  ==== SOURCE END ====FFFFFFFFFFFJIT session error: Failed to materialize symbols: { (main, { _ZNSt7__cxx1110_List_baseIiSaIiEED2Ev }) }
make_dtor_wrapperFailed to compile
==== SOURCE BEGIN ====
__attribute__((used)) extern "C" void __dtor_656(void* obj, unsigned long nary, int withFree)
{
   if (withFree) {
      if (!nary) {
         delete (std::list<int, std::allocator<int>>*) obj;
      }
      else {
         delete[] (std::list<int, std::allocator<int>>*) obj;
      }
   }
   else {
      typedef std::list<int, std::allocator<int>> Nm;
if (!nary) {
         ((Nm*)obj)->~Nm();
      }
      else {
         do {
            (((Nm*)obj)+(--nary))->~Nm();
         } while (nary);
      }
   }
}

  ==== SOURCE END ====JIT session error: Failed to materialize symbols: { (main, { _ZNSt7__cxx114listIiSaIiEED2Ev }) }
make_dtor_wrapperFailed to compile
==== SOURCE BEGIN ====
__attribute__((used)) extern "C" void __dtor_657(void* obj, unsigned long nary, int withFree)
{
   if (withFree) {
      if (!nary) {
         delete (std::list<int, std::allocator<int>>*) obj;
      }
      else {
         delete[] (std::list<int, std::allocator<int>>*) obj;
      }
   }
   else {
      typedef std::list<int, std::allocator<int>> Nm;
if (!nary) {
         ((Nm*)obj)->~Nm();
      }
      else {
         do {
            (((Nm*)obj)+(--nary))->~Nm();
         } while (nary);
      }
   }
}

  ==== SOURCE END ====JIT session error: Failed to materialize symbols: { (main, { _ZNSt15__new_allocatorISt10_List_nodeINSt7__cxx1112basic_stringIcSt11char_traitsIcESaIcEEEEE10deallocateEPS7_m }) }
make_dtor_wrapperFailed to compile
==== SOURCE BEGIN ====
__attribute__((used)) extern "C" void __dtor_658(void* obj, unsigned long nary, int withFree)
{
   if (withFree) {
      if (!nary) {
         delete (std::list<std::basic_string<char, std::char_traits<char>, std::allocator<char>>, std::allocator<std::basic_string<char, std::char_traits<char>, std::allocator<char>>>>*) obj;
      }
      else {
         delete[] (std::list<std::basic_string<char, std::char_traits<char>, std::allocator<char>>, std::allocator<std::basic_string<char, std::char_traits<char>, std::allocator<char>>>>*) obj;
      }
   }
   else {
      typedef std::list<std::basic_string<char, std::char_traits<char>, std::allocator<char>>, std::allocator<std::basic_string<char, std::char_traits<char>, std::allocator<char>>>> Nm;
if (!nary) {
         ((Nm*)obj)->~Nm();
      }
      else {
         do {
            (((Nm*)obj)+(--nary))->~Nm();
         } while (nary);
      }
   }
}

  ==== SOURCE END ====FFFF..F.FF.F..FFFFFFFFFFFF..FFFssF... [ 59%]
.F.F.F..FF...F..FFF.FFF.FFF.F..FF.FF.x.....FFFFFF.FF.FFFF..F.FFFFFF...FF [ 88%]
.F..F....FFFF.FFF..FFFFFFF..                                             [100%]
=================================== FAILURES ===================================
____________________ TestSTLVECTOR.test09_vector_of_string _____________________

self = <test_stltypes.TestSTLVECTOR object at 0x7705422cc450>

    @mark.xfail(condition=IS_MAC, run=False, reason="Fails on OS X")
    def test09_vector_of_string(self):
        """Adverse effect of implicit conversion on vector<string>"""
    
        import cppjit
    
>       assert cppjit.gbl.vectest_ol1("") == 2
               ^^^^^^^^^^^^^^^^^^^^^^^^^^
E       cppjit.gbl.std.runtime_error: int vectest_ol1(std::string) =>
E           runtime_error: failed to resolve function

test_stltypes.py:499: runtime_error
----------------------------- Captured stderr call -----------------------------
JIT session error: In graph incr_module_1469-jitted-objectbuffer, section .eh_frame: relocation target 0x7705435980a0 (DW.ref.__gxx_personality_v0) is out of range of Delta32 fixup at address 0x7705435980a0 (<anonymous block> @ 0x7704b61ed020 + 0x13)
TClingCallFunc::make_wrapper:Failed to compile
==== SOURCE BEGIN ====
#pragma clang diagnostic push
#pragma clang diagnostic ignored "-Wformat-security"
__attribute__((used)) __attribute__((annotate("__cling__ptrcheck(off)")))
extern "C" void __jc_528(void* obj, unsigned long nargs, void** args, void* ret)
{
   if (ret) {
      ::new (ret) (int) (((int (&)(std::basic_string<char>))vectest_ol1)(*(std::basic_string<char>*)args[0]));
      return;
   }
   else {
      (void)(((int (&)(std::basic_string<char>))vectest_ol1)(*(std::basic_string<char>*)args[0]));
      return;
   }
}
#pragma clang diagnostic pop
==== SOURCE END ====
_____________________ TestSTLVECTOR.test11_vector_of_pair ______________________

self = <test_stltypes.TestSTLVECTOR object at 0x770541488140>

    def test11_vector_of_pair(self):
        """Use of std::vector<std::pair>"""
    
        import cppjit
    
        # after the original bug report
        cppjit.cppdef("""
        class PairVector {
        public:
            std::vector<std::pair<double, double>> vector_pair(const std::vector<std::pair<double, double>>& a) {
                return a;
            }
        };
        """)
    
        from cppjit.gbl import PairVector
    
        a = PairVector()
        ll = [[1.0, 2.0], [2.0, 3.0], [3.0, 4.0], [4.0, 5.0]]
>       v = a.vector_pair(ll)
            ^^^^^^^^^^^^^^^^^
E       ValueError: std::vector<std::pair<double, double>> PairVector::vector_pair(const std::vector<std::pair<double, double>> & a) =>
E           ValueError: nullptr result where temporary expected

test_stltypes.py:535: ValueError
----------------------------- Captured stderr call -----------------------------
JIT session error: In graph incr_module_1544-jitted-objectbuffer, section .eh_frame: relocation target 0x7705435980a0 (DW.ref.__gxx_personality_v0) is out of range of Delta32 fixup at address 0x7705435980a0 (<anonymous block> @ 0x7704b61dc220 + 0x13)
TClingCallFunc::make_wrapper:Failed to compile
==== SOURCE BEGIN ====
#pragma clang diagnostic push
#pragma clang diagnostic ignored "-Wformat-security"
__attribute__((used)) __attribute__((annotate("__cling__ptrcheck(off)")))
extern "C" void __jc_534(void* obj, unsigned long nargs, void** args, void* ret)
{
   ((std::vector<std::pair<double, double>, std::allocator<std::pair<double, double>>>*)obj)->std::vector<std::pair<double, double>, std::allocator<std::pair<double, double>>>::reserve(*(unsigned long*)args[0]);
   return;
}
#pragma clang diagnostic pop
==== SOURCE END ====
JIT session error: Failed to materialize symbols: { (main, { _ZNSt12_Vector_baseISt4pairIddESaIS1_EE13_M_deallocateEPS1_m }) }
TClingCallFunc::make_wrapper:Failed to compile
==== SOURCE BEGIN ====
#pragma clang diagnostic push
#pragma clang diagnostic ignored "-Wformat-security"
__attribute__((used)) __attribute__((annotate("__cling__ptrcheck(off)")))
extern "C" void __jc_535(void* obj, unsigned long nargs, void** args, void* ret)
{
   if (ret) {
      ::new (ret) (std::pair<double, double>*) (&((std::vector<std::pair<double, double>, std::allocator<std::pair<double, double>>>*)obj)->std::vector<std::pair<double, double>, std::allocator<std::pair<double, double>>>::emplace_back<double, double>((double&&)*(double*)args[0], (double&&)*(double*)args[1]));
      return;
   }
   else {
      (void)(((std::vector<std::pair<double, double>, std::allocator<std::pair<double, double>>>*)obj)->std::vector<std::pair<double, double>, std::allocator<std::pair<double, double>>>::emplace_back<double, double>((double&&)*(double*)args[0], (double&&)*(double*)args[1]));
      return;
   }
}
#pragma clang diagnostic pop
==== SOURCE END ====
JIT session error: Failed to materialize symbols: { (main, { _ZNSt6vectorISt4pairIddESaIS1_EE12emplace_backIJddEEERS1_DpOT_ }) }
TClingCallFunc::make_wrapper:Failed to compile
==== SOURCE BEGIN ====
#pragma clang diagnostic push
#pragma clang diagnostic ignored "-Wformat-security"
__attribute__((used)) __attribute__((annotate("__cling__ptrcheck(off)")))
extern "C" void __jc_536(void* obj, unsigned long nargs, void** args, void* ret)
{
   if (ret) {
      ::new (ret) (std::pair<double, double>*) (&((std::vector<std::pair<double, double>, std::allocator<std::pair<double, double>>>*)obj)->std::vector<std::pair<double, double>, std::allocator<std::pair<double, double>>>::emplace_back<double, double>((double&&)*(double*)args[0], (double&&)*(double*)args[1]));
      return;
   }
   else {
      (void)(((std::vector<std::pair<double, double>, std::allocator<std::pair<double, double>>>*)obj)->std::vector<std::pair<double, double>, std::allocator<std::pair<double, double>>>::emplace_back<double, double>((double&&)*(double*)args[0], (double&&)*(double*)args[1]));
      return;
   }
}
#pragma clang diagnostic pop
==== SOURCE END ====
JIT session error: Failed to materialize symbols: { (main, { _ZNSt6vectorISt4pairIddESaIS1_EE12emplace_backIJddEEERS1_DpOT_ }) }
TClingCallFunc::make_wrapper:Failed to compile
==== SOURCE BEGIN ====
#pragma clang diagnostic push
#pragma clang diagnostic ignored "-Wformat-security"
__attribute__((used)) __attribute__((annotate("__cling__ptrcheck(off)")))
extern "C" void __jc_537(void* obj, unsigned long nargs, void** args, void* ret)
{
   if (ret) {
      ::new (ret) (std::pair<double, double>*) (&((std::vector<std::pair<double, double>, std::allocator<std::pair<double, double>>>*)obj)->std::vector<std::pair<double, double>, std::allocator<std::pair<double, double>>>::emplace_back<double, double>((double&&)*(double*)args[0], (double&&)*(double*)args[1]));
      return;
   }
   else {
      (void)(((std::vector<std::pair<double, double>, std::allocator<std::pair<double, double>>>*)obj)->std::vector<std::pair<double, double>, std::allocator<std::pair<double, double>>>::emplace_back<double, double>((double&&)*(double*)args[0], (double&&)*(double*)args[1]));
      return;
   }
}
#pragma clang diagnostic pop
==== SOURCE END ====
JIT session error: Failed to materialize symbols: { (main, { _ZNSt6vectorISt4pairIddESaIS1_EE12emplace_backIJddEEERS1_DpOT_ }) }
TClingCallFunc::make_wrapper:Failed to compile
==== SOURCE BEGIN ====
#pragma clang diagnostic push
#pragma clang diagnostic ignored "-Wformat-security"
__attribute__((used)) __attribute__((annotate("__cling__ptrcheck(off)")))
extern "C" void __jc_538(void* obj, unsigned long nargs, void** args, void* ret)
{
   if (ret) {
      ::new (ret) (std::pair<double, double>*) (&((std::vector<std::pair<double, double>, std::allocator<std::pair<double, double>>>*)obj)->std::vector<std::pair<double, double>, std::allocator<std::pair<double, double>>>::emplace_back<double, double>((double&&)*(double*)args[0], (double&&)*(double*)args[1]));
      return;
   }
   else {
      (void)(((std::vector<std::pair<double, double>, std::allocator<std::pair<double, double>>>*)obj)->std::vector<std::pair<double, double>, std::allocator<std::pair<double, double>>>::emplace_back<double, double>((double&&)*(double*)args[0], (double&&)*(double*)args[1]));
      return;
   }
}
#pragma clang diagnostic pop
==== SOURCE END ====
JIT session error: Failed to materialize symbols: { (main, { _ZNKSt6vectorISt4pairIddESaIS1_EE5beginEv }) }
TClingCallFunc::make_wrapper:Failed to compile
==== SOURCE BEGIN ====
#pragma clang diagnostic push
#pragma clang diagnostic ignored "-Wformat-security"
__attribute__((used)) __attribute__((annotate("__cling__ptrcheck(off)")))
extern "C" void __jc_539(void* obj, unsigned long nargs, void** args, void* ret)
{
   if (ret) {
      ::new (ret) (std::vector<std::pair<double, double>>) (((PairVector*)obj)->PairVector::vector_pair((const std::vector<std::pair<double, double>>&)*(const std::vector<std::pair<double, double>>*)args[0]));
      return;
   }
   else {
      (void)(((PairVector*)obj)->PairVector::vector_pair((const std::vector<std::pair<double, double>>&)*(const std::vector<std::pair<double, double>>*)args[0]));
      return;
   }
}
#pragma clang diagnostic pop
==== SOURCE END ====
JIT session error: Failed to materialize symbols: { (main, { _ZNSt6vectorISt4pairIddESaIS1_EED2Ev }) }
make_dtor_wrapperFailed to compile
==== SOURCE BEGIN ====
__attribute__((used)) extern "C" void __dtor_540(void* obj, unsigned long nary, int withFree)
{
   if (withFree) {
      if (!nary) {
         delete (std::vector<std::pair<double, double>, std::allocator<std::pair<double, double>>>*) obj;
      }
      else {
         delete[] (std::vector<std::pair<double, double>, std::allocator<std::pair<double, double>>>*) obj;
      }
   }
   else {
      typedef std::vector<std::pair<double, double>, std::allocator<std::pair<double, double>>> Nm;
if (!nary) {
         ((Nm*)obj)->~Nm();
      }
      else {
         do {
            (((Nm*)obj)+(--nary))->~Nm();
         } while (nary);
      }
   }
}

  ==== SOURCE END ====
_____________________ TestSTLVECTOR.test12_vector_lifeline _____________________

self = <test_stltypes.TestSTLVECTOR object at 0x77054165aeb0>

    def test12_vector_lifeline(self):
        """Check lifeline setting on vectors of objects"""
    
        import cppjit
    
        cppjit.cppdef("""namespace Lifeline {
        static int count = 0;
        template <typename T>
        struct C {
            C(int x) : x(x) { ++count; }
            C(const C& c) : x(c.x) { ++count; }
            ~C() { --count; }
            int x;
        };
        auto foo() { return std::vector<C<int>>({C<int>(1337)}); }
        auto bar() { return std::vector<std::string>{1024, "hello"}; }
        }""")
    
        assert cppjit.gbl.Lifeline.count == 0
>       assert not cppjit.gbl.Lifeline.foo()._getitem__unchecked.__set_lifeline__
                   ^^^^^^^^^^^^^^^^^^^^^^^^^
E       ValueError: std::vector<Lifeline::C<int>> Lifeline::foo() =>
E           ValueError: nullptr result where temporary expected

test_stltypes.py:579: ValueError
----------------------------- Captured stderr call -----------------------------
JIT session error: In graph incr_module_1556-jitted-objectbuffer, section .eh_frame: relocation target 0x7705435980a0 (DW.ref.__gxx_personality_v0) is out of range of Delta32 fixup at address 0x7705435980a0 (<anonymous block> @ 0x7704b61dc048 + 0x13)
JIT session error: In graph incr_module_1554-jitted-objectbuffer, section .eh_frame: relocation target 0x7705435980a0 (DW.ref.__gxx_personality_v0) is out of range of Delta32 fixup at address 0x7705435980a0 (<anonymous block> @ 0x7704b61cf86c + 0x13)
TClingCallFunc::make_wrapper:Failed to compile
==== SOURCE BEGIN ====
#pragma clang diagnostic push
#pragma clang diagnostic ignored "-Wformat-security"
__attribute__((used)) __attribute__((annotate("__cling__ptrcheck(off)")))
extern "C" void __jc_541(void* obj, unsigned long nargs, void** args, void* ret)
{
   if (ret) {
      ::new (ret) (std::vector<Lifeline::C<int>>) (((std::vector<Lifeline::C<int>> (&)())Lifeline::foo)());
      return;
   }
   else {
      (void)(((std::vector<Lifeline::C<int>> (&)())Lifeline::foo)());
      return;
   }
}
#pragma clang diagnostic pop
==== SOURCE END ====
________________ TestSTLVECTOR.test13_vector_smartptr_iteration ________________

self = <test_stltypes.TestSTLVECTOR object at 0x77054165b230>

    @mark.xfail(
        condition=IS_VALGRIND and IS_LINUX_ARM and IS_CLANG_REPL,
        run=False,
        reason="Fails with Valgrind with Clang-Repl ARM",
    )
    def test13_vector_smartptr_iteration(self):
        """Iteration over smart pointers"""
    
        import cppjit
    
        cppjit.cppdef("""namespace VectorOfShared {
        struct X {
            int y;
            X() : y(0) {}
            X(int y) : y(y) { }
            std::vector<std::shared_ptr<X>> gimeVec() {
                std::vector<std::shared_ptr<X>> result;
                for (int i = 0; i < 10; ++i) {
                    result.push_back(std::make_shared<X>(i));
                }
                return result;
            }
        }; }""")
    
>       test = cppjit.gbl.VectorOfShared.X()
               ^^^^^^^^^^^^^^^^^^^^^^^^^^^^^
E       TypeError: none of the 4 overloaded methods succeeded. Full details:
E         X::X(VectorOfShared::X &&) =>
E           TypeError: takes at least 1 arguments (0 given)
E         VectorOfShared::X constructor failed
E         X::X(int y) =>
E           TypeError: takes at least 1 arguments (0 given)
E         X::X(const VectorOfShared::X &) =>
E           TypeError: takes at least 1 arguments (0 given)

test_stltypes.py:617: TypeError
----------------------------- Captured stderr call -----------------------------
JIT session error: In graph incr_module_1560-jitted-objectbuffer, section .eh_frame: relocation target 0x7705435980a0 (DW.ref.__gxx_personality_v0) is out of range of Delta32 fixup at address 0x7705435980a0 (<anonymous block> @ 0x7704b61dc058 + 0x13)
TClingCallFunc::make_wrapper:Failed to compile
==== SOURCE BEGIN ====
#pragma clang diagnostic push
#pragma clang diagnostic ignored "-Wformat-security"
__attribute__((used)) __attribute__((annotate("__cling__ptrcheck(off)")))
extern "C" void __jc_542(void* ret, unsigned long nary, unsigned long nargs, void** args, void* is_arena)
{
   if (nary > 1) {
   (*(VectorOfShared::X**)ret) = (is_arena) ? ::new (*(VectorOfShared::X**)ret) VectorOfShared::X[nary]: new VectorOfShared::X[nary];
   }
else {
   (*(VectorOfShared::X**)ret) = (is_arena) ? ::new (*(VectorOfShared::X**)ret) VectorOfShared::X(): new VectorOfShared::X();
}
}
#pragma clang diagnostic pop
==== SOURCE END ====
__________________ TestSTLVECTOR.test14_vector_of_vector_of_ ___________________

self = <test_stltypes.TestSTLVECTOR object at 0x7705417cd3d0>

    @mark.xfail(condition=IS_MAC and IS_CLING, run=False, reason="Fails on OSX-Cling")
    def test14_vector_of_vector_of_(self):
        """Nested vectors"""
    
        from cppjit.gbl.std import vector
    
        vv = vector[vector[int]](((1, 2), [3, 4]))
    
>       assert len(vv) == 2
               ^^^^^^^
E       cppjit.gbl.std.runtime_error: unsigned long std::vector<std::vector<int>>::size() =>
E           runtime_error: failed to resolve function

test_stltypes.py:639: runtime_error
----------------------------- Captured stderr call -----------------------------
JIT session error: In graph incr_module_1591-jitted-objectbuffer, section .eh_frame: relocation target 0x7705435980a0 (DW.ref.__gxx_personality_v0) is out of range of Delta32 fixup at address 0x7705435980a0 (<anonymous block> @ 0x7704b61d72a0 + 0x13)
TClingCallFunc::make_wrapper:Failed to compile
==== SOURCE BEGIN ====
#pragma clang diagnostic push
#pragma clang diagnostic ignored "-Wformat-security"
__attribute__((used)) __attribute__((annotate("__cling__ptrcheck(off)")))
extern "C" void __jc_544(void* obj, unsigned long nargs, void** args, void* ret)
{
   ((std::vector<std::vector<int, std::allocator<int>>, std::allocator<std::vector<int, std::allocator<int>>>>*)obj)->std::vector<std::vector<int, std::allocator<int>>, std::allocator<std::vector<int, std::allocator<int>>>>::reserve(*(unsigned long*)args[0]);
   return;
}
#pragma clang diagnostic pop
==== SOURCE END ====
JIT session error: Failed to materialize symbols: { (main, { _ZNSt12_Vector_baseISt6vectorIiSaIiEESaIS2_EE13_M_deallocateEPS2_m }) }
TClingCallFunc::make_wrapper:Failed to compile
==== SOURCE BEGIN ====
#pragma clang diagnostic push
#pragma clang diagnostic ignored "-Wformat-security"
__attribute__((used)) __attribute__((annotate("__cling__ptrcheck(off)")))
extern "C" void __jc_545(void* obj, unsigned long nargs, void** args, void* ret)
{
   if (ret) {
      ::new (ret) (std::vector<int>*) (&((std::vector<std::vector<int, std::allocator<int>>, std::allocator<std::vector<int, std::allocator<int>>>>*)obj)->std::vector<std::vector<int, std::allocator<int>>, std::allocator<std::vector<int, std::allocator<int>>>>::emplace_back<std::vector<int>>((std::vector<int>&&)*(std::vector<int>*)args[0]));
      return;
   }
   else {
      (void)(((std::vector<std::vector<int, std::allocator<int>>, std::allocator<std::vector<int, std::allocator<int>>>>*)obj)->std::vector<std::vector<int, std::allocator<int>>, std::allocator<std::vector<int, std::allocator<int>>>>::emplace_back<std::vector<int>>((std::vector<int>&&)*(std::vector<int>*)args[0]));
      return;
   }
}
#pragma clang diagnostic pop
==== SOURCE END ====
JIT session error: Failed to materialize symbols: { (main, { _ZNSt6vectorIS_IiSaIiEESaIS1_EE12emplace_backIJS1_EEERS1_DpOT_ }) }
TClingCallFunc::make_wrapper:Failed to compile
==== SOURCE BEGIN ====
#pragma clang diagnostic push
#pragma clang diagnostic ignored "-Wformat-security"
__attribute__((used)) __attribute__((annotate("__cling__ptrcheck(off)")))
extern "C" void __jc_546(void* obj, unsigned long nargs, void** args, void* ret)
{
   if (ret) {
      ::new (ret) (std::vector<int>*) (&((std::vector<std::vector<int, std::allocator<int>>, std::allocator<std::vector<int, std::allocator<int>>>>*)obj)->std::vector<std::vector<int, std::allocator<int>>, std::allocator<std::vector<int, std::allocator<int>>>>::emplace_back<std::vector<int>>((std::vector<int>&&)*(std::vector<int>*)args[0]));
      return;
   }
   else {
      (void)(((std::vector<std::vector<int, std::allocator<int>>, std::allocator<std::vector<int, std::allocator<int>>>>*)obj)->std::vector<std::vector<int, std::allocator<int>>, std::allocator<std::vector<int, std::allocator<int>>>>::emplace_back<std::vector<int>>((std::vector<int>&&)*(std::vector<int>*)args[0]));
      return;
   }
}
#pragma clang diagnostic pop
==== SOURCE END ====
JIT session error: Failed to materialize symbols: { (main, { _ZNKSt6vectorIS_IiSaIiEESaIS1_EE4sizeEv }) }
TClingCallFunc::make_wrapper:Failed to compile
==== SOURCE BEGIN ====
#pragma clang diagnostic push
#pragma clang diagnostic ignored "-Wformat-security"
__attribute__((used)) __attribute__((annotate("__cling__ptrcheck(off)")))
extern "C" void __jc_547(void* obj, unsigned long nargs, void** args, void* ret)
{
   if (ret) {
      ::new (ret) (unsigned long) (((const std::vector<std::vector<int, std::allocator<int>>, std::allocator<std::vector<int, std::allocator<int>>>>*)obj)->std::vector<std::vector<int, std::allocator<int>>, std::allocator<std::vector<int, std::allocator<int>>>>::size());
      return;
   }
   else {
      (void)(((const std::vector<std::vector<int, std::allocator<int>>, std::allocator<std::vector<int, std::allocator<int>>>>*)obj)->std::vector<std::vector<int, std::allocator<int>>, std::allocator<std::vector<int, std::allocator<int>>>>::size());
      return;
   }
}
#pragma clang diagnostic pop
==== SOURCE END ====
_____________________ TestSTLVECTOR.test18_array_interface _____________________

self = <test_stltypes.TestSTLVECTOR object at 0x770551fc31d0>

    @mark.xfail(condition=IS_MAC and IS_CLING, run=False, reason="Crashes on OSX-Cling")
    def test18_array_interface(self):
        """Test usage of __array__ from numpy"""
    
        import cppjit
    
        try:
            import numpy as np
        except ImportError:
            skip("numpy is not installed")
    
        a = cppjit.gbl.std.vector[int]((1, 2, 3))
    
        b = np.array(a)
        assert len(a) == len(b)
        a[0] = 4
        assert a[0] == 4
        assert b[0] == 1
    
        b = np.array(a, copy=False)
        assert b[0] == 4
        a[0] = 1
        assert b[0] == 1
    
        b = np.array(a, dtype=np.int32, copy=False)
        assert b[0] == 1
        a[0] = 5
        assert b[0] == 5
    
        cppjit.cppdef("""\
        namespace ImplicitVector {
        int func(std::vector<int> v) {
            return std::accumulate(v.begin(), v.end(), 0);
        } }""")
    
        ns = cppjit.gbl.ImplicitVector
    
        v = np.array(range(10), dtype=np.intc)
>       assert ns.func(v) == sum(v)
               ^^^^^^^^^^
E       TypeError: int ImplicitVector::func(std::vector<int> v) =>
E           TypeError: could not convert argument 1: [InstanceConverter]

test_stltypes.py:727: TypeError
----------------------------- Captured stderr call -----------------------------
JIT session error: In graph incr_module_1611-jitted-objectbuffer, section .eh_frame: relocation target 0x7705435980a0 (DW.ref.__gxx_personality_v0) is out of range of Delta32 fixup at address 0x7705435980a0 (<anonymous block> @ 0x7704b61d41b0 + 0x13)
TClingCallFunc::make_wrapper:Failed to compile
==== SOURCE BEGIN ====
#pragma clang diagnostic push
#pragma clang diagnostic ignored "-Wformat-security"
__attribute__((used)) __attribute__((annotate("__cling__ptrcheck(off)")))
extern "C" void __jc_549(void* ret, unsigned long nary, unsigned long nargs, void** args, void* is_arena)
{
   if (nargs == 1) {
            (*(std::vector<int, std::allocator<int>>**)ret) = (is_arena) ? ::new (*(std::vector<int, std::allocator<int>>**)ret) std::vector<int, std::allocator<int>>(*(std::initializer_list<int>*)args[0]): new std::vector<int, std::allocator<int>>(*(std::initializer_list<int>*)args[0]);
      }
   if (nargs == 2) {
            (*(std::vector<int, std::allocator<int>>**)ret) = (is_arena) ? ::new (*(std::vector<int, std::allocator<int>>**)ret) std::vector<int, std::allocator<int>>(*(std::initializer_list<int>*)args[0], (const std::allocator<int>&)*(const std::allocator<int>*)args[1]): new std::vector<int, std::allocator<int>>(*(std::initializer_list<int>*)args[0], (const std::allocator<int>&)*(const std::allocator<int>*)args[1]);
      }
}
#pragma clang diagnostic pop
==== SOURCE END ====
_____________________ TestSTLVECTOR.test19_vector_point3d ______________________

self = <test_stltypes.TestSTLVECTOR object at 0x770551ff76b0>

    @mark.xfail(
        condition=IS_MAC and IS_CLING, run=False, reason="Crashes with OSX-Cling"
    )
    def test19_vector_point3d(self):
        """Iteration over a vector of by-value objects"""
    
        import cppjit
    
        N = 10
    
        cppjit.cppdef("""namespace vector_point3d {
        class Point3D {
            double x, y, z;
    
        public:
            Point3D(double x, double y, double z) : x(x), y(y), z(z) {}
            double square() { return x*x+y*y+z*z; }
        }; }""")
    
        Point3D = cppjit.gbl.vector_point3d.Point3D
        v = cppjit.gbl.std.vector[Point3D]()
        for i in range(N):
            v.emplace_back(i, i * 2, i * 3)
    
        pysum = 0.0
        for x in range(N):
            pysum += 14 * x**2
    
        cppsum = 0.0
>       for p in v:
                 ^
E       cppjit.gbl.std.runtime_error: unsigned long std::vector<vector_point3d::Point3D>::size() =>
E           runtime_error: failed to resolve function

test_stltypes.py:765: runtime_error
----------------------------- Captured stderr call -----------------------------
JIT session error: In graph incr_module_1640-jitted-objectbuffer, section .eh_frame: relocation target 0x7705435980a0 (DW.ref.__gxx_personality_v0) is out of range of Delta32 fixup at address 0x7705435980a0 (<anonymous block> @ 0x7704b61d0484 + 0x13)
TClingCallFunc::make_wrapper:Failed to compile
==== SOURCE BEGIN ====
#pragma clang diagnostic push
#pragma clang diagnostic ignored "-Wformat-security"
__attribute__((used)) __attribute__((annotate("__cling__ptrcheck(off)")))
extern "C" void __jc_551(void* obj, unsigned long nargs, void** args, void* ret)
{
   if (ret) {
      ::new (ret) (vector_point3d::Point3D*) (&((std::vector<vector_point3d::Point3D, std::allocator<vector_point3d::Point3D>>*)obj)->std::vector<vector_point3d::Point3D, std::allocator<vector_point3d::Point3D>>::emplace_back<int, int, int>((int&&)*(int*)args[0], (int&&)*(int*)args[1], (int&&)*(int*)args[2]));
      return;
   }
   else {
      (void)(((std::vector<vector_point3d::Point3D, std::allocator<vector_point3d::Point3D>>*)obj)->std::vector<vector_point3d::Point3D, std::allocator<vector_point3d::Point3D>>::emplace_back<int, int, int>((int&&)*(int*)args[0], (int&&)*(int*)args[1], (int&&)*(int*)args[2]));
      return;
   }
}
#pragma clang diagnostic pop
==== SOURCE END ====
JIT session error: Failed to materialize symbols: { (main, { _ZNSt6vectorIN14vector_point3d7Point3DESaIS1_EE12emplace_backIJiiiEEERS1_DpOT_ }) }
TClingCallFunc::make_wrapper:Failed to compile
==== SOURCE BEGIN ====
#pragma clang diagnostic push
#pragma clang diagnostic ignored "-Wformat-security"
__attribute__((used)) __attribute__((annotate("__cling__ptrcheck(off)")))
extern "C" void __jc_552(void* obj, unsigned long nargs, void** args, void* ret)
{
   if (ret) {
      ::new (ret) (vector_point3d::Point3D*) (&((std::vector<vector_point3d::Point3D, std::allocator<vector_point3d::Point3D>>*)obj)->std::vector<vector_point3d::Point3D, std::allocator<vector_point3d::Point3D>>::emplace_back<int, int, int>((int&&)*(int*)args[0], (int&&)*(int*)args[1], (int&&)*(int*)args[2]));
      return;
   }
   else {
      (void)(((std::vector<vector_point3d::Point3D, std::allocator<vector_point3d::Point3D>>*)obj)->std::vector<vector_point3d::Point3D, std::allocator<vector_point3d::Point3D>>::emplace_back<int, int, int>((int&&)*(int*)args[0], (int&&)*(int*)args[1], (int&&)*(int*)args[2]));
      return;
   }
}
#pragma clang diagnostic pop
==== SOURCE END ====
JIT session error: Failed to materialize symbols: { (main, { _ZNSt6vectorIN14vector_point3d7Point3DESaIS1_EE12emplace_backIJiiiEEERS1_DpOT_ }) }
TClingCallFunc::make_wrapper:Failed to compile
==== SOURCE BEGIN ====
#pragma clang diagnostic push
#pragma clang diagnostic ignored "-Wformat-security"
__attribute__((used)) __attribute__((annotate("__cling__ptrcheck(off)")))
extern "C" void __jc_553(void* obj, unsigned long nargs, void** args, void* ret)
{
   if (ret) {
      ::new (ret) (vector_point3d::Point3D*) (&((std::vector<vector_point3d::Point3D, std::allocator<vector_point3d::Point3D>>*)obj)->std::vector<vector_point3d::Point3D, std::allocator<vector_point3d::Point3D>>::emplace_back<int, int, int>((int&&)*(int*)args[0], (int&&)*(int*)args[1], (int&&)*(int*)args[2]));
      return;
   }
   else {
      (void)(((std::vector<vector_point3d::Point3D, std::allocator<vector_point3d::Point3D>>*)obj)->std::vector<vector_point3d::Point3D, std::allocator<vector_point3d::Point3D>>::emplace_back<int, int, int>((int&&)*(int*)args[0], (int&&)*(int*)args[1], (int&&)*(int*)args[2]));
      return;
   }
}
#pragma clang diagnostic pop
==== SOURCE END ====
JIT session error: Failed to materialize symbols: { (main, { _ZNSt6vectorIN14vector_point3d7Point3DESaIS1_EE12emplace_backIJiiiEEERS1_DpOT_ }) }
TClingCallFunc::make_wrapper:Failed to compile
==== SOURCE BEGIN ====
#pragma clang diagnostic push
#pragma clang diagnostic ignored "-Wformat-security"
__attribute__((used)) __attribute__((annotate("__cling__ptrcheck(off)")))
extern "C" void __jc_554(void* obj, unsigned long nargs, void** args, void* ret)
{
   if (ret) {
      ::new (ret) (vector_point3d::Point3D*) (&((std::vector<vector_point3d::Point3D, std::allocator<vector_point3d::Point3D>>*)obj)->std::vector<vector_point3d::Point3D, std::allocator<vector_point3d::Point3D>>::emplace_back<int, int, int>((int&&)*(int*)args[0], (int&&)*(int*)args[1], (int&&)*(int*)args[2]));
      return;
   }
   else {
      (void)(((std::vector<vector_point3d::Point3D, std::allocator<vector_point3d::Point3D>>*)obj)->std::vector<vector_point3d::Point3D, std::allocator<vector_point3d::Point3D>>::emplace_back<int, int, int>((int&&)*(int*)args[0], (int&&)*(int*)args[1], (int&&)*(int*)args[2]));
      return;
   }
}
#pragma clang diagnostic pop
==== SOURCE END ====
JIT session error: Failed to materialize symbols: { (main, { _ZNSt6vectorIN14vector_point3d7Point3DESaIS1_EE12emplace_backIJiiiEEERS1_DpOT_ }) }
TClingCallFunc::make_wrapper:Failed to compile
==== SOURCE BEGIN ====
#pragma clang diagnostic push
#pragma clang diagnostic ignored "-Wformat-security"
__attribute__((used)) __attribute__((annotate("__cling__ptrcheck(off)")))
extern "C" void __jc_555(void* obj, unsigned long nargs, void** args, void* ret)
{
   if (ret) {
      ::new (ret) (vector_point3d::Point3D*) (&((std::vector<vector_point3d::Point3D, std::allocator<vector_point3d::Point3D>>*)obj)->std::vector<vector_point3d::Point3D, std::allocator<vector_point3d::Point3D>>::emplace_back<int, int, int>((int&&)*(int*)args[0], (int&&)*(int*)args[1], (int&&)*(int*)args[2]));
      return;
   }
   else {
      (void)(((std::vector<vector_point3d::Point3D, std::allocator<vector_point3d::Point3D>>*)obj)->std::vector<vector_point3d::Point3D, std::allocator<vector_point3d::Point3D>>::emplace_back<int, int, int>((int&&)*(int*)args[0], (int&&)*(int*)args[1], (int&&)*(int*)args[2]));
      return;
   }
}
#pragma clang diagnostic pop
==== SOURCE END ====
JIT session error: Failed to materialize symbols: { (main, { _ZNSt6vectorIN14vector_point3d7Point3DESaIS1_EE12emplace_backIJiiiEEERS1_DpOT_ }) }
TClingCallFunc::make_wrapper:Failed to compile
==== SOURCE BEGIN ====
#pragma clang diagnostic push
#pragma clang diagnostic ignored "-Wformat-security"
__attribute__((used)) __attribute__((annotate("__cling__ptrcheck(off)")))
extern "C" void __jc_556(void* obj, unsigned long nargs, void** args, void* ret)
{
   if (ret) {
      ::new (ret) (vector_point3d::Point3D*) (&((std::vector<vector_point3d::Point3D, std::allocator<vector_point3d::Point3D>>*)obj)->std::vector<vector_point3d::Point3D, std::allocator<vector_point3d::Point3D>>::emplace_back<int, int, int>((int&&)*(int*)args[0], (int&&)*(int*)args[1], (int&&)*(int*)args[2]));
      return;
   }
   else {
      (void)(((std::vector<vector_point3d::Point3D, std::allocator<vector_point3d::Point3D>>*)obj)->std::vector<vector_point3d::Point3D, std::allocator<vector_point3d::Point3D>>::emplace_back<int, int, int>((int&&)*(int*)args[0], (int&&)*(int*)args[1], (int&&)*(int*)args[2]));
      return;
   }
}
#pragma clang diagnostic pop
==== SOURCE END ====
JIT session error: Failed to materialize symbols: { (main, { _ZNSt6vectorIN14vector_point3d7Point3DESaIS1_EE12emplace_backIJiiiEEERS1_DpOT_ }) }
TClingCallFunc::make_wrapper:Failed to compile
==== SOURCE BEGIN ====
#pragma clang diagnostic push
#pragma clang diagnostic ignored "-Wformat-security"
__attribute__((used)) __attribute__((annotate("__cling__ptrcheck(off)")))
extern "C" void __jc_557(void* obj, unsigned long nargs, void** args, void* ret)
{
   if (ret) {
      ::new (ret) (vector_point3d::Point3D*) (&((std::vector<vector_point3d::Point3D, std::allocator<vector_point3d::Point3D>>*)obj)->std::vector<vector_point3d::Point3D, std::allocator<vector_point3d::Point3D>>::emplace_back<int, int, int>((int&&)*(int*)args[0], (int&&)*(int*)args[1], (int&&)*(int*)args[2]));
      return;
   }
   else {
      (void)(((std::vector<vector_point3d::Point3D, std::allocator<vector_point3d::Point3D>>*)obj)->std::vector<vector_point3d::Point3D, std::allocator<vector_point3d::Point3D>>::emplace_back<int, int, int>((int&&)*(int*)args[0], (int&&)*(int*)args[1], (int&&)*(int*)args[2]));
      return;
   }
}
#pragma clang diagnostic pop
==== SOURCE END ====
JIT session error: Failed to materialize symbols: { (main, { _ZNSt6vectorIN14vector_point3d7Point3DESaIS1_EE12emplace_backIJiiiEEERS1_DpOT_ }) }
TClingCallFunc::make_wrapper:Failed to compile
==== SOURCE BEGIN ====
#pragma clang diagnostic push
#pragma clang diagnostic ignored "-Wformat-security"
__attribute__((used)) __attribute__((annotate("__cling__ptrcheck(off)")))
extern "C" void __jc_558(void* obj, unsigned long nargs, void** args, void* ret)
{
   if (ret) {
      ::new (ret) (vector_point3d::Point3D*) (&((std::vector<vector_point3d::Point3D, std::allocator<vector_point3d::Point3D>>*)obj)->std::vector<vector_point3d::Point3D, std::allocator<vector_point3d::Point3D>>::emplace_back<int, int, int>((int&&)*(int*)args[0], (int&&)*(int*)args[1], (int&&)*(int*)args[2]));
      return;
   }
   else {
      (void)(((std::vector<vector_point3d::Point3D, std::allocator<vector_point3d::Point3D>>*)obj)->std::vector<vector_point3d::Point3D, std::allocator<vector_point3d::Point3D>>::emplace_back<int, int, int>((int&&)*(int*)args[0], (int&&)*(int*)args[1], (int&&)*(int*)args[2]));
      return;
   }
}
#pragma clang diagnostic pop
==== SOURCE END ====
JIT session error: Failed to materialize symbols: { (main, { _ZNSt6vectorIN14vector_point3d7Point3DESaIS1_EE12emplace_backIJiiiEEERS1_DpOT_ }) }
TClingCallFunc::make_wrapper:Failed to compile
==== SOURCE BEGIN ====
#pragma clang diagnostic push
#pragma clang diagnostic ignored "-Wformat-security"
__attribute__((used)) __attribute__((annotate("__cling__ptrcheck(off)")))
extern "C" void __jc_559(void* obj, unsigned long nargs, void** args, void* ret)
{
   if (ret) {
      ::new (ret) (vector_point3d::Point3D*) (&((std::vector<vector_point3d::Point3D, std::allocator<vector_point3d::Point3D>>*)obj)->std::vector<vector_point3d::Point3D, std::allocator<vector_point3d::Point3D>>::emplace_back<int, int, int>((int&&)*(int*)args[0], (int&&)*(int*)args[1], (int&&)*(int*)args[2]));
      return;
   }
   else {
      (void)(((std::vector<vector_point3d::Point3D, std::allocator<vector_point3d::Point3D>>*)obj)->std::vector<vector_point3d::Point3D, std::allocator<vector_point3d::Point3D>>::emplace_back<int, int, int>((int&&)*(int*)args[0], (int&&)*(int*)args[1], (int&&)*(int*)args[2]));
      return;
   }
}
#pragma clang diagnostic pop
==== SOURCE END ====
JIT session error: Failed to materialize symbols: { (main, { _ZNSt6vectorIN14vector_point3d7Point3DESaIS1_EE12emplace_backIJiiiEEERS1_DpOT_ }) }
TClingCallFunc::make_wrapper:Failed to compile
==== SOURCE BEGIN ====
#pragma clang diagnostic push
#pragma clang diagnostic ignored "-Wformat-security"
__attribute__((used)) __attribute__((annotate("__cling__ptrcheck(off)")))
extern "C" void __jc_560(void* obj, unsigned long nargs, void** args, void* ret)
{
   if (ret) {
      ::new (ret) (vector_point3d::Point3D*) (&((std::vector<vector_point3d::Point3D, std::allocator<vector_point3d::Point3D>>*)obj)->std::vector<vector_point3d::Point3D, std::allocator<vector_point3d::Point3D>>::emplace_back<int, int, int>((int&&)*(int*)args[0], (int&&)*(int*)args[1], (int&&)*(int*)args[2]));
      return;
   }
   else {
      (void)(((std::vector<vector_point3d::Point3D, std::allocator<vector_point3d::Point3D>>*)obj)->std::vector<vector_point3d::Point3D, std::allocator<vector_point3d::Point3D>>::emplace_back<int, int, int>((int&&)*(int*)args[0], (int&&)*(int*)args[1], (int&&)*(int*)args[2]));
      return;
   }
}
#pragma clang diagnostic pop
==== SOURCE END ====
JIT session error: Failed to materialize symbols: { (main, { _ZNKSt6vectorIN14vector_point3d7Point3DESaIS1_EE4sizeEv }) }
TClingCallFunc::make_wrapper:Failed to compile
==== SOURCE BEGIN ====
#pragma clang diagnostic push
#pragma clang diagnostic ignored "-Wformat-security"
__attribute__((used)) __attribute__((annotate("__cling__ptrcheck(off)")))
extern "C" void __jc_562(void* obj, unsigned long nargs, void** args, void* ret)
{
   if (ret) {
      ::new (ret) (unsigned long) (((const std::vector<vector_point3d::Point3D, std::allocator<vector_point3d::Point3D>>*)obj)->std::vector<vector_point3d::Point3D, std::allocator<vector_point3d::Point3D>>::size());
      return;
   }
   else {
      (void)(((const std::vector<vector_point3d::Point3D, std::allocator<vector_point3d::Point3D>>*)obj)->std::vector<vector_point3d::Point3D, std::allocator<vector_point3d::Point3D>>::size());
      return;
   }
}
#pragma clang diagnostic pop
==== SOURCE END ====
_____________________ TestSTLVECTOR.test20_vector_cstring ______________________

self = <test_stltypes.TestSTLVECTOR object at 0x770551ff7890>

    def test20_vector_cstring(self):
        """Usage of a vector of const char*"""
    
        import cppjit
    
>       cppjit.cppdef("""\
        namespace VectorConstCharStar {
            std::vector<const char*> test = {"hello"};
        }""")

test_stltypes.py:775: 
_ _ _ _ _ _ _ _ _ _ _ _ _ _ _ _ _ _ _ _ _ _ _ _ _ _ _ _ _ _ _ _ _ _ _ _ _ _ _ _ 

src = '        namespace VectorConstCharStar {\n            std::vector<const char*> test = {"hello"};\n        }'
verbose = True

    def cppdef(src, verbose=True):
        """Declare C++ source <src> to Cling."""
        with _stderr_capture() as err:
            errcode = gbl.Cpp.Declare(src, not verbose)
        if not errcode == 0 or err.err:
            if "warning" in err.err.lower() and "error" not in err.err.lower():
                warnings.warn(err.err, SyntaxWarning)
                return True
>           raise SyntaxError("Failed to parse the given C++ code%s" % err.err)
E           SyntaxError: Failed to parse the given C++ code

/tmp/t/lib/python3.13/site-packages/cppjit/__init__.py:229: SyntaxError
----------------------------- Captured stderr call -----------------------------
JIT session error: In graph incr_module_1652-jitted-objectbuffer, section .eh_frame: relocation target 0x7705435980a0 (DW.ref.__gxx_personality_v0) is out of range of Delta32 fixup at address 0x7705435980a0 (<anonymous block> @ 0x7704b61cc338 + 0x13)
Failed to execute via ::process:Failed to materialize symbols: { (main, { _ZSt8_DestroyIPPKcEvT_S3_, _ZNKSt16initializer_listIPKcE4sizeEv, _ZNSt15__new_allocatorIPKcED2Ev, $.incr_module_1652.__inits.0, _ZNSt6vectorIPKcSaIS1_EEC2ESt16initializer_listIS1_ERKS2_, _ZSt18uninitialized_copyIPKPKcPS1_ET0_T_S6_S5_, _ZNKSt16initializer_listIPKcE5beginEv, __orc_init_func.incr_module_1652, _ZNSt15__new_allocatorIPKcE10deallocateEPS1_m, _ZNSt6vectorIPKcSaIS1_EED2Ev, _ZNSt12_Vector_baseIPKcSaIS1_EEC2ERKS2_, _ZNSt6vectorIPKcSaIS1_EE17_S_check_init_lenEmRKS2_, _ZNKSt16initializer_listIPKcE3endEv, _ZNSt12_Vector_baseIPKcSaIS1_EED2Ev, _ZNSt15__new_allocatorIPKcE8allocateEmPKv, _ZNSt6vectorIPKcSaIS1_EE21_M_range_initialize_nIPKS1_S6_EEvT_T0_m, _ZSt22__uninitialized_copy_aIPKPKcS3_PS1_S1_ET1_T_T0_S5_RSaIT2_E, _ZNSt12_Vector_baseIPKcSaIS1_EE13_M_deallocateEPS1_m, _ZNSt6vectorIPKcSaIS1_EE11_S_max_sizeERKS2_, _ZNSt12_Vector_baseIPKcSaIS1_EE12_Vector_implC2ERKS2_, _ZNSt12_Vector_baseIPKcSaIS1_EE17_Vector_impl_dataC2Ev, _ZNSt12_Vector_baseIPKcSaIS1_EE19_M_get_Tp_allocatorEv, _ZNSt12_Vector_baseIPKcSaIS1_EE11_M_allocateEm, _ZN19VectorConstCharStar4testE, _ZNSt12_Vector_baseIPKcSaIS1_EE12_Vector_implD2Ev }) }
_________________ TestSTLVECTOR.test21_vector_of_structs_data __________________

self = <test_stltypes.TestSTLVECTOR object at 0x770541603650>

    @mark.xfail(condition=IS_MAC and IS_CLING, reason="Fails on OSX Cling")
    def test21_vector_of_structs_data(self):
        """Vector of structs data() should return array-like"""
    
        import cppjit
>       import cppjit.ll

test_stltypes.py:795: 
_ _ _ _ _ _ _ _ _ _ _ _ _ _ _ _ _ _ _ _ _ _ _ _ _ _ _ _ _ _ _ _ _ _ _ _ _ _ _ _ 
/tmp/t/lib/python3.13/site-packages/cppjit/ll.py:62: in <module>
    cppjit.cppdef("""namespace __cppjit_internal {
_ _ _ _ _ _ _ _ _ _ _ _ _ _ _ _ _ _ _ _ _ _ _ _ _ _ _ _ _ _ _ _ _ _ _ _ _ _ _ _ 

src = 'namespace __cppjit_internal {\n    // type casting\n      template<typename T, typename U>\n      T cppjit_cast(U val... return new T[count]; }\n\n      template<typename T>\n      void cppjit_array_delete(T* ptr) { delete[] ptr; }\n    }'
verbose = True

    def cppdef(src, verbose=True):
        """Declare C++ source <src> to Cling."""
        with _stderr_capture() as err:
            errcode = gbl.Cpp.Declare(src, not verbose)
        if not errcode == 0 or err.err:
            if "warning" in err.err.lower() and "error" not in err.err.lower():
                warnings.warn(err.err, SyntaxWarning)
                return True
>           raise SyntaxError("Failed to parse the given C++ code%s" % err.err)
E           SyntaxError: Failed to parse the given C++ code

/tmp/t/lib/python3.13/site-packages/cppjit/__init__.py:229: SyntaxError
----------------------------- Captured stderr call -----------------------------
Failed to execute via ::process:Failed to materialize symbols: { (main, { __orc_init_func.incr_module_1652 }) }
_______________________ TestSTLVECTOR.test22_polymorphic _______________________

self = <test_stltypes.TestSTLVECTOR object at 0x770542cb65d0>

    def test22_polymorphic(self):
        """Vector of polymorphic types should auto-cast"""
    
        import cppjit
    
        cppjit.cppdef("""\
        namespace Polymorphic {
        class vertex {
        public:
          virtual ~vertex() {}
        };
    
        class Mvertex : public vertex {};
    
        class vCont {
        public:
          virtual ~vCont() { for (auto& v: verts) delete v; }
          std::vector<vertex*> verts { new vertex(), new Mvertex() };
          const std::vector<vertex*>& vertices() { return verts; }
        }; }""")
    
        ns = cppjit.gbl.Polymorphic
>       cont = ns.vCont()
               ^^^^^^^^^^
E       TypeError: none of the 2 overloaded methods succeeded. Full details:
E         vCont::vCont(const Polymorphic::vCont &) =>
E           TypeError: takes at least 1 arguments (0 given)
E         Polymorphic::vCont constructor failed

test_stltypes.py:848: TypeError
----------------------------- Captured stderr call -----------------------------
JIT session error: In graph incr_module_1661-jitted-objectbuffer, section .eh_frame: relocation target 0x7705435980a0 (DW.ref.__gxx_personality_v0) is out of range of Delta32 fixup at address 0x7705435980a0 (<anonymous block> @ 0x7704b61c44b4 + 0x13)
TClingCallFunc::make_wrapper:Failed to compile
==== SOURCE BEGIN ====
#pragma clang diagnostic push
#pragma clang diagnostic ignored "-Wformat-security"
__attribute__((used)) __attribute__((annotate("__cling__ptrcheck(off)")))
extern "C" void __jc_566(void* ret, unsigned long nary, unsigned long nargs, void** args, void* is_arena)
{
   if (nary > 1) {
   (*(Polymorphic::vCont**)ret) = (is_arena) ? ::new (*(Polymorphic::vCont**)ret) Polymorphic::vCont[nary]: new Polymorphic::vCont[nary];
   }
else {
   (*(Polymorphic::vCont**)ret) = (is_arena) ? ::new (*(Polymorphic::vCont**)ret) Polymorphic::vCont(): new Polymorphic::vCont();
}
}
#pragma clang diagnostic pop
==== SOURCE END ====
_____________________ TestSTLVECTOR.test23_copy_conversion _____________________

self = <test_stltypes.TestSTLVECTOR object at 0x770542cb5f50>

    def test23_copy_conversion(self):
        """Vector given an array of different type should copy convert"""
    
        import cppjit
    
        try:
            import numpy as np
        except ImportError:
            skip("numpy is not installed")
    
        x = np.array([5.0, 25.0, 125.0])
>       v = cppjit.gbl.std.vector("float")(x)
            ^^^^^^^^^^^^^^^^^^^^^^^^^^^^^^^^^
E       TypeError: Template method resolution failed:
E         none of the 9 overloaded methods succeeded. Full details:
E         std::vector<float> constructor failed
E         vector<float, std::allocator<float>>::vector<float, std::allocator<float>>(std::vector<float> && __rv, const std::__type_identity_t<std::vector<float, std::allocator<float>>::allocator_type> & __m) =>
E           TypeError: takes at least 2 arguments (1 given)
E         vector<float, std::allocator<float>>::vector<float, std::allocator<float>>(std::vector<float> &&) =>
E           TypeError: could not convert argument 1: [InstanceMoveConverter]
E         vector<float, std::allocator<float>>::vector<float, std::allocator<float>>(const std::vector<float> & __x, const std::__type_identity_t<std::vector<float, std::allocator<float>>::allocator_type> & __a) =>
E           TypeError: takes at least 2 arguments (1 given)
E         vector<float, std::allocator<float>>::vector<float, std::allocator<float>>(const std::vector<float>::allocator_type & __a) =>
E           TypeError: could not convert argument 1: [InstanceRefConverter]
E         vector<float, std::allocator<float>>::vector<float, std::allocator<float>>(const std::vector<float> & __x) =>
E           TypeError: could not convert argument 1: [InstanceRefConverter]
E         vector<float, std::allocator<float>>::vector<float, std::allocator<float>>() =>
E           TypeError: takes at most 0 arguments (1 given)
E         vector<float, std::allocator<float>>::vector<float, std::allocator<float>>(std::vector::size_type __n, const std::vector<float>::allocator_type & __a = allocator_type()) =>
E           TypeError: could not convert argument 1: [ULongConverter] (an integer is required)
E         vector<float, std::allocator<float>>::vector<float, std::allocator<float>>(std::vector::size_type __n, const std::vector<float>::value_type & __value, const std::vector<float>::allocator_type & __a = allocator_type()) =>
E           TypeError: takes at least 2 arguments (1 given)
E         vector<float, std::allocator<float>>::vector<float, std::allocator<float>>() =>
E           TypeError: takes at most 0 arguments (1 given)

test_stltypes.py:864: TypeError
----------------------------- Captured stderr call -----------------------------
JIT session error: In graph incr_module_1662-jitted-objectbuffer, section .eh_frame: relocation target 0x7705435980a0 (DW.ref.__gxx_personality_v0) is out of range of Delta32 fixup at address 0x7705435980a0 (<anonymous block> @ 0x7704b61c81b0 + 0x13)
TClingCallFunc::make_wrapper:Failed to compile
==== SOURCE BEGIN ====
#pragma clang diagnostic push
#pragma clang diagnostic ignored "-Wformat-security"
__attribute__((used)) __attribute__((annotate("__cling__ptrcheck(off)")))
extern "C" void __jc_567(void* ret, unsigned long nary, unsigned long nargs, void** args, void* is_arena)
{
   if (nargs == 1) {
            (*(std::vector<float, std::allocator<float>>**)ret) = (is_arena) ? ::new (*(std::vector<float, std::allocator<float>>**)ret) std::vector<float, std::allocator<float>>(*(std::initializer_list<float>*)args[0]): new std::vector<float, std::allocator<float>>(*(std::initializer_list<float>*)args[0]);
      }
   if (nargs == 2) {
            (*(std::vector<float, std::allocator<float>>**)ret) = (is_arena) ? ::new (*(std::vector<float, std::allocator<float>>**)ret) std::vector<float, std::allocator<float>>(*(std::initializer_list<float>*)args[0], (const std::allocator<float>&)*(const std::allocator<float>*)args[1]): new std::vector<float, std::allocator<float>>(*(std::initializer_list<float>*)args[0], (const std::allocator<float>&)*(const std::allocator<float>*)args[1]);
      }
}
#pragma clang diagnostic pop
==== SOURCE END ====
______________________ TestSTLVECTOR.test24_byte_vectors _______________________

self = <test_stltypes.TestSTLVECTOR object at 0x770542480830>

    @mark.xfail(condition=IS_LINUX_ARM, reason="Fails on Linux ARM")
    def test24_byte_vectors(self):
        """Vectors of "byte" types should return low level views"""
    
        import cppjit
        import cppjit.types
    
        vector = cppjit.gbl.std.vector
    
        for ctype in ("unsigned char", "signed char", "int8_t", "uint8_t"):
            vc = vector[ctype](range(10))
            data = vc.data()
    
            assert type(data) == cppjit.types.LowLevelView
>           assert len(data) == 10
E           assert 0 == 10
E            +  where 0 = len(<cppjit.LowLevelView object at 0x7705428cf2b0>)

test_stltypes.py:883: AssertionError
----------------------------- Captured stderr call -----------------------------
JIT session error: In graph incr_module_1694-jitted-objectbuffer, section .eh_frame: relocation target 0x7705435980a0 (DW.ref.__gxx_personality_v0) is out of range of Delta32 fixup at address 0x7705435980a0 (<anonymous block> @ 0x7704b61c5200 + 0x13)
TClingCallFunc::make_wrapper:Failed to compile
==== SOURCE BEGIN ====
#pragma clang diagnostic push
#pragma clang diagnostic ignored "-Wformat-security"
__attribute__((used)) __attribute__((annotate("__cling__ptrcheck(off)")))
extern "C" void __jc_569(void* obj, unsigned long nargs, void** args, void* ret)
{
   ((std::vector<unsigned char, std::allocator<unsigned char>>*)obj)->std::vector<unsigned char, std::allocator<unsigned char>>::reserve(*(unsigned long*)args[0]);
   return;
}
#pragma clang diagnostic pop
==== SOURCE END ====
JIT session error: Failed to materialize symbols: { (main, { _ZNSt12_Vector_baseIhSaIhEE11_M_allocateEm }) }
TClingCallFunc::make_wrapper:Failed to compile
==== SOURCE BEGIN ====
#pragma clang diagnostic push
#pragma clang diagnostic ignored "-Wformat-security"
__attribute__((used)) __attribute__((annotate("__cling__ptrcheck(off)")))
extern "C" void __jc_570(void* obj, unsigned long nargs, void** args, void* ret)
{
   ((std::vector<unsigned char, std::allocator<unsigned char>>*)obj)->std::vector<unsigned char, std::allocator<unsigned char>>::push_back((unsigned char&&)*(unsigned char*)args[0]);
   return;
}
#pragma clang diagnostic pop
==== SOURCE END ====
JIT session error: Failed to materialize symbols: { (main, { _ZNSt6vectorIhSaIhEE9push_backEOh }) }
TClingCallFunc::make_wrapper:Failed to compile
==== SOURCE BEGIN ====
#pragma clang diagnostic push
#pragma clang diagnostic ignored "-Wformat-security"
__attribute__((used)) __attribute__((annotate("__cling__ptrcheck(off)")))
extern "C" void __jc_571(void* obj, unsigned long nargs, void** args, void* ret)
{
   ((std::vector<unsigned char, std::allocator<unsigned char>>*)obj)->std::vector<unsigned char, std::allocator<unsigned char>>::push_back((unsigned char&&)*(unsigned char*)args[0]);
   return;
}
#pragma clang diagnostic pop
==== SOURCE END ====
JIT session error: Failed to materialize symbols: { (main, { _ZNSt6vectorIhSaIhEE9push_backEOh }) }
TClingCallFunc::make_wrapper:Failed to compile
==== SOURCE BEGIN ====
#pragma clang diagnostic push
#pragma clang diagnostic ignored "-Wformat-security"
__attribute__((used)) __attribute__((annotate("__cling__ptrcheck(off)")))
extern "C" void __jc_572(void* obj, unsigned long nargs, void** args, void* ret)
{
   ((std::vector<unsigned char, std::allocator<unsigned char>>*)obj)->std::vector<unsigned char, std::allocator<unsigned char>>::push_back((unsigned char&&)*(unsigned char*)args[0]);
   return;
}
#pragma clang diagnostic pop
==== SOURCE END ====
JIT session error: Failed to materialize symbols: { (main, { _ZNSt6vectorIhSaIhEE9push_backEOh }) }
TClingCallFunc::make_wrapper:Failed to compile
==== SOURCE BEGIN ====
#pragma clang diagnostic push
#pragma clang diagnostic ignored "-Wformat-security"
__attribute__((used)) __attribute__((annotate("__cling__ptrcheck(off)")))
extern "C" void __jc_573(void* obj, unsigned long nargs, void** args, void* ret)
{
   ((std::vector<unsigned char, std::allocator<unsigned char>>*)obj)->std::vector<unsigned char, std::allocator<unsigned char>>::push_back((unsigned char&&)*(unsigned char*)args[0]);
   return;
}
#pragma clang diagnostic pop
==== SOURCE END ====
JIT session error: Failed to materialize symbols: { (main, { _ZNSt6vectorIhSaIhEE9push_backEOh }) }
TClingCallFunc::make_wrapper:Failed to compile
==== SOURCE BEGIN ====
#pragma clang diagnostic push
#pragma clang diagnostic ignored "-Wformat-security"
__attribute__((used)) __attribute__((annotate("__cling__ptrcheck(off)")))
extern "C" void __jc_574(void* obj, unsigned long nargs, void** args, void* ret)
{
   ((std::vector<unsigned char, std::allocator<unsigned char>>*)obj)->std::vector<unsigned char, std::allocator<unsigned char>>::push_back((unsigned char&&)*(unsigned char*)args[0]);
   return;
}
#pragma clang diagnostic pop
==== SOURCE END ====
JIT session error: Failed to materialize symbols: { (main, { _ZNSt6vectorIhSaIhEE9push_backEOh }) }
TClingCallFunc::make_wrapper:Failed to compile
==== SOURCE BEGIN ====
#pragma clang diagnostic push
#pragma clang diagnostic ignored "-Wformat-security"
__attribute__((used)) __attribute__((annotate("__cling__ptrcheck(off)")))
extern "C" void __jc_575(void* obj, unsigned long nargs, void** args, void* ret)
{
   ((std::vector<unsigned char, std::allocator<unsigned char>>*)obj)->std::vector<unsigned char, std::allocator<unsigned char>>::push_back((unsigned char&&)*(unsigned char*)args[0]);
   return;
}
#pragma clang diagnostic pop
==== SOURCE END ====
JIT session error: Failed to materialize symbols: { (main, { _ZNSt6vectorIhSaIhEE9push_backEOh }) }
TClingCallFunc::make_wrapper:Failed to compile
==== SOURCE BEGIN ====
#pragma clang diagnostic push
#pragma clang diagnostic ignored "-Wformat-security"
__attribute__((used)) __attribute__((annotate("__cling__ptrcheck(off)")))
extern "C" void __jc_576(void* obj, unsigned long nargs, void** args, void* ret)
{
   ((std::vector<unsigned char, std::allocator<unsigned char>>*)obj)->std::vector<unsigned char, std::allocator<unsigned char>>::push_back((unsigned char&&)*(unsigned char*)args[0]);
   return;
}
#pragma clang diagnostic pop
==== SOURCE END ====
JIT session error: Failed to materialize symbols: { (main, { _ZNSt6vectorIhSaIhEE9push_backEOh }) }
TClingCallFunc::make_wrapper:Failed to compile
==== SOURCE BEGIN ====
#pragma clang diagnostic push
#pragma clang diagnostic ignored "-Wformat-security"
__attribute__((used)) __attribute__((annotate("__cling__ptrcheck(off)")))
extern "C" void __jc_577(void* obj, unsigned long nargs, void** args, void* ret)
{
   ((std::vector<unsigned char, std::allocator<unsigned char>>*)obj)->std::vector<unsigned char, std::allocator<unsigned char>>::push_back((unsigned char&&)*(unsigned char*)args[0]);
   return;
}
#pragma clang diagnostic pop
==== SOURCE END ====
JIT session error: Failed to materialize symbols: { (main, { _ZNSt6vectorIhSaIhEE9push_backEOh }) }
TClingCallFunc::make_wrapper:Failed to compile
==== SOURCE BEGIN ====
#pragma clang diagnostic push
#pragma clang diagnostic ignored "-Wformat-security"
__attribute__((used)) __attribute__((annotate("__cling__ptrcheck(off)")))
extern "C" void __jc_578(void* obj, unsigned long nargs, void** args, void* ret)
{
   ((std::vector<unsigned char, std::allocator<unsigned char>>*)obj)->std::vector<unsigned char, std::allocator<unsigned char>>::push_back((unsigned char&&)*(unsigned char*)args[0]);
   return;
}
#pragma clang diagnostic pop
==== SOURCE END ====
JIT session error: Failed to materialize symbols: { (main, { _ZNSt6vectorIhSaIhEE9push_backEOh }) }
TClingCallFunc::make_wrapper:Failed to compile
==== SOURCE BEGIN ====
#pragma clang diagnostic push
#pragma clang diagnostic ignored "-Wformat-security"
__attribute__((used)) __attribute__((annotate("__cling__ptrcheck(off)")))
extern "C" void __jc_579(void* obj, unsigned long nargs, void** args, void* ret)
{
   ((std::vector<unsigned char, std::allocator<unsigned char>>*)obj)->std::vector<unsigned char, std::allocator<unsigned char>>::push_back((unsigned char&&)*(unsigned char*)args[0]);
   return;
}
#pragma clang diagnostic pop
==== SOURCE END ====
JIT session error: Failed to materialize symbols: { (main, { _ZNKSt6vectorIhSaIhEE4sizeEv }) }
TClingCallFunc::make_wrapper:Failed to compile
==== SOURCE BEGIN ====
#pragma clang diagnostic push
#pragma clang diagnostic ignored "-Wformat-security"
__attribute__((used)) __attribute__((annotate("__cling__ptrcheck(off)")))
extern "C" void __jc_581(void* obj, unsigned long nargs, void** args, void* ret)
{
   if (ret) {
      ::new (ret) (unsigned long) (((const std::vector<unsigned char, std::allocator<unsigned char>>*)obj)->std::vector<unsigned char, std::allocator<unsigned char>>::size());
      return;
   }
   else {
      (void)(((const std::vector<unsigned char, std::allocator<unsigned char>>*)obj)->std::vector<unsigned char, std::allocator<unsigned char>>::size());
      return;
   }
}
#pragma clang diagnostic pop
==== SOURCE END ====
_________________ TestSTLSTRING.test01_string_argument_passing _________________

self = <test_stltypes.TestSTLSTRING object at 0x7705416342d0>

    @mark.xfail(condition=IS_MAC, reason="Fails on OSX")
    def test01_string_argument_passing(self):
        """Test mapping of python strings and std::[w]string"""
    
        import cppjit
    
        std = cppjit.gbl.std
    
        for stp, pystp in [(std.string, str), (std.wstring, pyunicode)]:
            stringy_class = cppjit.gbl.stringy_class[stp]
    
>           c, s = stringy_class(pystp("")), stp(pystp("test1"))
                   ^^^^^^^^^^^^^^^^^^^^^^^^
E           TypeError: none of the 3 overloaded methods succeeded. Full details:
E             stringy_class<std::basic_string<char, std::char_traits<char>, std::allocator<char>>>::stringy_class<std::basic_string<char, std::char_traits<char>, std::allocator<char>>>(stringy_class<std::basic_string<char>> &&) =>
E               TypeError: could not convert argument 1: [InstanceMoveConverter]
E             stringy_class<std::basic_string<char>> constructor failed
E             stringy_class<std::basic_string<char, std::char_traits<char>, std::allocator<char>>>::stringy_class<std::basic_string<char, std::char_traits<char>, std::allocator<char>>>(const stringy_class<std::basic_string<char>> &) =>
E               TypeError: could not convert argument 1: [InstanceRefConverter]

test_stltypes.py:917: TypeError
----------------------------- Captured stderr call -----------------------------
JIT session error: In graph incr_module_1717-jitted-objectbuffer, section .eh_frame: relocation target 0x7705435980a0 (DW.ref.__gxx_personality_v0) is out of range of Delta32 fixup at address 0x7705435980a0 (<anonymous block> @ 0x7704b61c4020 + 0x13)
TClingCallFunc::make_wrapper:Failed to compile
==== SOURCE BEGIN ====
#pragma clang diagnostic push
#pragma clang diagnostic ignored "-Wformat-security"
__attribute__((used)) __attribute__((annotate("__cling__ptrcheck(off)")))
extern "C" void __jc_582(void* ret, unsigned long nary, unsigned long nargs, void** args, void* is_arena)
{
      (*(stringy_class<std::basic_string<char, std::char_traits<char>, std::allocator<char>>>**)ret) = (is_arena) ? ::new (*(stringy_class<std::basic_string<char, std::char_traits<char>, std::allocator<char>>>**)ret) stringy_class<std::basic_string<char, std::char_traits<char>, std::allocator<char>>>(*(const char**)args[0]): new stringy_class<std::basic_string<char, std::char_traits<char>, std::allocator<char>>>(*(const char**)args[0]);
}
#pragma clang diagnostic pop
==== SOURCE END ====
___________________ TestSTLSTRING.test02_string_data_access ____________________

self = <test_stltypes.TestSTLSTRING object at 0x770541634050>

    @mark.xfail(condition=IS_MAC, reason="Fails on OSX")
    def test02_string_data_access(self):
        """Test access to std::string object data members"""
    
        import cppjit
    
        std = cppjit.gbl.std
    
        for stp, pystp in [(std.string, str), (std.wstring, pyunicode)]:
            stringy_class = cppjit.gbl.stringy_class[stp]
    
>           c, s = stringy_class(pystp("dummy")), stp(pystp("test string"))
                   ^^^^^^^^^^^^^^^^^^^^^^^^^^^^^
E           TypeError: none of the 3 overloaded methods succeeded. Full details:
E             stringy_class<std::basic_string<char, std::char_traits<char>, std::allocator<char>>>::stringy_class<std::basic_string<char, std::char_traits<char>, std::allocator<char>>>(stringy_class<std::basic_string<char>> &&) =>
E               TypeError: could not convert argument 1: [InstanceMoveConverter]
E             stringy_class<std::basic_string<char>> constructor failed
E             stringy_class<std::basic_string<char, std::char_traits<char>, std::allocator<char>>>::stringy_class<std::basic_string<char, std::char_traits<char>, std::allocator<char>>>(const stringy_class<std::basic_string<char>> &) =>
E               TypeError: could not convert argument 1: [InstanceRefConverter]

test_stltypes.py:952: TypeError
----------------------------- Captured stderr call -----------------------------
JIT session error: Failed to materialize symbols: { (main, { _ZN13stringy_classINSt7__cxx1112basic_stringIcSt11char_traitsIcESaIcEEEEC2EPKc }) }
TClingCallFunc::make_wrapper:Failed to compile
==== SOURCE BEGIN ====
#pragma clang diagnostic push
#pragma clang diagnostic ignored "-Wformat-security"
__attribute__((used)) __attribute__((annotate("__cling__ptrcheck(off)")))
extern "C" void __jc_583(void* ret, unsigned long nary, unsigned long nargs, void** args, void* is_arena)
{
      (*(stringy_class<std::basic_string<char, std::char_traits<char>, std::allocator<char>>>**)ret) = (is_arena) ? ::new (*(stringy_class<std::basic_string<char, std::char_traits<char>, std::allocator<char>>>**)ret) stringy_class<std::basic_string<char, std::char_traits<char>, std::allocator<char>>>(*(const char**)args[0]): new stringy_class<std::basic_string<char, std::char_traits<char>, std::allocator<char>>>(*(const char**)args[0]);
}
#pragma clang diagnostic pop
==== SOURCE END ====
_______________ TestSTLSTRING.test03_string_with_null_character ________________

self = <test_stltypes.TestSTLSTRING object at 0x770542f67e10>

    @mark.xfail(condition=IS_MAC, reason="Fails in OSX")
    def test03_string_with_null_character(self):
        """Test that strings with NULL do not get truncated"""
    
        import cppjit
    
        std = cppjit.gbl.std
        stringy_class = cppjit.gbl.stringy_class["std::string"]
    
        t0 = "aap\0noot"
        assert t0 == "aap\0noot"
    
>       c, s = stringy_class(""), std.string(t0)
               ^^^^^^^^^^^^^^^^^
E       TypeError: none of the 3 overloaded methods succeeded. Full details:
E         stringy_class<std::basic_string<char, std::char_traits<char>, std::allocator<char>>>::stringy_class<std::basic_string<char, std::char_traits<char>, std::allocator<char>>>(stringy_class<std::basic_string<char>> &&) =>
E           TypeError: could not convert argument 1: [InstanceMoveConverter]
E         stringy_class<std::basic_string<char>> constructor failed
E         stringy_class<std::basic_string<char, std::char_traits<char>, std::allocator<char>>>::stringy_class<std::basic_string<char, std::char_traits<char>, std::allocator<char>>>(const stringy_class<std::basic_string<char>> &) =>
E           TypeError: could not convert argument 1: [InstanceRefConverter]

test_stltypes.py:976: TypeError
----------------------------- Captured stderr call -----------------------------
JIT session error: Failed to materialize symbols: { (main, { _ZN13stringy_classINSt7__cxx1112basic_stringIcSt11char_traitsIcESaIcEEEEC2EPKc }) }
TClingCallFunc::make_wrapper:Failed to compile
==== SOURCE BEGIN ====
#pragma clang diagnostic push
#pragma clang diagnostic ignored "-Wformat-security"
__attribute__((used)) __attribute__((annotate("__cling__ptrcheck(off)")))
extern "C" void __jc_584(void* ret, unsigned long nary, unsigned long nargs, void** args, void* is_arena)
{
      (*(stringy_class<std::basic_string<char, std::char_traits<char>, std::allocator<char>>>**)ret) = (is_arena) ? ::new (*(stringy_class<std::basic_string<char, std::char_traits<char>, std::allocator<char>>>**)ret) stringy_class<std::basic_string<char, std::char_traits<char>, std::allocator<char>>>(*(const char**)args[0]): new stringy_class<std::basic_string<char, std::char_traits<char>, std::allocator<char>>>(*(const char**)args[0]);
}
#pragma clang diagnostic pop
==== SOURCE END ====
__________________ TestSTLSTRING.test05_stlstring_and_unicode __________________

self = <test_stltypes.TestSTLSTRING object at 0x77054244d5b0>

    @mark.xfail(condition=IS_MAC, reason="Fails on OS X")
    def test05_stlstring_and_unicode(self):
        """Mixing unicode and std::string"""
    
        import cppjit
    
        uas = cppjit.gbl.UnicodeAndSTL
    
        actlen = len("ℕ".encode(encoding="UTF-8"))
>       assert uas.get_size("ℕ") == actlen
               ^^^^^^^^^^^^^^^^^
E       cppjit.gbl.std.runtime_error: unsigned long UnicodeAndSTL::get_size(std::string s) =>
E           runtime_error: failed to resolve function

test_stltypes.py:1038: runtime_error
----------------------------- Captured stderr call -----------------------------
JIT session error: In graph incr_module_1726-jitted-objectbuffer, section .eh_frame: relocation target 0x7705435980a0 (DW.ref.__gxx_personality_v0) is out of range of Delta32 fixup at address 0x7705435980a0 (<anonymous block> @ 0x7704b61c4020 + 0x13)
TClingCallFunc::make_wrapper:Failed to compile
==== SOURCE BEGIN ====
#pragma clang diagnostic push
#pragma clang diagnostic ignored "-Wformat-security"
__attribute__((used)) __attribute__((annotate("__cling__ptrcheck(off)")))
extern "C" void __jc_585(void* obj, unsigned long nargs, void** args, void* ret)
{
   if (ret) {
      ::new (ret) (unsigned long) (((unsigned long (&)(std::basic_string<char>))UnicodeAndSTL::get_size)(*(std::basic_string<char>*)args[0]));
      return;
   }
   else {
      (void)(((unsigned long (&)(std::basic_string<char>))UnicodeAndSTL::get_size)(*(std::basic_string<char>*)args[0]));
      return;
   }
}
#pragma clang diagnostic pop
==== SOURCE END ====
________________ TestSTLSTRING.test06_stlstring_bytes_and_text _________________

self = <test_stltypes.TestSTLSTRING object at 0x770551f4b460>

    @mark.xfail(condition=IS_CLING, run=False, reason="Fails on Cling")
    def test06_stlstring_bytes_and_text(self):
        """Mixing of bytes and str"""
    
        import cppjit
    
>       cppjit.cppdef("""\
        namespace PyBytesTest {
        std::string string_field = "";
        }""")

test_stltypes.py:1072: 
_ _ _ _ _ _ _ _ _ _ _ _ _ _ _ _ _ _ _ _ _ _ _ _ _ _ _ _ _ _ _ _ _ _ _ _ _ _ _ _ 

src = '        namespace PyBytesTest {\n        std::string string_field = "";\n        }'
verbose = True

    def cppdef(src, verbose=True):
        """Declare C++ source <src> to Cling."""
        with _stderr_capture() as err:
            errcode = gbl.Cpp.Declare(src, not verbose)
        if not errcode == 0 or err.err:
            if "warning" in err.err.lower() and "error" not in err.err.lower():
                warnings.warn(err.err, SyntaxWarning)
                return True
>           raise SyntaxError("Failed to parse the given C++ code%s" % err.err)
E           SyntaxError: Failed to parse the given C++ code

/tmp/t/lib/python3.13/site-packages/cppjit/__init__.py:229: SyntaxError
----------------------------- Captured stderr call -----------------------------
JIT session error: In graph incr_module_1727-jitted-objectbuffer, section .text.startup: relocation target 0x77054359943c (_ZNSt7__cxx1112basic_stringIcSt11char_traitsIcESaIcEED2Ev:0x770543599440 + 0xfffffffffffffffc) is out of range of Delta32 fixup at address 0x770543599440 (<anonymous block> @ 0x7704b61c5010 + 0x3a)
Failed to execute via ::process:Failed to materialize symbols: { (main, { __orc_init_func.incr_module_1727, _ZN11PyBytesTest12string_fieldB5cxx11E, $.incr_module_1727.__inits.0 }) }
____________________ TestSTLSTRING.test08_string_operators _____________________

self = <test_stltypes.TestSTLSTRING object at 0x7705422cc650>

    @mark.xfail(condition=IS_MAC, reason="Fails on OSX")
    def test08_string_operators(self):
        """Mixing of C++ and Python types in global operators"""
    
        import cppjit
    
        # note order in these checks: the first is str then unicode, the other is
        # the reverse; this exercises both paths (once resolved, the operator+ can
        # handle both str and unicde
        s1 = cppjit.gbl.std.string("Hello")
        s2 = ", World!"
    
>       assert s1 + s2 == "Hello, World!"
E       AssertionError: assert (b'Hello' + ', World!') == 'Hello, World!'

test_stltypes.py:1108: AssertionError
----------------------------- Captured stderr call -----------------------------
Failed to execute via ::process:Failed to materialize symbols: { (main, { __orc_init_func.incr_module_1727 }) }
JIT session error: In graph incr_module_1733-jitted-objectbuffer, section .eh_frame: relocation target 0x7705435980a0 (DW.ref.__gxx_personality_v0) is out of range of Delta32 fixup at address 0x7705435980a0 (<anonymous block> @ 0x7704b61c219c + 0x13)
TClingCallFunc::make_wrapper:Failed to compile
==== SOURCE BEGIN ====
#pragma clang diagnostic push
#pragma clang diagnostic ignored "-Wformat-security"
__attribute__((used)) __attribute__((annotate("__cling__ptrcheck(off)")))
extern "C" void __jc_586(void* obj, unsigned long nargs, void** args, void* ret)
{
   if (ret) {
      ::new (ret) (std::basic_string<char>) (((const std::basic_string<char>&)*(const std::basic_string<char>*)args[0] + (const std::basic_string<char>&)*(const std::basic_string<char>*)args[1]));
      return;
   }
   else {
      (void)(((const std::basic_string<char>&)*(const std::basic_string<char>*)args[0] + (const std::basic_string<char>&)*(const std::basic_string<char>*)args[1]));
      return;
   }
}
#pragma clang diagnostic pop
==== SOURCE END ====
JIT session error: In graph incr_module_1734-jitted-objectbuffer, section .eh_frame: relocation target 0x7705435980a0 (DW.ref.__gxx_personality_v0) is out of range of Delta32 fixup at address 0x7705435980a0 (<anonymous block> @ 0x7704b61c4048 + 0x13)
TClingCallFunc::make_wrapper:Failed to compile
==== SOURCE BEGIN ====
#pragma clang diagnostic push
#pragma clang diagnostic ignored "-Wformat-security"
__attribute__((used)) __attribute__((annotate("__cling__ptrcheck(off)")))
extern "C" void __jc_587(void* obj, unsigned long nargs, void** args, void* ret)
{
   if (ret) {
      ::new (ret) (std::basic_string<char>::iterator) (((std::basic_string<char, std::char_traits<char>, std::allocator<char>>*)obj)->std::basic_string<char, std::char_traits<char>, std::allocator<char>>::begin());
      return;
   }
   else {
      (void)(((std::basic_string<char, std::char_traits<char>, std::allocator<char>>*)obj)->std::basic_string<char, std::char_traits<char>, std::allocator<char>>::begin());
      return;
   }
}
#pragma clang diagnostic pop
==== SOURCE END ====
JIT session error: In graph incr_module_1735-jitted-objectbuffer, section .eh_frame: relocation target 0x7705435980a0 (DW.ref.__gxx_personality_v0) is out of range of Delta32 fixup at address 0x7705435980a0 (<anonymous block> @ 0x7704b61c4048 + 0x13)
TClingCallFunc::make_wrapper:Failed to compile
==== SOURCE BEGIN ====
#pragma clang diagnostic push
#pragma clang diagnostic ignored "-Wformat-security"
__attribute__((used)) __attribute__((annotate("__cling__ptrcheck(off)")))
extern "C" void __jc_588(void* obj, unsigned long nargs, void** args, void* ret)
{
   if (ret) {
      ::new (ret) (std::basic_string<char>::const_iterator) (((const std::basic_string<char, std::char_traits<char>, std::allocator<char>>*)obj)->std::basic_string<char, std::char_traits<char>, std::allocator<char>>::begin());
      return;
   }
   else {
      (void)(((const std::basic_string<char, std::char_traits<char>, std::allocator<char>>*)obj)->std::basic_string<char, std::char_traits<char>, std::allocator<char>>::begin());
      return;
   }
}
#pragma clang diagnostic pop
==== SOURCE END ====
______________ TestSTLSTRING.test10_string_in_repr_and_str_bytes _______________

self = <test_stltypes.TestSTLSTRING object at 0x770541488410>

    @mark.xfail(condition=IS_MAC, run=False, reason="Crashes on OS X")
    def test10_string_in_repr_and_str_bytes(self):
        """Special cases for __str__/__repr__"""
    
        import cppjit
    
        cppjit.cppdef(r"""\
        namespace ReprAndStr {
    
        struct Test1 {
            const char* __repr__() const { return "Test1"; }
            const char* __str__()  const { return "Test1"; }
        };
    
        struct Test2 {
            std::string __repr__() const { return "Test2"; }
            std::string __str__()  const { return "Test2"; }
        };
    
        struct Test3 {
            std::wstring __repr__() const { return L"Test3"; }
            std::wstring __str__()  const { return L"Test3"; }
        };
        }""")
    
        ns = cppjit.gbl.ReprAndStr
    
        assert str(ns.Test1()) == "Test1"
        assert repr(ns.Test1()) == "Test1"
    
>       assert str(ns.Test2()) == "Test2"
E       AssertionError: assert '' == 'Test2'
E         
E         - Test2

test_stltypes.py:1217: AssertionError
----------------------------- Captured stderr call -----------------------------
JIT session error: In graph incr_module_1790-jitted-objectbuffer, section .eh_frame: relocation target 0x7705435980a0 (DW.ref.__gxx_personality_v0) is out of range of Delta32 fixup at address 0x7705435980a0 (<anonymous block> @ 0x7704b61b5098 + 0x13)
TClingCallFunc::make_wrapper:Failed to compile
==== SOURCE BEGIN ====
#pragma clang diagnostic push
#pragma clang diagnostic ignored "-Wformat-security"
__attribute__((used)) __attribute__((annotate("__cling__ptrcheck(off)")))
extern "C" void __jc_618(void* obj, unsigned long nargs, void** args, void* ret)
{
   if (ret) {
      ::new (ret) (std::string) (((const ReprAndStr::Test2*)obj)->ReprAndStr::Test2::__str__());
      return;
   }
   else {
      (void)(((const ReprAndStr::Test2*)obj)->ReprAndStr::Test2::__str__());
      return;
   }
}
#pragma clang diagnostic pop
==== SOURCE END ====
JIT session error: In graph incr_module_1791-jitted-objectbuffer, section .eh_frame: relocation target 0x7705435980a0 (DW.ref.__gxx_personality_v0) is out of range of Delta32 fixup at address 0x7705435980a0 (<anonymous block> @ 0x7704b61b5098 + 0x13)
TClingCallFunc::make_wrapper:Failed to compile
==== SOURCE BEGIN ====
#pragma clang diagnostic push
#pragma clang diagnostic ignored "-Wformat-security"
__attribute__((used)) __attribute__((annotate("__cling__ptrcheck(off)")))
extern "C" void __jc_619(void* obj, unsigned long nargs, void** args, void* ret)
{
   if (ret) {
      ::new (ret) (std::string) (((const ReprAndStr::Test2*)obj)->ReprAndStr::Test2::__repr__());
      return;
   }
   else {
      (void)(((const ReprAndStr::Test2*)obj)->ReprAndStr::Test2::__repr__());
      return;
   }
}
#pragma clang diagnostic pop
==== SOURCE END ====
_____________________ TestSTLLIST.test01_builtin_list_type _____________________

self = <test_stltypes.TestSTLLIST object at 0x770541634e10>

    def test01_builtin_list_type(self):
        """Test access to a list<int>"""
    
        import cppjit
        from cppjit.gbl import std
    
        type_info = (
            ("int", int),
            ("float", "float"),
            ("double", "double"),
        )
    
        for c_type, p_type in type_info:
            tl1 = getattr(std, "list<%s>" % c_type)
            tl2 = cppjit.gbl.std.list(p_type)
            assert tl1 is tl2
            assert tl1.iterator is cppjit.gbl.std.list(p_type).iterator
    
            # -----
            a = tl1()
>           assert not a
E           assert not <cppjit.gbl.std.__cxx11.list<int, std::allocator<int>> object at 0x5d8d72c60b50>

test_stltypes.py:1252: AssertionError
----------------------------- Captured stderr call -----------------------------
JIT session error: In graph incr_module_1821-jitted-objectbuffer, section .eh_frame: relocation target 0x7705435980a0 (DW.ref.__gxx_personality_v0) is out of range of Delta32 fixup at address 0x7705435980a0 (<anonymous block> @ 0x7704b61b2068 + 0x13)
TClingCallFunc::make_wrapper:Failed to compile
==== SOURCE BEGIN ====
#pragma clang diagnostic push
#pragma clang diagnostic ignored "-Wformat-security"
__attribute__((used)) __attribute__((annotate("__cling__ptrcheck(off)")))
extern "C" void __jc_621(void* obj, unsigned long nargs, void** args, void* ret)
{
   if (ret) {
      ::new (ret) (unsigned long) (((const std::list<int, std::allocator<int>>*)obj)->std::list<int, std::allocator<int>>::size());
      return;
   }
   else {
      (void)(((const std::list<int, std::allocator<int>>*)obj)->std::list<int, std::allocator<int>>::size());
      return;
   }
}
#pragma clang diagnostic pop
==== SOURCE END ====
______________________ TestSTLLIST.test02_empty_list_type ______________________

self = <test_stltypes.TestSTLLIST object at 0x770541634910>

    def test02_empty_list_type(self):
        """Test behavior of empty list<int>"""
    
        from cppjit.gbl import std
    
        a = std.list(int)()
>       assert not a
E       assert not <cppjit.gbl.std.__cxx11.list<int, std::allocator<int>> object at 0x5d8d714e27b0>

test_stltypes.py:1275: AssertionError
----------------------------- Captured stderr call -----------------------------
JIT session error: Failed to materialize symbols: { (main, { _ZNKSt7__cxx114listIiSaIiEE4sizeEv }) }
TClingCallFunc::make_wrapper:Failed to compile
==== SOURCE BEGIN ====
#pragma clang diagnostic push
#pragma clang diagnostic ignored "-Wformat-security"
__attribute__((used)) __attribute__((annotate("__cling__ptrcheck(off)")))
extern "C" void __jc_624(void* obj, unsigned long nargs, void** args, void* ret)
{
   if (ret) {
      ::new (ret) (unsigned long) (((const std::list<int, std::allocator<int>>*)obj)->std::list<int, std::allocator<int>>::size());
      return;
   }
   else {
      (void)(((const std::list<int, std::allocator<int>>*)obj)->std::list<int, std::allocator<int>>::size());
      return;
   }
}
#pragma clang diagnostic pop
==== SOURCE END ====
_____________________ TestSTLLIST.test03_replacement_of_eq _____________________

self = <test_stltypes.TestSTLLIST object at 0x770542f66c40>

    def test03_replacement_of_eq(self):
        """A global templated function should work as a method"""
    
        import cppjit
    
        cppjit.cppdef("""template<class C>
            bool cont_eq(const typename C::iterator& a, const typename C::iterator& b) {
                return a != b;
            }""")
    
        a = cppjit.gbl.std.list[int]()
        icls = a.begin().__class__
        oldeq = icls.__eq__
        icls.__eq__ = cppjit.gbl.cont_eq[cppjit.gbl.std.list[int]]
>       assert not (a.begin() == a.end())
                                 ^^^^^^^
E       ValueError: none of the 2 overloaded methods succeeded. Full details:
E         std::_List_iterator<int> std::list<int>::end() =>
E           ValueError: nullptr result where temporary expected
E         std::_List_const_iterator<int> std::list<int>::end() =>
E           ValueError: nullptr result where temporary expected

test_stltypes.py:1293: ValueError
----------------------------- Captured stderr call -----------------------------
JIT session error: In graph incr_module_1828-jitted-objectbuffer, section .eh_frame: relocation target 0x7705435980a0 (DW.ref.__gxx_personality_v0) is out of range of Delta32 fixup at address 0x7705435980a0 (<anonymous block> @ 0x7704b61a9048 + 0x13)
TClingCallFunc::make_wrapper:Failed to compile
==== SOURCE BEGIN ====
#pragma clang diagnostic push
#pragma clang diagnostic ignored "-Wformat-security"
__attribute__((used)) __attribute__((annotate("__cling__ptrcheck(off)")))
extern "C" void __jc_627(void* obj, unsigned long nargs, void** args, void* ret)
{
   if (ret) {
      ::new (ret) (std::list<int>::iterator) (((std::list<int, std::allocator<int>>*)obj)->std::list<int, std::allocator<int>>::end());
      return;
   }
   else {
      (void)(((std::list<int, std::allocator<int>>*)obj)->std::list<int, std::allocator<int>>::end());
      return;
   }
}
#pragma clang diagnostic pop
==== SOURCE END ====
JIT session error: In graph incr_module_1829-jitted-objectbuffer, section .eh_frame: relocation target 0x7705435980a0 (DW.ref.__gxx_personality_v0) is out of range of Delta32 fixup at address 0x7705435980a0 (<anonymous block> @ 0x7704b61a9088 + 0x13)
TClingCallFunc::make_wrapper:Failed to compile
==== SOURCE BEGIN ====
#pragma clang diagnostic push
#pragma clang diagnostic ignored "-Wformat-security"
__attribute__((used)) __attribute__((annotate("__cling__ptrcheck(off)")))
extern "C" void __jc_628(void* obj, unsigned long nargs, void** args, void* ret)
{
   if (ret) {
      ::new (ret) (std::list<int>::const_iterator) (((const std::list<int, std::allocator<int>>*)obj)->std::list<int, std::allocator<int>>::end());
      return;
   }
   else {
      (void)(((const std::list<int, std::allocator<int>>*)obj)->std::list<int, std::allocator<int>>::end());
      return;
   }
}
#pragma clang diagnostic pop
==== SOURCE END ====
_______________________ TestSTLLIST.test04_iter_of_iter ________________________

self = <test_stltypes.TestSTLLIST object at 0x770542f66780>

    def test04_iter_of_iter(self):
        """Iteration using iter()"""
    
        import cppjit
    
>       l = cppjit.gbl.std.list["int"]((1, 2, 3))
            ^^^^^^^^^^^^^^^^^^^^^^^^^^^^^^^^^^^^^
E       TypeError: Template method resolution failed:
E         none of the 9 overloaded methods succeeded. Full details:
E         std::list<int> constructor failed
E         list<int, std::allocator<int>>::list<int, std::allocator<int>>(std::list<int> && __x, const std::__type_identity_t<std::list<int, std::allocator<int>>::allocator_type> & __a) =>
E           TypeError: takes at least 2 arguments (1 given)
E         list<int, std::allocator<int>>::list<int, std::allocator<int>>(std::list<int> &&) =>
E           TypeError: could not convert argument 1: [InstanceMoveConverter]
E         list<int, std::allocator<int>>::list<int, std::allocator<int>>(const std::list<int> & __x, const std::__type_identity_t<std::list<int, std::allocator<int>>::allocator_type> & __a) =>
E           TypeError: takes at least 2 arguments (1 given)
E         list<int, std::allocator<int>>::list<int, std::allocator<int>>(const std::list<int>::allocator_type & __a) =>
E           TypeError: could not convert argument 1: [InstanceRefConverter]
E         list<int, std::allocator<int>>::list<int, std::allocator<int>>(const std::list<int> & __x) =>
E           TypeError: could not convert argument 1: [InstanceRefConverter]
E         list<int, std::allocator<int>>::list<int, std::allocator<int>>() =>
E           TypeError: takes at most 0 arguments (1 given)
E         list<int, std::allocator<int>>::list<int, std::allocator<int>>(std::list::size_type __n, const std::list<int>::allocator_type & __a = allocator_type()) =>
E           TypeError: could not convert argument 1: [ULongConverter] (an integer is required)
E         list<int, std::allocator<int>>::list<int, std::allocator<int>>(std::list::size_type __n, const std::list<int>::value_type & __value, const std::list<int>::allocator_type & __a = allocator_type()) =>
E           TypeError: takes at least 2 arguments (1 given)
E         Failed to instantiate "list(std::initializer_list<int>)"

test_stltypes.py:1308: TypeError
----------------------------- Captured stderr call -----------------------------
JIT session error: Failed to materialize symbols: { (main, { _ZNKSt16initializer_listIiE5beginEv }) }
TClingCallFunc::make_wrapper:Failed to compile
==== SOURCE BEGIN ====
#pragma clang diagnostic push
#pragma clang diagnostic ignored "-Wformat-security"
__attribute__((used)) __attribute__((annotate("__cling__ptrcheck(off)")))
extern "C" void __jc_629(void* ret, unsigned long nary, unsigned long nargs, void** args, void* is_arena)
{
   if (nargs == 1) {
            (*(std::list<int, std::allocator<int>>**)ret) = (is_arena) ? ::new (*(std::list<int, std::allocator<int>>**)ret) std::list<int, std::allocator<int>>(*(std::initializer_list<int>*)args[0]): new std::list<int, std::allocator<int>>(*(std::initializer_list<int>*)args[0]);
      }
   if (nargs == 2) {
            (*(std::list<int, std::allocator<int>>**)ret) = (is_arena) ? ::new (*(std::list<int, std::allocator<int>>**)ret) std::list<int, std::allocator<int>>(*(std::initializer_list<int>*)args[0], (const std::allocator<int>&)*(const std::allocator<int>*)args[1]): new std::list<int, std::allocator<int>>(*(std::initializer_list<int>*)args[0], (const std::allocator<int>&)*(const std::allocator<int>*)args[1]);
      }
}
#pragma clang diagnostic pop
==== SOURCE END ====
_____________________ TestSTLLIST.test05_list_cpp17_style ______________________

self = <test_stltypes.TestSTLLIST object at 0x770551f9ccb0>

    @mark.xfail(condition=IS_MAC and IS_CLING, run=False, reason="Crashes on OSX-Cling")
    def test05_list_cpp17_style(self):
        """C++17 style initialization of std::list"""
    
        import cppjit
    
        l = [1.0, 2.0, 3.0]
>       v = cppjit.gbl.std.list(l)
            ^^^^^^^^^^^^^^^^^^^^^^

test_stltypes.py:1323: 
_ _ _ _ _ _ _ _ _ _ _ _ _ _ _ _ _ _ _ _ _ _ _ _ _ _ _ _ _ _ _ _ _ _ _ _ _ _ _ _ 

self = <cppjit.Template 'std::list' object at 0x77055222e780>
args = ([1.0, 2.0, 3.0],)

    def __call__(self, *args):
        # for C++17, we're required to derive the type when using initializer syntax
        # (i.e. a tuple or list); not sure how to do that in general, but below the
        # most common cases are covered
        if args:
            args0 = args[0]
            if args0 and isinstance(args0, (tuple, list)):
                t = type(args0[0])
                if t is float:
                    t = "double"
    
                if self.__name__ in self.stl_sequence_types:
>                   return self[t](*args)
                           ^^^^^^^^^^^^^^
E                   TypeError: Template method resolution failed:
E                     none of the 9 overloaded methods succeeded. Full details:
E                     std::list<double> constructor failed
E                     list<double, std::allocator<double>>::list<double, std::allocator<double>>(std::list<double> && __x, const std::__type_identity_t<std::list<double, std::allocator<double>>::allocator_type> & __a) =>
E                       TypeError: takes at least 2 arguments (1 given)
E                     list<double, std::allocator<double>>::list<double, std::allocator<double>>(std::list<double> &&) =>
E                       TypeError: could not convert argument 1: [InstanceMoveConverter]
E                     list<double, std::allocator<double>>::list<double, std::allocator<double>>(const std::list<double> & __x, const std::__type_identity_t<std::list<double, std::allocator<double>>::allocator_type> & __a) =>
E                       TypeError: takes at least 2 arguments (1 given)
E                     list<double, std::allocator<double>>::list<double, std::allocator<double>>(const std::list<double>::allocator_type & __a) =>
E                       TypeError: could not convert argument 1: [InstanceRefConverter]
E                     list<double, std::allocator<double>>::list<double, std::allocator<double>>(const std::list<double> & __x) =>
E                       TypeError: could not convert argument 1: [InstanceRefConverter]
E                     list<double, std::allocator<double>>::list<double, std::allocator<double>>() =>
E                       TypeError: takes at most 0 arguments (1 given)
E                     list<double, std::allocator<double>>::list<double, std::allocator<double>>(std::list::size_type __n, const std::list<double>::allocator_type & __a = allocator_type()) =>
E                       TypeError: could not convert argument 1: [ULongConverter] (an integer is required)
E                     list<double, std::allocator<double>>::list<double, std::allocator<double>>(std::list::size_type __n, const std::list<double>::value_type & __value, const std::list<double>::allocator_type & __a = allocator_type()) =>
E                       TypeError: takes at least 2 arguments (1 given)
E                     Failed to instantiate "list(std::initializer_list<double>)"

/tmp/t/lib/python3.13/site-packages/cppjit/_cpython_cppjit.py:111: TypeError
----------------------------- Captured stderr call -----------------------------
JIT session error: Failed to materialize symbols: { (main, { _ZNKSt8__detail15_List_node_base7_M_baseEv }) }
TClingCallFunc::make_wrapper:Failed to compile
==== SOURCE BEGIN ====
#pragma clang diagnostic push
#pragma clang diagnostic ignored "-Wformat-security"
__attribute__((used)) __attribute__((annotate("__cling__ptrcheck(off)")))
extern "C" void __jc_630(void* ret, unsigned long nary, unsigned long nargs, void** args, void* is_arena)
{
   if (nargs == 1) {
            (*(std::list<double, std::allocator<double>>**)ret) = (is_arena) ? ::new (*(std::list<double, std::allocator<double>>**)ret) std::list<double, std::allocator<double>>(*(std::initializer_list<double>*)args[0]): new std::list<double, std::allocator<double>>(*(std::initializer_list<double>*)args[0]);
      }
   if (nargs == 2) {
            (*(std::list<double, std::allocator<double>>**)ret) = (is_arena) ? ::new (*(std::list<double, std::allocator<double>>**)ret) std::list<double, std::allocator<double>>(*(std::initializer_list<double>*)args[0], (const std::allocator<double>&)*(const std::allocator<double>*)args[1]): new std::list<double, std::allocator<double>>(*(std::initializer_list<double>*)args[0], (const std::allocator<double>&)*(const std::allocator<double>*)args[1]);
      }
}
#pragma clang diagnostic pop
==== SOURCE END ====
__________________ TestSTLLIST.test06_convert_list_of_strings __________________
ValueError: none of the 2 overloaded methods succeeded. Full details:
  std::_List_iterator<std::basic_string<char>> std::list<std::basic_string<char>>::end() =>
    ValueError: nullptr result where temporary expected
  std::_List_const_iterator<std::basic_string<char>> std::list<std::basic_string<char>>::end() =>
    ValueError: nullptr result where temporary expected

The above exception was the direct cause of the following exception:

self = <test_stltypes.TestSTLLIST object at 0x770551f4b020>

    @mark.xfail(condition=IS_MAC, reason="Fails with OSX")
    def test06_convert_list_of_strings(self):
        """Convert list of strings from C++ to Python types"""
    
        import cppjit
    
        contents = ["aap", "noot", "mies"]
    
        l = cppjit.gbl.std.list[str]()
        l += contents
    
        # the following used to fail on Windows (TODO: currently worked around in
        # cppjit-backend/clingwrapper; need to see whether Clang9 solves the issue)
>       assert [str(x) for x in l] == contents
                                ^
E       SystemError: <bound method __iter__ of <cppjit.gbl.std.__cxx11.list<std::basic_string<char, std::char_traits<char>, std::allocator<char>>, std::allocator<std::basic_string<char, std::char_traits<char>, std::allocator<char>>>> object at 0x5d8d72dbf1e0>> returned a result with an exception set

test_stltypes.py:1339: SystemError
----------------------------- Captured stderr call -----------------------------
JIT session error: In graph incr_module_1898-jitted-objectbuffer, section .eh_frame: relocation target 0x7705435980a0 (DW.ref.__gxx_personality_v0) is out of range of Delta32 fixup at address 0x7705435980a0 (<anonymous block> @ 0x7704b61a3300 + 0x13)
TClingCallFunc::make_wrapper:Failed to compile
==== SOURCE BEGIN ====
#pragma clang diagnostic push
#pragma clang diagnostic ignored "-Wformat-security"
__attribute__((used)) __attribute__((annotate("__cling__ptrcheck(off)")))
extern "C" void __jc_632(void* obj, unsigned long nargs, void** args, void* ret)
{
   ((std::list<std::basic_string<char, std::char_traits<char>, std::allocator<char>>, std::allocator<std::basic_string<char, std::char_traits<char>, std::allocator<char>>>>*)obj)->std::list<std::basic_string<char, std::char_traits<char>, std::allocator<char>>, std::allocator<std::basic_string<char, std::char_traits<char>, std::allocator<char>>>>::push_back((std::basic_string<char>&&)*(std::basic_string<char>*)args[0]);
   return;
}
#pragma clang diagnostic pop
==== SOURCE END ====
JIT session error: Failed to materialize symbols: { (main, { _ZNSt7__cxx114listINS_12basic_stringIcSt11char_traitsIcESaIcEEESaIS5_EE9push_backEOS5_ }) }
TClingCallFunc::make_wrapper:Failed to compile
==== SOURCE BEGIN ====
#pragma clang diagnostic push
#pragma clang diagnostic ignored "-Wformat-security"
__attribute__((used)) __attribute__((annotate("__cling__ptrcheck(off)")))
extern "C" void __jc_633(void* obj, unsigned long nargs, void** args, void* ret)
{
   ((std::list<std::basic_string<char, std::char_traits<char>, std::allocator<char>>, std::allocator<std::basic_string<char, std::char_traits<char>, std::allocator<char>>>>*)obj)->std::list<std::basic_string<char, std::char_traits<char>, std::allocator<char>>, std::allocator<std::basic_string<char, std::char_traits<char>, std::allocator<char>>>>::push_back((std::basic_string<char>&&)*(std::basic_string<char>*)args[0]);
   return;
}
#pragma clang diagnostic pop
==== SOURCE END ====
JIT session error: Failed to materialize symbols: { (main, { _ZNSt7__cxx114listINS_12basic_stringIcSt11char_traitsIcESaIcEEESaIS5_EE9push_backEOS5_ }) }
TClingCallFunc::make_wrapper:Failed to compile
==== SOURCE BEGIN ====
#pragma clang diagnostic push
#pragma clang diagnostic ignored "-Wformat-security"
__attribute__((used)) __attribute__((annotate("__cling__ptrcheck(off)")))
extern "C" void __jc_634(void* obj, unsigned long nargs, void** args, void* ret)
{
   ((std::list<std::basic_string<char, std::char_traits<char>, std::allocator<char>>, std::allocator<std::basic_string<char, std::char_traits<char>, std::allocator<char>>>>*)obj)->std::list<std::basic_string<char, std::char_traits<char>, std::allocator<char>>, std::allocator<std::basic_string<char, std::char_traits<char>, std::allocator<char>>>>::push_back((std::basic_string<char>&&)*(std::basic_string<char>*)args[0]);
   return;
}
#pragma clang diagnostic pop
==== SOURCE END ====
JIT session error: Failed to materialize symbols: { (main, { _ZNSt14_List_iteratorINSt7__cxx1112basic_stringIcSt11char_traitsIcESaIcEEEEC2EPNSt8__detail15_List_node_baseE }) }
TClingCallFunc::make_wrapper:Failed to compile
==== SOURCE BEGIN ====
#pragma clang diagnostic push
#pragma clang diagnostic ignored "-Wformat-security"
__attribute__((used)) __attribute__((annotate("__cling__ptrcheck(off)")))
extern "C" void __jc_635(void* obj, unsigned long nargs, void** args, void* ret)
{
   if (ret) {
      ::new (ret) (std::list<std::basic_string<char>>::iterator) (((std::list<std::basic_string<char, std::char_traits<char>, std::allocator<char>>, std::allocator<std::basic_string<char, std::char_traits<char>, std::allocator<char>>>>*)obj)->std::list<std::basic_string<char, std::char_traits<char>, std::allocator<char>>, std::allocator<std::basic_string<char, std::char_traits<char>, std::allocator<char>>>>::begin());
      return;
   }
   else {
      (void)(((std::list<std::basic_string<char, std::char_traits<char>, std::allocator<char>>, std::allocator<std::basic_string<char, std::char_traits<char>, std::allocator<char>>>>*)obj)->std::list<std::basic_string<char, std::char_traits<char>, std::allocator<char>>, std::allocator<std::basic_string<char, std::char_traits<char>, std::allocator<char>>>>::begin());
      return;
   }
}
#pragma clang diagnostic pop
==== SOURCE END ====
JIT session error: Failed to materialize symbols: { (main, { _ZNSt7__cxx114listINS_12basic_stringIcSt11char_traitsIcESaIcEEESaIS5_EE3endEv }) }
TClingCallFunc::make_wrapper:Failed to compile
==== SOURCE BEGIN ====
#pragma clang diagnostic push
#pragma clang diagnostic ignored "-Wformat-security"
__attribute__((used)) __attribute__((annotate("__cling__ptrcheck(off)")))
extern "C" void __jc_637(void* obj, unsigned long nargs, void** args, void* ret)
{
   if (ret) {
      ::new (ret) (std::list<std::basic_string<char>>::iterator) (((std::list<std::basic_string<char, std::char_traits<char>, std::allocator<char>>, std::allocator<std::basic_string<char, std::char_traits<char>, std::allocator<char>>>>*)obj)->std::list<std::basic_string<char, std::char_traits<char>, std::allocator<char>>, std::allocator<std::basic_string<char, std::char_traits<char>, std::allocator<char>>>>::end());
      return;
   }
   else {
      (void)(((std::list<std::basic_string<char, std::char_traits<char>, std::allocator<char>>, std::allocator<std::basic_string<char, std::char_traits<char>, std::allocator<char>>>>*)obj)->std::list<std::basic_string<char, std::char_traits<char>, std::allocator<char>>, std::allocator<std::basic_string<char, std::char_traits<char>, std::allocator<char>>>>::end());
      return;
   }
}
#pragma clang diagnostic pop
==== SOURCE END ====
JIT session error: Failed to materialize symbols: { (main, { _ZNKSt8__detail15_List_node_base7_M_baseEv }) }
TClingCallFunc::make_wrapper:Failed to compile
==== SOURCE BEGIN ====
#pragma clang diagnostic push
#pragma clang diagnostic ignored "-Wformat-security"
__attribute__((used)) __attribute__((annotate("__cling__ptrcheck(off)")))
extern "C" void __jc_638(void* obj, unsigned long nargs, void** args, void* ret)
{
   if (ret) {
      ::new (ret) (std::list<std::basic_string<char>>::const_iterator) (((const std::list<std::basic_string<char, std::char_traits<char>, std::allocator<char>>, std::allocator<std::basic_string<char, std::char_traits<char>, std::allocator<char>>>>*)obj)->std::list<std::basic_string<char, std::char_traits<char>, std::allocator<char>>, std::allocator<std::basic_string<char, std::char_traits<char>, std::allocator<char>>>>::end());
      return;
   }
   else {
      (void)(((const std::list<std::basic_string<char, std::char_traits<char>, std::allocator<char>>, std::allocator<std::basic_string<char, std::char_traits<char>, std::allocator<char>>>>*)obj)->std::list<std::basic_string<char, std::char_traits<char>, std::allocator<char>>, std::allocator<std::basic_string<char, std::char_traits<char>, std::allocator<char>>>>::end());
      return;
   }
}
#pragma clang diagnostic pop
==== SOURCE END ====
______________________ TestSTLMAP.test01_builtin_map_type ______________________

self = <test_stltypes.TestSTLMAP object at 0x7705416347d0>

    def test01_builtin_map_type(self):
        """Test access to a map<int,int>"""
    
        import cppjit
    
        std = cppjit.gbl.std
    
        for mtype in (std.map, std.unordered_map):
>           a = mtype(int, int)()
                ^^^^^^^^^^^^^^^^^
E           TypeError: Template method resolution failed:
E             none of the 9 overloaded methods succeeded. Full details:
E             map<int, int, std::less<int>, std::allocator<std::pair<const int, int>>>::map<int, int, std::less<int>, std::allocator<std::pair<const int, int>>>(std::initializer_list<std::map<int, int, std::less<int>, std::allocator<std::pair<const int, int>>>::value_type> __l, const std::map<int, int>::allocator_type & __a) =>
E               TypeError: takes at least 2 arguments (0 given)
E             map<int, int, std::less<int>, std::allocator<std::pair<const int, int>>>::map<int, int, std::less<int>, std::allocator<std::pair<const int, int>>>(std::initializer_list<std::map<int, int, std::less<int>, std::allocator<std::pair<const int, int>>>::value_type> __l, const std::less<int> & __comp = _Compare(), const std::map<int, int>::allocator_type & __a = allocator_type()) =>
E               TypeError: takes at least 1 arguments (0 given)
E             map<int, int, std::less<int>, std::allocator<std::pair<const int, int>>>::map<int, int, std::less<int>, std::allocator<std::pair<const int, int>>>(std::map<int, int> && __m, const std::__type_identity_t<std::map<int, int, std::less<int>, std::allocator<std::pair<const int, int>>>::allocator_type> & __a) =>
E               TypeError: takes at least 2 arguments (0 given)
E             map<int, int, std::less<int>, std::allocator<std::pair<const int, int>>>::map<int, int, std::less<int>, std::allocator<std::pair<const int, int>>>(std::map<int, int> &&) =>
E               TypeError: takes at least 1 arguments (0 given)
E             map<int, int, std::less<int>, std::allocator<std::pair<const int, int>>>::map<int, int, std::less<int>, std::allocator<std::pair<const int, int>>>(const std::less<int> & __comp, const std::map<int, int>::allocator_type & __a = allocator_type()) =>
E               TypeError: takes at least 1 arguments (0 given)
E             map<int, int, std::less<int>, std::allocator<std::pair<const int, int>>>::map<int, int, std::less<int>, std::allocator<std::pair<const int, int>>>(const std::map<int, int>::allocator_type & __a) =>
E               TypeError: takes at least 1 arguments (0 given)
E             map<int, int, std::less<int>, std::allocator<std::pair<const int, int>>>::map<int, int, std::less<int>, std::allocator<std::pair<const int, int>>>(const std::map<int, int> & __m, const std::__type_identity_t<std::map<int, int, std::less<int>, std::allocator<std::pair<const int, int>>>::allocator_type> & __a) =>
E               TypeError: takes at least 2 arguments (0 given)
E             std::map<int, int> constructor failed
E             map<int, int, std::less<int>, std::allocator<std::pair<const int, int>>>::map<int, int, std::less<int>, std::allocator<std::pair<const int, int>>>(const std::map<int, int> &) =>
E               TypeError: takes at least 1 arguments (0 given)
E             std::map<int, int> constructor failed

test_stltypes.py:1358: TypeError
----------------------------- Captured stderr call -----------------------------
JIT session error: In graph incr_module_1942-jitted-objectbuffer, section .eh_frame: relocation target 0x7705435980a0 (DW.ref.__gxx_personality_v0) is out of range of Delta32 fixup at address 0x7705435980a0 (<anonymous block> @ 0x7704b619f0f0 + 0x13)
TClingCallFunc::make_wrapper:Failed to compile
==== SOURCE BEGIN ====
#pragma clang diagnostic push
#pragma clang diagnostic ignored "-Wformat-security"
__attribute__((used)) __attribute__((annotate("__cling__ptrcheck(off)")))
extern "C" void __jc_640(void* ret, unsigned long nary, unsigned long nargs, void** args, void* is_arena)
{
   if (nary > 1) {
   (*(std::map<int, int, std::less<int>, std::allocator<std::pair<const int, int>>>**)ret) = (is_arena) ? ::new (*(std::map<int, int, std::less<int>, std::allocator<std::pair<const int, int>>>**)ret) std::map<int, int, std::less<int>, std::allocator<std::pair<const int, int>>>[nary]: new std::map<int, int, std::less<int>, std::allocator<std::pair<const int, int>>>[nary];
   }
else {
   (*(std::map<int, int, std::less<int>, std::allocator<std::pair<const int, int>>>**)ret) = (is_arena) ? ::new (*(std::map<int, int, std::less<int>, std::allocator<std::pair<const int, int>>>**)ret) std::map<int, int, std::less<int>, std::allocator<std::pair<const int, int>>>(): new std::map<int, int, std::less<int>, std::allocator<std::pair<const int, int>>>();
}
}
#pragma clang diagnostic pop
==== SOURCE END ====
JIT session error: Failed to materialize symbols: { (main, { _ZNSt3mapIiiSt4lessIiESaISt4pairIKiiEEEC2Ev }) }
TClingCallFunc::make_wrapper:Failed to compile
==== SOURCE BEGIN ====
#pragma clang diagnostic push
#pragma clang diagnostic ignored "-Wformat-security"
__attribute__((used)) __attribute__((annotate("__cling__ptrcheck(off)")))
extern "C" void __jc_641(void* ret, unsigned long nary, unsigned long nargs, void** args, void* is_arena)
{
   if (nary > 1) {
   (*(std::map<int, int, std::less<int>, std::allocator<std::pair<const int, int>>>**)ret) = (is_arena) ? ::new (*(std::map<int, int, std::less<int>, std::allocator<std::pair<const int, int>>>**)ret) std::map<int, int, std::less<int>, std::allocator<std::pair<const int, int>>>[nary]: new std::map<int, int, std::less<int>, std::allocator<std::pair<const int, int>>>[nary];
   }
else {
   (*(std::map<int, int, std::less<int>, std::allocator<std::pair<const int, int>>>**)ret) = (is_arena) ? ::new (*(std::map<int, int, std::less<int>, std::allocator<std::pair<const int, int>>>**)ret) std::map<int, int, std::less<int>, std::allocator<std::pair<const int, int>>>(): new std::map<int, int, std::less<int>, std::allocator<std::pair<const int, int>>>();
}
}
#pragma clang diagnostic pop
==== SOURCE END ====
_______________________ TestSTLMAP.test02_keyed_maptype ________________________

self = <test_stltypes.TestSTLMAP object at 0x770541635090>

    @mark.xfail(condition=IS_MAC, reason="Fails on OS X")
    def test02_keyed_maptype(self):
        """Test access to a map<std::string,int>"""
    
        import cppjit
    
        std = cppjit.gbl.std
    
        for mtype in (std.map, std.unordered_map):
>           a = mtype(std.string, int)()
                ^^^^^^^^^^^^^^^^^^^^^^^^
E           TypeError: Template method resolution failed:
E             none of the 9 overloaded methods succeeded. Full details:
E             map<std::basic_string<char, std::char_traits<char>, std::allocator<char>>, int, std::less<std::basic_string<char, std::char_traits<char>, std::allocator<char>>>, std::allocator<std::pair<const std::basic_string<char, std::char_traits<char>, std::allocator<char>>, int>>>::map<std::basic_string<char, std::char_traits<char>, std::allocator<char>>, int, std::less<std::basic_string<char, std::char_traits<char>, std::allocator<char>>>, std::allocator<std::pair<const std::basic_string<char, std::char_traits<char>, std::allocator<char>>, int>>>(std::initializer_list<std::map<std::basic_string<char, std::char_traits<char>, std::allocator<char>>, int, std::less<std::basic_string<char, std::char_traits<char>, std::allocator<char>>>, std::allocator<std::pair<const std::basic_string<char, std::char_traits<char>, std::allocator<char>>, int>>>::value_type> __l, const std::map<std::basic_string<char>, int>::allocator_type & __a) =>
E               TypeError: takes at least 2 arguments (0 given)
E             map<std::basic_string<char, std::char_traits<char>, std::allocator<char>>, int, std::less<std::basic_string<char, std::char_traits<char>, std::allocator<char>>>, std::allocator<std::pair<const std::basic_string<char, std::char_traits<char>, std::allocator<char>>, int>>>::map<std::basic_string<char, std::char_traits<char>, std::allocator<char>>, int, std::less<std::basic_string<char, std::char_traits<char>, std::allocator<char>>>, std::allocator<std::pair<const std::basic_string<char, std::char_traits<char>, std::allocator<char>>, int>>>(std::initializer_list<std::map<std::basic_string<char, std::char_traits<char>, std::allocator<char>>, int, std::less<std::basic_string<char, std::char_traits<char>, std::allocator<char>>>, std::allocator<std::pair<const std::basic_string<char, std::char_traits<char>, std::allocator<char>>, int>>>::value_type> __l, const std::less<std::basic_string<char>> & __comp = _Compare(), const std::map<std::basic_string<char>, int>::allocator_type & __a = allocator_type()) =>
E               TypeError: takes at least 1 arguments (0 given)
E             map<std::basic_string<char, std::char_traits<char>, std::allocator<char>>, int, std::less<std::basic_string<char, std::char_traits<char>, std::allocator<char>>>, std::allocator<std::pair<const std::basic_string<char, std::char_traits<char>, std::allocator<char>>, int>>>::map<std::basic_string<char, std::char_traits<char>, std::allocator<char>>, int, std::less<std::basic_string<char, std::char_traits<char>, std::allocator<char>>>, std::allocator<std::pair<const std::basic_string<char, std::char_traits<char>, std::allocator<char>>, int>>>(std::map<std::basic_string<char>, int> && __m, const std::__type_identity_t<std::map<std::basic_string<char, std::char_traits<char>, std::allocator<char>>, int, std::less<std::basic_string<char, std::char_traits<char>, std::allocator<char>>>, std::allocator<std::pair<const std::basic_string<char, std::char_traits<char>, std::allocator<char>>, int>>>::allocator_type> & __a) =>
E               TypeError: takes at least 2 arguments (0 given)
E             map<std::basic_string<char, std::char_traits<char>, std::allocator<char>>, int, std::less<std::basic_string<char, std::char_traits<char>, std::allocator<char>>>, std::allocator<std::pair<const std::basic_string<char, std::char_traits<char>, std::allocator<char>>, int>>>::map<std::basic_string<char, std::char_traits<char>, std::allocator<char>>, int, std::less<std::basic_string<char, std::char_traits<char>, std::allocator<char>>>, std::allocator<std::pair<const std::basic_string<char, std::char_traits<char>, std::allocator<char>>, int>>>(std::map<std::basic_string<char>, int> &&) =>
E               TypeError: takes at least 1 arguments (0 given)
E             map<std::basic_string<char, std::char_traits<char>, std::allocator<char>>, int, std::less<std::basic_string<char, std::char_traits<char>, std::allocator<char>>>, std::allocator<std::pair<const std::basic_string<char, std::char_traits<char>, std::allocator<char>>, int>>>::map<std::basic_string<char, std::char_traits<char>, std::allocator<char>>, int, std::less<std::basic_string<char, std::char_traits<char>, std::allocator<char>>>, std::allocator<std::pair<const std::basic_string<char, std::char_traits<char>, std::allocator<char>>, int>>>(const std::less<std::basic_string<char>> & __comp, const std::map<std::basic_string<char>, int>::allocator_type & __a = allocator_type()) =>
E               TypeError: takes at least 1 arguments (0 given)
E             map<std::basic_string<char, std::char_traits<char>, std::allocator<char>>, int, std::less<std::basic_string<char, std::char_traits<char>, std::allocator<char>>>, std::allocator<std::pair<const std::basic_string<char, std::char_traits<char>, std::allocator<char>>, int>>>::map<std::basic_string<char, std::char_traits<char>, std::allocator<char>>, int, std::less<std::basic_string<char, std::char_traits<char>, std::allocator<char>>>, std::allocator<std::pair<const std::basic_string<char, std::char_traits<char>, std::allocator<char>>, int>>>(const std::map<std::basic_string<char>, int>::allocator_type & __a) =>
E               TypeError: takes at least 1 arguments (0 given)
E             map<std::basic_string<char, std::char_traits<char>, std::allocator<char>>, int, std::less<std::basic_string<char, std::char_traits<char>, std::allocator<char>>>, std::allocator<std::pair<const std::basic_string<char, std::char_traits<char>, std::allocator<char>>, int>>>::map<std::basic_string<char, std::char_traits<char>, std::allocator<char>>, int, std::less<std::basic_string<char, std::char_traits<char>, std::allocator<char>>>, std::allocator<std::pair<const std::basic_string<char, std::char_traits<char>, std::allocator<char>>, int>>>(const std::map<std::basic_string<char>, int> & __m, const std::__type_identity_t<std::map<std::basic_string<char, std::char_traits<char>, std::allocator<char>>, int, std::less<std::basic_string<char, std::char_traits<char>, std::allocator<char>>>, std::allocator<std::pair<const std::basic_string<char, std::char_traits<char>, std::allocator<char>>, int>>>::allocator_type> & __a) =>
E               TypeError: takes at least 2 arguments (0 given)
E             std::map<std::basic_string<char>, int> constructor failed
E             map<std::basic_string<char, std::char_traits<char>, std::allocator<char>>, int, std::less<std::basic_string<char, std::char_traits<char>, std::allocator<char>>>, std::allocator<std::pair<const std::basic_string<char, std::char_traits<char>, std::allocator<char>>, int>>>::map<std::basic_string<char, std::char_traits<char>, std::allocator<char>>, int, std::less<std::basic_string<char, std::char_traits<char>, std::allocator<char>>>, std::allocator<std::pair<const std::basic_string<char, std::char_traits<char>, std::allocator<char>>, int>>>(const std::map<std::basic_string<char>, int> &) =>
E               TypeError: takes at least 1 arguments (0 given)
E             std::map<std::basic_string<char>, int> constructor failed

test_stltypes.py:1398: TypeError
----------------------------- Captured stderr call -----------------------------
JIT session error: Failed to materialize symbols: { (main, { _ZNSt15_Rb_tree_headerC2Ev }) }
TClingCallFunc::make_wrapper:Failed to compile
==== SOURCE BEGIN ====
#pragma clang diagnostic push
#pragma clang diagnostic ignored "-Wformat-security"
__attribute__((used)) __attribute__((annotate("__cling__ptrcheck(off)")))
extern "C" void __jc_642(void* ret, unsigned long nary, unsigned long nargs, void** args, void* is_arena)
{
   if (nary > 1) {
   (*(std::map<std::basic_string<char, std::char_traits<char>, std::allocator<char>>, int, std::less<std::basic_string<char, std::char_traits<char>, std::allocator<char>>>, std::allocator<std::pair<const std::basic_string<char, std::char_traits<char>, std::allocator<char>>, int>>>**)ret) = (is_arena) ? ::new (*(std::map<std::basic_string<char, std::char_traits<char>, std::allocator<char>>, int, std::less<std::basic_string<char, std::char_traits<char>, std::allocator<char>>>, std::allocator<std::pair<const std::basic_string<char, std::char_traits<char>, std::allocator<char>>, int>>>**)ret) std::map<std::basic_string<char, std::char_traits<char>, std::allocator<char>>, int, std::less<std::basic_string<char, std::char_traits<char>, std::allocator<char>>>, std::allocator<std::pair<const std::basic_string<char, std::char_traits<char>, std::allocator<char>>, int>>>[nary]: new std::map<std::basic_string<char, std::char_traits<char>, std::allocator<char>>, int, std::less<std::basic_string<char, std::char_traits<char>, std::allocator<char>>>, std::allocator<std::pair<const std::basic_string<char, std::char_traits<char>, std::allocator<char>>, int>>>[nary];
   }
else {
   (*(std::map<std::basic_string<char, std::char_traits<char>, std::allocator<char>>, int, std::less<std::basic_string<char, std::char_traits<char>, std::allocator<char>>>, std::allocator<std::pair<const std::basic_string<char, std::char_traits<char>, std::allocator<char>>, int>>>**)ret) = (is_arena) ? ::new (*(std::map<std::basic_string<char, std::char_traits<char>, std::allocator<char>>, int, std::less<std::basic_string<char, std::char_traits<char>, std::allocator<char>>>, std::allocator<std::pair<const std::basic_string<char, std::char_traits<char>, std::allocator<char>>, int>>>**)ret) std::map<std::basic_string<char, std::char_traits<char>, std::allocator<char>>, int, std::less<std::basic_string<char, std::char_traits<char>, std::allocator<char>>>, std::allocator<std::pair<const std::basic_string<char, std::char_traits<char>, std::allocator<char>>, int>>>(): new std::map<std::basic_string<char, std::char_traits<char>, std::allocator<char>>, int, std::less<std::basic_string<char, std::char_traits<char>, std::allocator<char>>>, std::allocator<std::pair<const std::basic_string<char, std::char_traits<char>, std::allocator<char>>, int>>>();
}
}
#pragma clang diagnostic pop
==== SOURCE END ====
JIT session error: Failed to materialize symbols: { (main, { _ZNSt3mapINSt7__cxx1112basic_stringIcSt11char_traitsIcESaIcEEEiSt4lessIS5_ESaISt4pairIKS5_iEEEC2Ev }) }
TClingCallFunc::make_wrapper:Failed to compile
==== SOURCE BEGIN ====
#pragma clang diagnostic push
#pragma clang diagnostic ignored "-Wformat-security"
__attribute__((used)) __attribute__((annotate("__cling__ptrcheck(off)")))
extern "C" void __jc_643(void* ret, unsigned long nary, unsigned long nargs, void** args, void* is_arena)
{
   if (nary > 1) {
   (*(std::map<std::basic_string<char, std::char_traits<char>, std::allocator<char>>, int, std::less<std::basic_string<char, std::char_traits<char>, std::allocator<char>>>, std::allocator<std::pair<const std::basic_string<char, std::char_traits<char>, std::allocator<char>>, int>>>**)ret) = (is_arena) ? ::new (*(std::map<std::basic_string<char, std::char_traits<char>, std::allocator<char>>, int, std::less<std::basic_string<char, std::char_traits<char>, std::allocator<char>>>, std::allocator<std::pair<const std::basic_string<char, std::char_traits<char>, std::allocator<char>>, int>>>**)ret) std::map<std::basic_string<char, std::char_traits<char>, std::allocator<char>>, int, std::less<std::basic_string<char, std::char_traits<char>, std::allocator<char>>>, std::allocator<std::pair<const std::basic_string<char, std::char_traits<char>, std::allocator<char>>, int>>>[nary]: new std::map<std::basic_string<char, std::char_traits<char>, std::allocator<char>>, int, std::less<std::basic_string<char, std::char_traits<char>, std::allocator<char>>>, std::allocator<std::pair<const std::basic_string<char, std::char_traits<char>, std::allocator<char>>, int>>>[nary];
   }
else {
   (*(std::map<std::basic_string<char, std::char_traits<char>, std::allocator<char>>, int, std::less<std::basic_string<char, std::char_traits<char>, std::allocator<char>>>, std::allocator<std::pair<const std::basic_string<char, std::char_traits<char>, std::allocator<char>>, int>>>**)ret) = (is_arena) ? ::new (*(std::map<std::basic_string<char, std::char_traits<char>, std::allocator<char>>, int, std::less<std::basic_string<char, std::char_traits<char>, std::allocator<char>>>, std::allocator<std::pair<const std::basic_string<char, std::char_traits<char>, std::allocator<char>>, int>>>**)ret) std::map<std::basic_string<char, std::char_traits<char>, std::allocator<char>>, int, std::less<std::basic_string<char, std::char_traits<char>, std::allocator<char>>>, std::allocator<std::pair<const std::basic_string<char, std::char_traits<char>, std::allocator<char>>, int>>>(): new std::map<std::basic_string<char, std::char_traits<char>, std::allocator<char>>, int, std::less<std::basic_string<char, std::char_traits<char>, std::allocator<char>>>, std::allocator<std::pair<const std::basic_string<char, std::char_traits<char>, std::allocator<char>>, int>>>();
}
}
#pragma clang diagnostic pop
==== SOURCE END ====
_______________________ TestSTLMAP.test03_empty_maptype ________________________

self = <test_stltypes.TestSTLMAP object at 0x770542f65f30>

    def test03_empty_maptype(self):
        """Test behavior of empty map<int,int>"""
    
        import cppjit
    
        std = cppjit.gbl.std
    
        for mtype in (std.map, std.unordered_map):
>           m = mtype(int, int)()
                ^^^^^^^^^^^^^^^^^
E           TypeError: Template method resolution failed:
E             none of the 9 overloaded methods succeeded. Full details:
E             map<int, int, std::less<int>, std::allocator<std::pair<const int, int>>>::map<int, int, std::less<int>, std::allocator<std::pair<const int, int>>>(std::initializer_list<std::map<int, int, std::less<int>, std::allocator<std::pair<const int, int>>>::value_type> __l, const std::map<int, int>::allocator_type & __a) =>
E               TypeError: takes at least 2 arguments (0 given)
E             map<int, int, std::less<int>, std::allocator<std::pair<const int, int>>>::map<int, int, std::less<int>, std::allocator<std::pair<const int, int>>>(std::initializer_list<std::map<int, int, std::less<int>, std::allocator<std::pair<const int, int>>>::value_type> __l, const std::less<int> & __comp = _Compare(), const std::map<int, int>::allocator_type & __a = allocator_type()) =>
E               TypeError: takes at least 1 arguments (0 given)
E             map<int, int, std::less<int>, std::allocator<std::pair<const int, int>>>::map<int, int, std::less<int>, std::allocator<std::pair<const int, int>>>(std::map<int, int> && __m, const std::__type_identity_t<std::map<int, int, std::less<int>, std::allocator<std::pair<const int, int>>>::allocator_type> & __a) =>
E               TypeError: takes at least 2 arguments (0 given)
E             map<int, int, std::less<int>, std::allocator<std::pair<const int, int>>>::map<int, int, std::less<int>, std::allocator<std::pair<const int, int>>>(std::map<int, int> &&) =>
E               TypeError: takes at least 1 arguments (0 given)
E             map<int, int, std::less<int>, std::allocator<std::pair<const int, int>>>::map<int, int, std::less<int>, std::allocator<std::pair<const int, int>>>(const std::less<int> & __comp, const std::map<int, int>::allocator_type & __a = allocator_type()) =>
E               TypeError: takes at least 1 arguments (0 given)
E             map<int, int, std::less<int>, std::allocator<std::pair<const int, int>>>::map<int, int, std::less<int>, std::allocator<std::pair<const int, int>>>(const std::map<int, int>::allocator_type & __a) =>
E               TypeError: takes at least 1 arguments (0 given)
E             map<int, int, std::less<int>, std::allocator<std::pair<const int, int>>>::map<int, int, std::less<int>, std::allocator<std::pair<const int, int>>>(const std::map<int, int> & __m, const std::__type_identity_t<std::map<int, int, std::less<int>, std::allocator<std::pair<const int, int>>>::allocator_type> & __a) =>
E               TypeError: takes at least 2 arguments (0 given)
E             std::map<int, int> constructor failed
E             map<int, int, std::less<int>, std::allocator<std::pair<const int, int>>>::map<int, int, std::less<int>, std::allocator<std::pair<const int, int>>>(const std::map<int, int> &) =>
E               TypeError: takes at least 1 arguments (0 given)
E             none of the 2 overloaded methods succeeded. Full details:
E             std::map<int, int> constructor failed
E             std::map<int, int> constructor failed

test_stltypes.py:1420: TypeError
----------------------------- Captured stderr call -----------------------------
JIT session error: Failed to materialize symbols: { (main, { _ZNSt3mapIiiSt4lessIiESaISt4pairIKiiEEEC2Ev }) }
TClingCallFunc::make_wrapper:Failed to compile
==== SOURCE BEGIN ====
#pragma clang diagnostic push
#pragma clang diagnostic ignored "-Wformat-security"
__attribute__((used)) __attribute__((annotate("__cling__ptrcheck(off)")))
extern "C" void __jc_644(void* ret, unsigned long nary, unsigned long nargs, void** args, void* is_arena)
{
   if (nary > 1) {
   (*(std::map<int, int, std::less<int>, std::allocator<std::pair<const int, int>>>**)ret) = (is_arena) ? ::new (*(std::map<int, int, std::less<int>, std::allocator<std::pair<const int, int>>>**)ret) std::map<int, int, std::less<int>, std::allocator<std::pair<const int, int>>>[nary]: new std::map<int, int, std::less<int>, std::allocator<std::pair<const int, int>>>[nary];
   }
else {
   (*(std::map<int, int, std::less<int>, std::allocator<std::pair<const int, int>>>**)ret) = (is_arena) ? ::new (*(std::map<int, int, std::less<int>, std::allocator<std::pair<const int, int>>>**)ret) std::map<int, int, std::less<int>, std::allocator<std::pair<const int, int>>>(): new std::map<int, int, std::less<int>, std::allocator<std::pair<const int, int>>>();
}
}
#pragma clang diagnostic pop
==== SOURCE END ====
JIT session error: Failed to materialize symbols: { (main, { _ZNSt3mapIiiSt4lessIiESaISt4pairIKiiEEEC2Ev }) }
TClingCallFunc::make_wrapper:Failed to compile
==== SOURCE BEGIN ====
#pragma clang diagnostic push
#pragma clang diagnostic ignored "-Wformat-security"
__attribute__((used)) __attribute__((annotate("__cling__ptrcheck(off)")))
extern "C" void __jc_645(void* ret, unsigned long nary, unsigned long nargs, void** args, void* is_arena)
{
   if (nary > 1) {
   (*(std::map<int, int, std::less<int>, std::allocator<std::pair<const int, int>>>**)ret) = (is_arena) ? ::new (*(std::map<int, int, std::less<int>, std::allocator<std::pair<const int, int>>>**)ret) std::map<int, int, std::less<int>, std::allocator<std::pair<const int, int>>>[nary]: new std::map<int, int, std::less<int>, std::allocator<std::pair<const int, int>>>[nary];
   }
else {
   (*(std::map<int, int, std::less<int>, std::allocator<std::pair<const int, int>>>**)ret) = (is_arena) ? ::new (*(std::map<int, int, std::less<int>, std::allocator<std::pair<const int, int>>>**)ret) std::map<int, int, std::less<int>, std::allocator<std::pair<const int, int>>>(): new std::map<int, int, std::less<int>, std::allocator<std::pair<const int, int>>>();
}
}
#pragma clang diagnostic pop
==== SOURCE END ====
JIT session error: Failed to materialize symbols: { (main, { _ZNSt3mapIiiSt4lessIiESaISt4pairIKiiEEEC2Ev }) }
TClingCallFunc::make_wrapper:Failed to compile
==== SOURCE BEGIN ====
#pragma clang diagnostic push
#pragma clang diagnostic ignored "-Wformat-security"
__attribute__((used)) __attribute__((annotate("__cling__ptrcheck(off)")))
extern "C" void __jc_646(void* ret, unsigned long nary, unsigned long nargs, void** args, void* is_arena)
{
   if (nary > 1) {
   (*(std::map<int, int, std::less<int>, std::allocator<std::pair<const int, int>>>**)ret) = (is_arena) ? ::new (*(std::map<int, int, std::less<int>, std::allocator<std::pair<const int, int>>>**)ret) std::map<int, int, std::less<int>, std::allocator<std::pair<const int, int>>>[nary]: new std::map<int, int, std::less<int>, std::allocator<std::pair<const int, int>>>[nary];
   }
else {
   (*(std::map<int, int, std::less<int>, std::allocator<std::pair<const int, int>>>**)ret) = (is_arena) ? ::new (*(std::map<int, int, std::less<int>, std::allocator<std::pair<const int, int>>>**)ret) std::map<int, int, std::less<int>, std::allocator<std::pair<const int, int>>>(): new std::map<int, int, std::less<int>, std::allocator<std::pair<const int, int>>>();
}
}
#pragma clang diagnostic pop
==== SOURCE END ====
________________ TestSTLMAP.test04_unsignedvalue_typemap_types _________________

self = <test_stltypes.TestSTLMAP object at 0x770542f662c0>

    @mark.xfail(condition=IS_MAC, reason="Fails on OS X")
    def test04_unsignedvalue_typemap_types(self):
        """Test assignability of maps with unsigned value types"""
    
        import math
    
        import cppjit
    
        std = cppjit.gbl.std
    
        for mtype in (std.map, std.unordered_map):
>           mui = mtype(str, "unsigned int")()
                  ^^^^^^^^^^^^^^^^^^^^^^^^^^^^
E           TypeError: Template method resolution failed:
E             none of the 9 overloaded methods succeeded. Full details:
E             map<std::basic_string<char, std::char_traits<char>, std::allocator<char>>, unsigned int, std::less<std::basic_string<char, std::char_traits<char>, std::allocator<char>>>, std::allocator<std::pair<const std::basic_string<char, std::char_traits<char>, std::allocator<char>>, unsigned int>>>::map<std::basic_string<char, std::char_traits<char>, std::allocator<char>>, unsigned int, std::less<std::basic_string<char, std::char_traits<char>, std::allocator<char>>>, std::allocator<std::pair<const std::basic_string<char, std::char_traits<char>, std::allocator<char>>, unsigned int>>>(std::initializer_list<std::map<std::basic_string<char, std::char_traits<char>, std::allocator<char>>, unsigned int, std::less<std::basic_string<char, std::char_traits<char>, std::allocator<char>>>, std::allocator<std::pair<const std::basic_string<char, std::char_traits<char>, std::allocator<char>>, unsigned int>>>::value_type> __l, const std::map<std::basic_string<char>, unsigned int>::allocator_type & __a) =>
E               TypeError: takes at least 2 arguments (0 given)
E             map<std::basic_string<char, std::char_traits<char>, std::allocator<char>>, unsigned int, std::less<std::basic_string<char, std::char_traits<char>, std::allocator<char>>>, std::allocator<std::pair<const std::basic_string<char, std::char_traits<char>, std::allocator<char>>, unsigned int>>>::map<std::basic_string<char, std::char_traits<char>, std::allocator<char>>, unsigned int, std::less<std::basic_string<char, std::char_traits<char>, std::allocator<char>>>, std::allocator<std::pair<const std::basic_string<char, std::char_traits<char>, std::allocator<char>>, unsigned int>>>(std::initializer_list<std::map<std::basic_string<char, std::char_traits<char>, std::allocator<char>>, unsigned int, std::less<std::basic_string<char, std::char_traits<char>, std::allocator<char>>>, std::allocator<std::pair<const std::basic_string<char, std::char_traits<char>, std::allocator<char>>, unsigned int>>>::value_type> __l, const std::less<std::basic_string<char>> & __comp = _Compare(), const std::map<std::basic_string<char>, unsigned int>::allocator_type & __a = allocator_type()) =>
E               TypeError: takes at least 1 arguments (0 given)
E             map<std::basic_string<char, std::char_traits<char>, std::allocator<char>>, unsigned int, std::less<std::basic_string<char, std::char_traits<char>, std::allocator<char>>>, std::allocator<std::pair<const std::basic_string<char, std::char_traits<char>, std::allocator<char>>, unsigned int>>>::map<std::basic_string<char, std::char_traits<char>, std::allocator<char>>, unsigned int, std::less<std::basic_string<char, std::char_traits<char>, std::allocator<char>>>, std::allocator<std::pair<const std::basic_string<char, std::char_traits<char>, std::allocator<char>>, unsigned int>>>(std::map<std::basic_string<char>, unsigned int> && __m, const std::__type_identity_t<std::map<std::basic_string<char, std::char_traits<char>, std::allocator<char>>, unsigned int, std::less<std::basic_string<char, std::char_traits<char>, std::allocator<char>>>, std::allocator<std::pair<const std::basic_string<char, std::char_traits<char>, std::allocator<char>>, unsigned int>>>::allocator_type> & __a) =>
E               TypeError: takes at least 2 arguments (0 given)
E             map<std::basic_string<char, std::char_traits<char>, std::allocator<char>>, unsigned int, std::less<std::basic_string<char, std::char_traits<char>, std::allocator<char>>>, std::allocator<std::pair<const std::basic_string<char, std::char_traits<char>, std::allocator<char>>, unsigned int>>>::map<std::basic_string<char, std::char_traits<char>, std::allocator<char>>, unsigned int, std::less<std::basic_string<char, std::char_traits<char>, std::allocator<char>>>, std::allocator<std::pair<const std::basic_string<char, std::char_traits<char>, std::allocator<char>>, unsigned int>>>(std::map<std::basic_string<char>, unsigned int> &&) =>
E               TypeError: takes at least 1 arguments (0 given)
E             map<std::basic_string<char, std::char_traits<char>, std::allocator<char>>, unsigned int, std::less<std::basic_string<char, std::char_traits<char>, std::allocator<char>>>, std::allocator<std::pair<const std::basic_string<char, std::char_traits<char>, std::allocator<char>>, unsigned int>>>::map<std::basic_string<char, std::char_traits<char>, std::allocator<char>>, unsigned int, std::less<std::basic_string<char, std::char_traits<char>, std::allocator<char>>>, std::allocator<std::pair<const std::basic_string<char, std::char_traits<char>, std::allocator<char>>, unsigned int>>>(const std::less<std::basic_string<char>> & __comp, const std::map<std::basic_string<char>, unsigned int>::allocator_type & __a = allocator_type()) =>
E               TypeError: takes at least 1 arguments (0 given)
E             map<std::basic_string<char, std::char_traits<char>, std::allocator<char>>, unsigned int, std::less<std::basic_string<char, std::char_traits<char>, std::allocator<char>>>, std::allocator<std::pair<const std::basic_string<char, std::char_traits<char>, std::allocator<char>>, unsigned int>>>::map<std::basic_string<char, std::char_traits<char>, std::allocator<char>>, unsigned int, std::less<std::basic_string<char, std::char_traits<char>, std::allocator<char>>>, std::allocator<std::pair<const std::basic_string<char, std::char_traits<char>, std::allocator<char>>, unsigned int>>>(const std::map<std::basic_string<char>, unsigned int>::allocator_type & __a) =>
E               TypeError: takes at least 1 arguments (0 given)
E             map<std::basic_string<char, std::char_traits<char>, std::allocator<char>>, unsigned int, std::less<std::basic_string<char, std::char_traits<char>, std::allocator<char>>>, std::allocator<std::pair<const std::basic_string<char, std::char_traits<char>, std::allocator<char>>, unsigned int>>>::map<std::basic_string<char, std::char_traits<char>, std::allocator<char>>, unsigned int, std::less<std::basic_string<char, std::char_traits<char>, std::allocator<char>>>, std::allocator<std::pair<const std::basic_string<char, std::char_traits<char>, std::allocator<char>>, unsigned int>>>(const std::map<std::basic_string<char>, unsigned int> & __m, const std::__type_identity_t<std::map<std::basic_string<char, std::char_traits<char>, std::allocator<char>>, unsigned int, std::less<std::basic_string<char, std::char_traits<char>, std::allocator<char>>>, std::allocator<std::pair<const std::basic_string<char, std::char_traits<char>, std::allocator<char>>, unsigned int>>>::allocator_type> & __a) =>
E               TypeError: takes at least 2 arguments (0 given)
E             std::map<std::basic_string<char>, unsigned int> constructor failed
E             map<std::basic_string<char, std::char_traits<char>, std::allocator<char>>, unsigned int, std::less<std::basic_string<char, std::char_traits<char>, std::allocator<char>>>, std::allocator<std::pair<const std::basic_string<char, std::char_traits<char>, std::allocator<char>>, unsigned int>>>::map<std::basic_string<char, std::char_traits<char>, std::allocator<char>>, unsigned int, std::less<std::basic_string<char, std::char_traits<char>, std::allocator<char>>>, std::allocator<std::pair<const std::basic_string<char, std::char_traits<char>, std::allocator<char>>, unsigned int>>>(const std::map<std::basic_string<char>, unsigned int> &) =>
E               TypeError: takes at least 1 arguments (0 given)
E             std::map<std::basic_string<char>, unsigned int> constructor failed

test_stltypes.py:1436: TypeError
----------------------------- Captured stderr call -----------------------------
JIT session error: Failed to materialize symbols: { (main, { _ZNSt20_Rb_tree_key_compareISt4lessINSt7__cxx1112basic_stringIcSt11char_traitsIcESaIcEEEEEC2Ev }) }
TClingCallFunc::make_wrapper:Failed to compile
==== SOURCE BEGIN ====
#pragma clang diagnostic push
#pragma clang diagnostic ignored "-Wformat-security"
__attribute__((used)) __attribute__((annotate("__cling__ptrcheck(off)")))
extern "C" void __jc_647(void* ret, unsigned long nary, unsigned long nargs, void** args, void* is_arena)
{
   if (nary > 1) {
   (*(std::map<std::basic_string<char, std::char_traits<char>, std::allocator<char>>, unsigned int, std::less<std::basic_string<char, std::char_traits<char>, std::allocator<char>>>, std::allocator<std::pair<const std::basic_string<char, std::char_traits<char>, std::allocator<char>>, unsigned int>>>**)ret) = (is_arena) ? ::new (*(std::map<std::basic_string<char, std::char_traits<char>, std::allocator<char>>, unsigned int, std::less<std::basic_string<char, std::char_traits<char>, std::allocator<char>>>, std::allocator<std::pair<const std::basic_string<char, std::char_traits<char>, std::allocator<char>>, unsigned int>>>**)ret) std::map<std::basic_string<char, std::char_traits<char>, std::allocator<char>>, unsigned int, std::less<std::basic_string<char, std::char_traits<char>, std::allocator<char>>>, std::allocator<std::pair<const std::basic_string<char, std::char_traits<char>, std::allocator<char>>, unsigned int>>>[nary]: new std::map<std::basic_string<char, std::char_traits<char>, std::allocator<char>>, unsigned int, std::less<std::basic_string<char, std::char_traits<char>, std::allocator<char>>>, std::allocator<std::pair<const std::basic_string<char, std::char_traits<char>, std::allocator<char>>, unsigned int>>>[nary];
   }
else {
   (*(std::map<std::basic_string<char, std::char_traits<char>, std::allocator<char>>, unsigned int, std::less<std::basic_string<char, std::char_traits<char>, std::allocator<char>>>, std::allocator<std::pair<const std::basic_string<char, std::char_traits<char>, std::allocator<char>>, unsigned int>>>**)ret) = (is_arena) ? ::new (*(std::map<std::basic_string<char, std::char_traits<char>, std::allocator<char>>, unsigned int, std::less<std::basic_string<char, std::char_traits<char>, std::allocator<char>>>, std::allocator<std::pair<const std::basic_string<char, std::char_traits<char>, std::allocator<char>>, unsigned int>>>**)ret) std::map<std::basic_string<char, std::char_traits<char>, std::allocator<char>>, unsigned int, std::less<std::basic_string<char, std::char_traits<char>, std::allocator<char>>>, std::allocator<std::pair<const std::basic_string<char, std::char_traits<char>, std::allocator<char>>, unsigned int>>>(): new std::map<std::basic_string<char, std::char_traits<char>, std::allocator<char>>, unsigned int, std::less<std::basic_string<char, std::char_traits<char>, std::allocator<char>>>, std::allocator<std::pair<const std::basic_string<char, std::char_traits<char>, std::allocator<char>>, unsigned int>>>();
}
}
#pragma clang diagnostic pop
==== SOURCE END ====
JIT session error: Failed to materialize symbols: { (main, { _ZNSt3mapINSt7__cxx1112basic_stringIcSt11char_traitsIcESaIcEEEjSt4lessIS5_ESaISt4pairIKS5_jEEEC2Ev }) }
TClingCallFunc::make_wrapper:Failed to compile
==== SOURCE BEGIN ====
#pragma clang diagnostic push
#pragma clang diagnostic ignored "-Wformat-security"
__attribute__((used)) __attribute__((annotate("__cling__ptrcheck(off)")))
extern "C" void __jc_648(void* ret, unsigned long nary, unsigned long nargs, void** args, void* is_arena)
{
   if (nary > 1) {
   (*(std::map<std::basic_string<char, std::char_traits<char>, std::allocator<char>>, unsigned int, std::less<std::basic_string<char, std::char_traits<char>, std::allocator<char>>>, std::allocator<std::pair<const std::basic_string<char, std::char_traits<char>, std::allocator<char>>, unsigned int>>>**)ret) = (is_arena) ? ::new (*(std::map<std::basic_string<char, std::char_traits<char>, std::allocator<char>>, unsigned int, std::less<std::basic_string<char, std::char_traits<char>, std::allocator<char>>>, std::allocator<std::pair<const std::basic_string<char, std::char_traits<char>, std::allocator<char>>, unsigned int>>>**)ret) std::map<std::basic_string<char, std::char_traits<char>, std::allocator<char>>, unsigned int, std::less<std::basic_string<char, std::char_traits<char>, std::allocator<char>>>, std::allocator<std::pair<const std::basic_string<char, std::char_traits<char>, std::allocator<char>>, unsigned int>>>[nary]: new std::map<std::basic_string<char, std::char_traits<char>, std::allocator<char>>, unsigned int, std::less<std::basic_string<char, std::char_traits<char>, std::allocator<char>>>, std::allocator<std::pair<const std::basic_string<char, std::char_traits<char>, std::allocator<char>>, unsigned int>>>[nary];
   }
else {
   (*(std::map<std::basic_string<char, std::char_traits<char>, std::allocator<char>>, unsigned int, std::less<std::basic_string<char, std::char_traits<char>, std::allocator<char>>>, std::allocator<std::pair<const std::basic_string<char, std::char_traits<char>, std::allocator<char>>, unsigned int>>>**)ret) = (is_arena) ? ::new (*(std::map<std::basic_string<char, std::char_traits<char>, std::allocator<char>>, unsigned int, std::less<std::basic_string<char, std::char_traits<char>, std::allocator<char>>>, std::allocator<std::pair<const std::basic_string<char, std::char_traits<char>, std::allocator<char>>, unsigned int>>>**)ret) std::map<std::basic_string<char, std::char_traits<char>, std::allocator<char>>, unsigned int, std::less<std::basic_string<char, std::char_traits<char>, std::allocator<char>>>, std::allocator<std::pair<const std::basic_string<char, std::char_traits<char>, std::allocator<char>>, unsigned int>>>(): new std::map<std::basic_string<char, std::char_traits<char>, std::allocator<char>>, unsigned int, std::less<std::basic_string<char, std::char_traits<char>, std::allocator<char>>>, std::allocator<std::pair<const std::basic_string<char, std::char_traits<char>, std::allocator<char>>, unsigned int>>>();
}
}
#pragma clang diagnostic pop
==== SOURCE END ====
_____________ TestSTLMAP.test05_STL_like_class_indexing_overloads ______________

self = <test_stltypes.TestSTLMAP object at 0x77054244d910>

    @mark.xfail(condition=IS_MAC, reason="Fails on OS X")
    def test05_STL_like_class_indexing_overloads(self):
        """Test overloading of operator[] in STL like class"""
    
        import cppjit
    
        stl_like_class = cppjit.gbl.stl_like_class
    
        a = stl_like_class(int)()
>       assert a["some string"] == "string"
E       AssertionError: assert b'' == 'string'

test_stltypes.py:1463: AssertionError
----------------------------- Captured stderr call -----------------------------
JIT session error: In graph incr_module_2028-jitted-objectbuffer, section .eh_frame: relocation target 0x7705435980a0 (DW.ref.__gxx_personality_v0) is out of range of Delta32 fixup at address 0x7705435980a0 (<anonymous block> @ 0x7704b619d098 + 0x13)
TClingCallFunc::make_wrapper:Failed to compile
==== SOURCE BEGIN ====
#pragma clang diagnostic push
#pragma clang diagnostic ignored "-Wformat-security"
__attribute__((used)) __attribute__((annotate("__cling__ptrcheck(off)")))
extern "C" void __jc_650(void* obj, unsigned long nargs, void** args, void* ret)
{
   if (ret) {
      ::new (ret) (std::string) (((stl_like_class<int>*)obj)->operator[]((const std::basic_string<char>&)*(const std::basic_string<char>*)args[0]));
      return;
   }
   else {
      (void)(((stl_like_class<int>*)obj)->operator[]((const std::basic_string<char>&)*(const std::basic_string<char>*)args[0]));
      return;
   }
}
#pragma clang diagnostic pop
==== SOURCE END ====
JIT session error: Failed to materialize symbols: { (main, { _ZNSt7__cxx1112basic_stringIcSt11char_traitsIcESaIcEE5beginEv }) }
TClingCallFunc::make_wrapper:Failed to compile
==== SOURCE BEGIN ====
#pragma clang diagnostic push
#pragma clang diagnostic ignored "-Wformat-security"
__attribute__((used)) __attribute__((annotate("__cling__ptrcheck(off)")))
extern "C" void __jc_651(void* obj, unsigned long nargs, void** args, void* ret)
{
   if (ret) {
      ::new (ret) (std::basic_string<char>::iterator) (((std::basic_string<char, std::char_traits<char>, std::allocator<char>>*)obj)->std::basic_string<char, std::char_traits<char>, std::allocator<char>>::begin());
      return;
   }
   else {
      (void)(((std::basic_string<char, std::char_traits<char>, std::allocator<char>>*)obj)->std::basic_string<char, std::char_traits<char>, std::allocator<char>>::begin());
      return;
   }
}
#pragma clang diagnostic pop
==== SOURCE END ====
JIT session error: Failed to materialize symbols: { (main, { _ZNKSt7__cxx1112basic_stringIcSt11char_traitsIcESaIcEE5beginEv }) }
TClingCallFunc::make_wrapper:Failed to compile
==== SOURCE BEGIN ====
#pragma clang diagnostic push
#pragma clang diagnostic ignored "-Wformat-security"
__attribute__((used)) __attribute__((annotate("__cling__ptrcheck(off)")))
extern "C" void __jc_652(void* obj, unsigned long nargs, void** args, void* ret)
{
   if (ret) {
      ::new (ret) (std::basic_string<char>::const_iterator) (((const std::basic_string<char, std::char_traits<char>, std::allocator<char>>*)obj)->std::basic_string<char, std::char_traits<char>, std::allocator<char>>::begin());
      return;
   }
   else {
      (void)(((const std::basic_string<char, std::char_traits<char>, std::allocator<char>>*)obj)->std::basic_string<char, std::char_traits<char>, std::allocator<char>>::begin());
      return;
   }
}
#pragma clang diagnostic pop
==== SOURCE END ====
____________________ TestSTLMAP.test06_initialize_from_dict ____________________

self = <test_stltypes.TestSTLMAP object at 0x770551f4ae00>

    @mark.xfail(condition=IS_MAC, reason="Fails on OS X")
    def test06_initialize_from_dict(self):
        """Test std::map initializion from Python dict"""
    
        import cppjit
    
        std = cppjit.gbl.std
    
        for mtype in (std.map, std.unordered_map):
>           m = mtype[str, int]({"1": 1, "2": 2})
                ^^^^^^^^^^^^^^^^^^^^^^^^^^^^^^^^^
E           TypeError: Template method resolution failed:
E             none of the 9 overloaded methods succeeded. Full details:
E             map<std::basic_string<char, std::char_traits<char>, std::allocator<char>>, int, std::less<std::basic_string<char, std::char_traits<char>, std::allocator<char>>>, std::allocator<std::pair<const std::basic_string<char, std::char_traits<char>, std::allocator<char>>, int>>>::map<std::basic_string<char, std::char_traits<char>, std::allocator<char>>, int, std::less<std::basic_string<char, std::char_traits<char>, std::allocator<char>>>, std::allocator<std::pair<const std::basic_string<char, std::char_traits<char>, std::allocator<char>>, int>>>(std::initializer_list<std::map<std::basic_string<char, std::char_traits<char>, std::allocator<char>>, int, std::less<std::basic_string<char, std::char_traits<char>, std::allocator<char>>>, std::allocator<std::pair<const std::basic_string<char, std::char_traits<char>, std::allocator<char>>, int>>>::value_type> __l, const std::map<std::basic_string<char>, int>::allocator_type & __a) =>
E               TypeError: takes at least 2 arguments (0 given)
E             map<std::basic_string<char, std::char_traits<char>, std::allocator<char>>, int, std::less<std::basic_string<char, std::char_traits<char>, std::allocator<char>>>, std::allocator<std::pair<const std::basic_string<char, std::char_traits<char>, std::allocator<char>>, int>>>::map<std::basic_string<char, std::char_traits<char>, std::allocator<char>>, int, std::less<std::basic_string<char, std::char_traits<char>, std::allocator<char>>>, std::allocator<std::pair<const std::basic_string<char, std::char_traits<char>, std::allocator<char>>, int>>>(std::initializer_list<std::map<std::basic_string<char, std::char_traits<char>, std::allocator<char>>, int, std::less<std::basic_string<char, std::char_traits<char>, std::allocator<char>>>, std::allocator<std::pair<const std::basic_string<char, std::char_traits<char>, std::allocator<char>>, int>>>::value_type> __l, const std::less<std::basic_string<char>> & __comp = _Compare(), const std::map<std::basic_string<char>, int>::allocator_type & __a = allocator_type()) =>
E               TypeError: takes at least 1 arguments (0 given)
E             map<std::basic_string<char, std::char_traits<char>, std::allocator<char>>, int, std::less<std::basic_string<char, std::char_traits<char>, std::allocator<char>>>, std::allocator<std::pair<const std::basic_string<char, std::char_traits<char>, std::allocator<char>>, int>>>::map<std::basic_string<char, std::char_traits<char>, std::allocator<char>>, int, std::less<std::basic_string<char, std::char_traits<char>, std::allocator<char>>>, std::allocator<std::pair<const std::basic_string<char, std::char_traits<char>, std::allocator<char>>, int>>>(std::map<std::basic_string<char>, int> && __m, const std::__type_identity_t<std::map<std::basic_string<char, std::char_traits<char>, std::allocator<char>>, int, std::less<std::basic_string<char, std::char_traits<char>, std::allocator<char>>>, std::allocator<std::pair<const std::basic_string<char, std::char_traits<char>, std::allocator<char>>, int>>>::allocator_type> & __a) =>
E               TypeError: takes at least 2 arguments (0 given)
E             map<std::basic_string<char, std::char_traits<char>, std::allocator<char>>, int, std::less<std::basic_string<char, std::char_traits<char>, std::allocator<char>>>, std::allocator<std::pair<const std::basic_string<char, std::char_traits<char>, std::allocator<char>>, int>>>::map<std::basic_string<char, std::char_traits<char>, std::allocator<char>>, int, std::less<std::basic_string<char, std::char_traits<char>, std::allocator<char>>>, std::allocator<std::pair<const std::basic_string<char, std::char_traits<char>, std::allocator<char>>, int>>>(std::map<std::basic_string<char>, int> &&) =>
E               TypeError: takes at least 1 arguments (0 given)
E             map<std::basic_string<char, std::char_traits<char>, std::allocator<char>>, int, std::less<std::basic_string<char, std::char_traits<char>, std::allocator<char>>>, std::allocator<std::pair<const std::basic_string<char, std::char_traits<char>, std::allocator<char>>, int>>>::map<std::basic_string<char, std::char_traits<char>, std::allocator<char>>, int, std::less<std::basic_string<char, std::char_traits<char>, std::allocator<char>>>, std::allocator<std::pair<const std::basic_string<char, std::char_traits<char>, std::allocator<char>>, int>>>(const std::less<std::basic_string<char>> & __comp, const std::map<std::basic_string<char>, int>::allocator_type & __a = allocator_type()) =>
E               TypeError: takes at least 1 arguments (0 given)
E             map<std::basic_string<char, std::char_traits<char>, std::allocator<char>>, int, std::less<std::basic_string<char, std::char_traits<char>, std::allocator<char>>>, std::allocator<std::pair<const std::basic_string<char, std::char_traits<char>, std::allocator<char>>, int>>>::map<std::basic_string<char, std::char_traits<char>, std::allocator<char>>, int, std::less<std::basic_string<char, std::char_traits<char>, std::allocator<char>>>, std::allocator<std::pair<const std::basic_string<char, std::char_traits<char>, std::allocator<char>>, int>>>(const std::map<std::basic_string<char>, int>::allocator_type & __a) =>
E               TypeError: takes at least 1 arguments (0 given)
E             map<std::basic_string<char, std::char_traits<char>, std::allocator<char>>, int, std::less<std::basic_string<char, std::char_traits<char>, std::allocator<char>>>, std::allocator<std::pair<const std::basic_string<char, std::char_traits<char>, std::allocator<char>>, int>>>::map<std::basic_string<char, std::char_traits<char>, std::allocator<char>>, int, std::less<std::basic_string<char, std::char_traits<char>, std::allocator<char>>>, std::allocator<std::pair<const std::basic_string<char, std::char_traits<char>, std::allocator<char>>, int>>>(const std::map<std::basic_string<char>, int> & __m, const std::__type_identity_t<std::map<std::basic_string<char, std::char_traits<char>, std::allocator<char>>, int, std::less<std::basic_string<char, std::char_traits<char>, std::allocator<char>>>, std::allocator<std::pair<const std::basic_string<char, std::char_traits<char>, std::allocator<char>>, int>>>::allocator_type> & __a) =>
E               TypeError: takes at least 2 arguments (0 given)
E             std::map<std::basic_string<char>, int> constructor failed
E             map<std::basic_string<char, std::char_traits<char>, std::allocator<char>>, int, std::less<std::basic_string<char, std::char_traits<char>, std::allocator<char>>>, std::allocator<std::pair<const std::basic_string<char, std::char_traits<char>, std::allocator<char>>, int>>>::map<std::basic_string<char, std::char_traits<char>, std::allocator<char>>, int, std::less<std::basic_string<char, std::char_traits<char>, std::allocator<char>>>, std::allocator<std::pair<const std::basic_string<char, std::char_traits<char>, std::allocator<char>>, int>>>(const std::map<std::basic_string<char>, int> &) =>
E               TypeError: takes at least 1 arguments (0 given)
E             none of the 2 overloaded methods succeeded. Full details:
E             std::map<std::basic_string<char>, int> constructor failed
E             std::map<std::basic_string<char>, int> constructor failed

test_stltypes.py:1475: TypeError
----------------------------- Captured stderr call -----------------------------
JIT session error: Failed to materialize symbols: { (main, { _ZNSt3mapINSt7__cxx1112basic_stringIcSt11char_traitsIcESaIcEEEiSt4lessIS5_ESaISt4pairIKS5_iEEEC2Ev }) }
TClingCallFunc::make_wrapper:Failed to compile
==== SOURCE BEGIN ====
#pragma clang diagnostic push
#pragma clang diagnostic ignored "-Wformat-security"
__attribute__((used)) __attribute__((annotate("__cling__ptrcheck(off)")))
extern "C" void __jc_653(void* ret, unsigned long nary, unsigned long nargs, void** args, void* is_arena)
{
   if (nary > 1) {
   (*(std::map<std::basic_string<char, std::char_traits<char>, std::allocator<char>>, int, std::less<std::basic_string<char, std::char_traits<char>, std::allocator<char>>>, std::allocator<std::pair<const std::basic_string<char, std::char_traits<char>, std::allocator<char>>, int>>>**)ret) = (is_arena) ? ::new (*(std::map<std::basic_string<char, std::char_traits<char>, std::allocator<char>>, int, std::less<std::basic_string<char, std::char_traits<char>, std::allocator<char>>>, std::allocator<std::pair<const std::basic_string<char, std::char_traits<char>, std::allocator<char>>, int>>>**)ret) std::map<std::basic_string<char, std::char_traits<char>, std::allocator<char>>, int, std::less<std::basic_string<char, std::char_traits<char>, std::allocator<char>>>, std::allocator<std::pair<const std::basic_string<char, std::char_traits<char>, std::allocator<char>>, int>>>[nary]: new std::map<std::basic_string<char, std::char_traits<char>, std::allocator<char>>, int, std::less<std::basic_string<char, std::char_traits<char>, std::allocator<char>>>, std::allocator<std::pair<const std::basic_string<char, std::char_traits<char>, std::allocator<char>>, int>>>[nary];
   }
else {
   (*(std::map<std::basic_string<char, std::char_traits<char>, std::allocator<char>>, int, std::less<std::basic_string<char, std::char_traits<char>, std::allocator<char>>>, std::allocator<std::pair<const std::basic_string<char, std::char_traits<char>, std::allocator<char>>, int>>>**)ret) = (is_arena) ? ::new (*(std::map<std::basic_string<char, std::char_traits<char>, std::allocator<char>>, int, std::less<std::basic_string<char, std::char_traits<char>, std::allocator<char>>>, std::allocator<std::pair<const std::basic_string<char, std::char_traits<char>, std::allocator<char>>, int>>>**)ret) std::map<std::basic_string<char, std::char_traits<char>, std::allocator<char>>, int, std::less<std::basic_string<char, std::char_traits<char>, std::allocator<char>>>, std::allocator<std::pair<const std::basic_string<char, std::char_traits<char>, std::allocator<char>>, int>>>(): new std::map<std::basic_string<char, std::char_traits<char>, std::allocator<char>>, int, std::less<std::basic_string<char, std::char_traits<char>, std::allocator<char>>>, std::allocator<std::pair<const std::basic_string<char, std::char_traits<char>, std::allocator<char>>, int>>>();
}
}
#pragma clang diagnostic pop
==== SOURCE END ====
JIT session error: Failed to materialize symbols: { (main, { _ZNSt3mapINSt7__cxx1112basic_stringIcSt11char_traitsIcESaIcEEEiSt4lessIS5_ESaISt4pairIKS5_iEEEC2Ev }) }
TClingCallFunc::make_wrapper:Failed to compile
==== SOURCE BEGIN ====
#pragma clang diagnostic push
#pragma clang diagnostic ignored "-Wformat-security"
__attribute__((used)) __attribute__((annotate("__cling__ptrcheck(off)")))
extern "C" void __jc_654(void* ret, unsigned long nary, unsigned long nargs, void** args, void* is_arena)
{
   if (nary > 1) {
   (*(std::map<std::basic_string<char, std::char_traits<char>, std::allocator<char>>, int, std::less<std::basic_string<char, std::char_traits<char>, std::allocator<char>>>, std::allocator<std::pair<const std::basic_string<char, std::char_traits<char>, std::allocator<char>>, int>>>**)ret) = (is_arena) ? ::new (*(std::map<std::basic_string<char, std::char_traits<char>, std::allocator<char>>, int, std::less<std::basic_string<char, std::char_traits<char>, std::allocator<char>>>, std::allocator<std::pair<const std::basic_string<char, std::char_traits<char>, std::allocator<char>>, int>>>**)ret) std::map<std::basic_string<char, std::char_traits<char>, std::allocator<char>>, int, std::less<std::basic_string<char, std::char_traits<char>, std::allocator<char>>>, std::allocator<std::pair<const std::basic_string<char, std::char_traits<char>, std::allocator<char>>, int>>>[nary]: new std::map<std::basic_string<char, std::char_traits<char>, std::allocator<char>>, int, std::less<std::basic_string<char, std::char_traits<char>, std::allocator<char>>>, std::allocator<std::pair<const std::basic_string<char, std::char_traits<char>, std::allocator<char>>, int>>>[nary];
   }
else {
   (*(std::map<std::basic_string<char, std::char_traits<char>, std::allocator<char>>, int, std::less<std::basic_string<char, std::char_traits<char>, std::allocator<char>>>, std::allocator<std::pair<const std::basic_string<char, std::char_traits<char>, std::allocator<char>>, int>>>**)ret) = (is_arena) ? ::new (*(std::map<std::basic_string<char, std::char_traits<char>, std::allocator<char>>, int, std::less<std::basic_string<char, std::char_traits<char>, std::allocator<char>>>, std::allocator<std::pair<const std::basic_string<char, std::char_traits<char>, std::allocator<char>>, int>>>**)ret) std::map<std::basic_string<char, std::char_traits<char>, std::allocator<char>>, int, std::less<std::basic_string<char, std::char_traits<char>, std::allocator<char>>>, std::allocator<std::pair<const std::basic_string<char, std::char_traits<char>, std::allocator<char>>, int>>>(): new std::map<std::basic_string<char, std::char_traits<char>, std::allocator<char>>, int, std::less<std::basic_string<char, std::char_traits<char>, std::allocator<char>>>, std::allocator<std::pair<const std::basic_string<char, std::char_traits<char>, std::allocator<char>>, int>>>();
}
}
#pragma clang diagnostic pop
==== SOURCE END ====
JIT session error: Failed to materialize symbols: { (main, { _ZNSt3mapINSt7__cxx1112basic_stringIcSt11char_traitsIcESaIcEEEiSt4lessIS5_ESaISt4pairIKS5_iEEEC2Ev }) }
TClingCallFunc::make_wrapper:Failed to compile
==== SOURCE BEGIN ====
#pragma clang diagnostic push
#pragma clang diagnostic ignored "-Wformat-security"
__attribute__((used)) __attribute__((annotate("__cling__ptrcheck(off)")))
extern "C" void __jc_655(void* ret, unsigned long nary, unsigned long nargs, void** args, void* is_arena)
{
   if (nary > 1) {
   (*(std::map<std::basic_string<char, std::char_traits<char>, std::allocator<char>>, int, std::less<std::basic_string<char, std::char_traits<char>, std::allocator<char>>>, std::allocator<std::pair<const std::basic_string<char, std::char_traits<char>, std::allocator<char>>, int>>>**)ret) = (is_arena) ? ::new (*(std::map<std::basic_string<char, std::char_traits<char>, std::allocator<char>>, int, std::less<std::basic_string<char, std::char_traits<char>, std::allocator<char>>>, std::allocator<std::pair<const std::basic_string<char, std::char_traits<char>, std::allocator<char>>, int>>>**)ret) std::map<std::basic_string<char, std::char_traits<char>, std::allocator<char>>, int, std::less<std::basic_string<char, std::char_traits<char>, std::allocator<char>>>, std::allocator<std::pair<const std::basic_string<char, std::char_traits<char>, std::allocator<char>>, int>>>[nary]: new std::map<std::basic_string<char, std::char_traits<char>, std::allocator<char>>, int, std::less<std::basic_string<char, std::char_traits<char>, std::allocator<char>>>, std::allocator<std::pair<const std::basic_string<char, std::char_traits<char>, std::allocator<char>>, int>>>[nary];
   }
else {
   (*(std::map<std::basic_string<char, std::char_traits<char>, std::allocator<char>>, int, std::less<std::basic_string<char, std::char_traits<char>, std::allocator<char>>>, std::allocator<std::pair<const std::basic_string<char, std::char_traits<char>, std::allocator<char>>, int>>>**)ret) = (is_arena) ? ::new (*(std::map<std::basic_string<char, std::char_traits<char>, std::allocator<char>>, int, std::less<std::basic_string<char, std::char_traits<char>, std::allocator<char>>>, std::allocator<std::pair<const std::basic_string<char, std::char_traits<char>, std::allocator<char>>, int>>>**)ret) std::map<std::basic_string<char, std::char_traits<char>, std::allocator<char>>, int, std::less<std::basic_string<char, std::char_traits<char>, std::allocator<char>>>, std::allocator<std::pair<const std::basic_string<char, std::char_traits<char>, std::allocator<char>>, int>>>(): new std::map<std::basic_string<char, std::char_traits<char>, std::allocator<char>>, int, std::less<std::basic_string<char, std::char_traits<char>, std::allocator<char>>>, std::allocator<std::pair<const std::basic_string<char, std::char_traits<char>, std::allocator<char>>, int>>>();
}
}
#pragma clang diagnostic pop
==== SOURCE END ====
______________________ TestSTLMAP.test07_map_cpp17_style _______________________

self = <test_stltypes.TestSTLMAP object at 0x770551f4abe0>

    @mark.xfail(condition=IS_MAC, reason="Fails on OS X")
    def test07_map_cpp17_style(self):
        """C++17 style initialization of std::map"""
    
        if ispypy:
            skip("emulated class crash")
    
        import cppjit
    
        std = cppjit.gbl.std
    
        for mtype in (std.map, std.unordered_map):
>           m = mtype({"1": 2, "2": 1})
                ^^^^^^^^^^^^^^^^^^^^^^^

test_stltypes.py:1495: 
_ _ _ _ _ _ _ _ _ _ _ _ _ _ _ _ _ _ _ _ _ _ _ _ _ _ _ _ _ _ _ _ _ _ _ _ _ _ _ _ 

self = <cppjit.Template 'std::map' object at 0x770541465e50>
args = ({'1': 2, '2': 1},)

    def __call__(self, *args):
        # for C++17, we're required to derive the type when using initializer syntax
        # (i.e. a tuple or list); not sure how to do that in general, but below the
        # most common cases are covered
        if args:
            args0 = args[0]
            if args0 and isinstance(args0, (tuple, list)):
                t = type(args0[0])
                if t is float:
                    t = "double"
    
                if self.__name__ in self.stl_sequence_types:
                    return self[t](*args)
                if self.__name__ in self.stl_fixed_size_types:
                    return self[t, len(args0)](*args)
                if self.__name__ in self.stl_unrolled_types:
                    return self[tuple(type(a) for a in args0)](*args0)
    
            if args0 and isinstance(args0, dict):
                if self.__name__ in self.stl_mapping_types:
                    try:
                        pair = args0.items().__iter__().__next__()
                    except AttributeError:
                        pair = args0.items()[0]
                    t1 = type(pair[0])
                    if t1 is float:
                        t1 = "double"
                    t2 = type(pair[1])
                    if t2 is float:
                        t2 = "double"
>                   return self[t1, t2](*args)
                           ^^^^^^^^^^^^^^^^^^^
E                   TypeError: Template method resolution failed:
E                     none of the 9 overloaded methods succeeded. Full details:
E                     map<std::basic_string<char, std::char_traits<char>, std::allocator<char>>, int, std::less<std::basic_string<char, std::char_traits<char>, std::allocator<char>>>, std::allocator<std::pair<const std::basic_string<char, std::char_traits<char>, std::allocator<char>>, int>>>::map<std::basic_string<char, std::char_traits<char>, std::allocator<char>>, int, std::less<std::basic_string<char, std::char_traits<char>, std::allocator<char>>>, std::allocator<std::pair<const std::basic_string<char, std::char_traits<char>, std::allocator<char>>, int>>>(std::initializer_list<std::map<std::basic_string<char, std::char_traits<char>, std::allocator<char>>, int, std::less<std::basic_string<char, std::char_traits<char>, std::allocator<char>>>, std::allocator<std::pair<const std::basic_string<char, std::char_traits<char>, std::allocator<char>>, int>>>::value_type> __l, const std::map<std::basic_string<char>, int>::allocator_type & __a) =>
E                       TypeError: takes at least 2 arguments (0 given)
E                     map<std::basic_string<char, std::char_traits<char>, std::allocator<char>>, int, std::less<std::basic_string<char, std::char_traits<char>, std::allocator<char>>>, std::allocator<std::pair<const std::basic_string<char, std::char_traits<char>, std::allocator<char>>, int>>>::map<std::basic_string<char, std::char_traits<char>, std::allocator<char>>, int, std::less<std::basic_string<char, std::char_traits<char>, std::allocator<char>>>, std::allocator<std::pair<const std::basic_string<char, std::char_traits<char>, std::allocator<char>>, int>>>(std::initializer_list<std::map<std::basic_string<char, std::char_traits<char>, std::allocator<char>>, int, std::less<std::basic_string<char, std::char_traits<char>, std::allocator<char>>>, std::allocator<std::pair<const std::basic_string<char, std::char_traits<char>, std::allocator<char>>, int>>>::value_type> __l, const std::less<std::basic_string<char>> & __comp = _Compare(), const std::map<std::basic_string<char>, int>::allocator_type & __a = allocator_type()) =>
E                       TypeError: takes at least 1 arguments (0 given)
E                     map<std::basic_string<char, std::char_traits<char>, std::allocator<char>>, int, std::less<std::basic_string<char, std::char_traits<char>, std::allocator<char>>>, std::allocator<std::pair<const std::basic_string<char, std::char_traits<char>, std::allocator<char>>, int>>>::map<std::basic_string<char, std::char_traits<char>, std::allocator<char>>, int, std::less<std::basic_string<char, std::char_traits<char>, std::allocator<char>>>, std::allocator<std::pair<const std::basic_string<char, std::char_traits<char>, std::allocator<char>>, int>>>(std::map<std::basic_string<char>, int> && __m, const std::__type_identity_t<std::map<std::basic_string<char, std::char_traits<char>, std::allocator<char>>, int, std::less<std::basic_string<char, std::char_traits<char>, std::allocator<char>>>, std::allocator<std::pair<const std::basic_string<char, std::char_traits<char>, std::allocator<char>>, int>>>::allocator_type> & __a) =>
E                       TypeError: takes at least 2 arguments (0 given)
E                     map<std::basic_string<char, std::char_traits<char>, std::allocator<char>>, int, std::less<std::basic_string<char, std::char_traits<char>, std::allocator<char>>>, std::allocator<std::pair<const std::basic_string<char, std::char_traits<char>, std::allocator<char>>, int>>>::map<std::basic_string<char, std::char_traits<char>, std::allocator<char>>, int, std::less<std::basic_string<char, std::char_traits<char>, std::allocator<char>>>, std::allocator<std::pair<const std::basic_string<char, std::char_traits<char>, std::allocator<char>>, int>>>(std::map<std::basic_string<char>, int> &&) =>
E                       TypeError: takes at least 1 arguments (0 given)
E                     map<std::basic_string<char, std::char_traits<char>, std::allocator<char>>, int, std::less<std::basic_string<char, std::char_traits<char>, std::allocator<char>>>, std::allocator<std::pair<const std::basic_string<char, std::char_traits<char>, std::allocator<char>>, int>>>::map<std::basic_string<char, std::char_traits<char>, std::allocator<char>>, int, std::less<std::basic_string<char, std::char_traits<char>, std::allocator<char>>>, std::allocator<std::pair<const std::basic_string<char, std::char_traits<char>, std::allocator<char>>, int>>>(const std::less<std::basic_string<char>> & __comp, const std::map<std::basic_string<char>, int>::allocator_type & __a = allocator_type()) =>
E                       TypeError: takes at least 1 arguments (0 given)
E                     map<std::basic_string<char, std::char_traits<char>, std::allocator<char>>, int, std::less<std::basic_string<char, std::char_traits<char>, std::allocator<char>>>, std::allocator<std::pair<const std::basic_string<char, std::char_traits<char>, std::allocator<char>>, int>>>::map<std::basic_string<char, std::char_traits<char>, std::allocator<char>>, int, std::less<std::basic_string<char, std::char_traits<char>, std::allocator<char>>>, std::allocator<std::pair<const std::basic_string<char, std::char_traits<char>, std::allocator<char>>, int>>>(const std::map<std::basic_string<char>, int>::allocator_type & __a) =>
E                       TypeError: takes at least 1 arguments (0 given)
E                     map<std::basic_string<char, std::char_traits<char>, std::allocator<char>>, int, std::less<std::basic_string<char, std::char_traits<char>, std::allocator<char>>>, std::allocator<std::pair<const std::basic_string<char, std::char_traits<char>, std::allocator<char>>, int>>>::map<std::basic_string<char, std::char_traits<char>, std::allocator<char>>, int, std::less<std::basic_string<char, std::char_traits<char>, std::allocator<char>>>, std::allocator<std::pair<const std::basic_string<char, std::char_traits<char>, std::allocator<char>>, int>>>(const std::map<std::basic_string<char>, int> & __m, const std::__type_identity_t<std::map<std::basic_string<char, std::char_traits<char>, std::allocator<char>>, int, std::less<std::basic_string<char, std::char_traits<char>, std::allocator<char>>>, std::allocator<std::pair<const std::basic_string<char, std::char_traits<char>, std::allocator<char>>, int>>>::allocator_type> & __a) =>
E                       TypeError: takes at least 2 arguments (0 given)
E                     std::map<std::basic_string<char>, int> constructor failed
E                     map<std::basic_string<char, std::char_traits<char>, std::allocator<char>>, int, std::less<std::basic_string<char, std::char_traits<char>, std::allocator<char>>>, std::allocator<std::pair<const std::basic_string<char, std::char_traits<char>, std::allocator<char>>, int>>>::map<std::basic_string<char, std::char_traits<char>, std::allocator<char>>, int, std::less<std::basic_string<char, std::char_traits<char>, std::allocator<char>>>, std::allocator<std::pair<const std::basic_string<char, std::char_traits<char>, std::allocator<char>>, int>>>(const std::map<std::basic_string<char>, int> &) =>
E                       TypeError: takes at least 1 arguments (0 given)
E                     none of the 3 overloaded methods succeeded. Full details:
E                     std::map<std::basic_string<char>, int> constructor failed
E                     std::map<std::basic_string<char>, int> constructor failed
E                     std::map<std::basic_string<char>, int> constructor failed

/tmp/t/lib/python3.13/site-packages/cppjit/_cpython_cppjit.py:129: TypeError
----------------------------- Captured stderr call -----------------------------
JIT session error: Failed to materialize symbols: { (main, { _ZNSt3mapINSt7__cxx1112basic_stringIcSt11char_traitsIcESaIcEEEiSt4lessIS5_ESaISt4pairIKS5_iEEEC2Ev }) }
TClingCallFunc::make_wrapper:Failed to compile
==== SOURCE BEGIN ====
#pragma clang diagnostic push
#pragma clang diagnostic ignored "-Wformat-security"
__attribute__((used)) __attribute__((annotate("__cling__ptrcheck(off)")))
extern "C" void __jc_660(void* ret, unsigned long nary, unsigned long nargs, void** args, void* is_arena)
{
   if (nary > 1) {
   (*(std::map<std::basic_string<char, std::char_traits<char>, std::allocator<char>>, int, std::less<std::basic_string<char, std::char_traits<char>, std::allocator<char>>>, std::allocator<std::pair<const std::basic_string<char, std::char_traits<char>, std::allocator<char>>, int>>>**)ret) = (is_arena) ? ::new (*(std::map<std::basic_string<char, std::char_traits<char>, std::allocator<char>>, int, std::less<std::basic_string<char, std::char_traits<char>, std::allocator<char>>>, std::allocator<std::pair<const std::basic_string<char, std::char_traits<char>, std::allocator<char>>, int>>>**)ret) std::map<std::basic_string<char, std::char_traits<char>, std::allocator<char>>, int, std::less<std::basic_string<char, std::char_traits<char>, std::allocator<char>>>, std::allocator<std::pair<const std::basic_string<char, std::char_traits<char>, std::allocator<char>>, int>>>[nary]: new std::map<std::basic_string<char, std::char_traits<char>, std::allocator<char>>, int, std::less<std::basic_string<char, std::char_traits<char>, std::allocator<char>>>, std::allocator<std::pair<const std::basic_string<char, std::char_traits<char>, std::allocator<char>>, int>>>[nary];
   }
else {
   (*(std::map<std::basic_string<char, std::char_traits<char>, std::allocator<char>>, int, std::less<std::basic_string<char, std::char_traits<char>, std::allocator<char>>>, std::allocator<std::pair<const std::basic_string<char, std::char_traits<char>, std::allocator<char>>, int>>>**)ret) = (is_arena) ? ::new (*(std::map<std::basic_string<char, std::char_traits<char>, std::allocator<char>>, int, std::less<std::basic_string<char, std::char_traits<char>, std::allocator<char>>>, std::allocator<std::pair<const std::basic_string<char, std::char_traits<char>, std::allocator<char>>, int>>>**)ret) std::map<std::basic_string<char, std::char_traits<char>, std::allocator<char>>, int, std::less<std::basic_string<char, std::char_traits<char>, std::allocator<char>>>, std::allocator<std::pair<const std::basic_string<char, std::char_traits<char>, std::allocator<char>>, int>>>(): new std::map<std::basic_string<char, std::char_traits<char>, std::allocator<char>>, int, std::less<std::basic_string<char, std::char_traits<char>, std::allocator<char>>>, std::allocator<std::pair<const std::basic_string<char, std::char_traits<char>, std::allocator<char>>, int>>>();
}
}
#pragma clang diagnostic pop
==== SOURCE END ====
JIT session error: Failed to materialize symbols: { (main, { _ZNSt3mapINSt7__cxx1112basic_stringIcSt11char_traitsIcESaIcEEEiSt4lessIS5_ESaISt4pairIKS5_iEEEC2Ev }) }
TClingCallFunc::make_wrapper:Failed to compile
==== SOURCE BEGIN ====
#pragma clang diagnostic push
#pragma clang diagnostic ignored "-Wformat-security"
__attribute__((used)) __attribute__((annotate("__cling__ptrcheck(off)")))
extern "C" void __jc_661(void* ret, unsigned long nary, unsigned long nargs, void** args, void* is_arena)
{
   if (nary > 1) {
   (*(std::map<std::basic_string<char, std::char_traits<char>, std::allocator<char>>, int, std::less<std::basic_string<char, std::char_traits<char>, std::allocator<char>>>, std::allocator<std::pair<const std::basic_string<char, std::char_traits<char>, std::allocator<char>>, int>>>**)ret) = (is_arena) ? ::new (*(std::map<std::basic_string<char, std::char_traits<char>, std::allocator<char>>, int, std::less<std::basic_string<char, std::char_traits<char>, std::allocator<char>>>, std::allocator<std::pair<const std::basic_string<char, std::char_traits<char>, std::allocator<char>>, int>>>**)ret) std::map<std::basic_string<char, std::char_traits<char>, std::allocator<char>>, int, std::less<std::basic_string<char, std::char_traits<char>, std::allocator<char>>>, std::allocator<std::pair<const std::basic_string<char, std::char_traits<char>, std::allocator<char>>, int>>>[nary]: new std::map<std::basic_string<char, std::char_traits<char>, std::allocator<char>>, int, std::less<std::basic_string<char, std::char_traits<char>, std::allocator<char>>>, std::allocator<std::pair<const std::basic_string<char, std::char_traits<char>, std::allocator<char>>, int>>>[nary];
   }
else {
   (*(std::map<std::basic_string<char, std::char_traits<char>, std::allocator<char>>, int, std::less<std::basic_string<char, std::char_traits<char>, std::allocator<char>>>, std::allocator<std::pair<const std::basic_string<char, std::char_traits<char>, std::allocator<char>>, int>>>**)ret) = (is_arena) ? ::new (*(std::map<std::basic_string<char, std::char_traits<char>, std::allocator<char>>, int, std::less<std::basic_string<char, std::char_traits<char>, std::allocator<char>>>, std::allocator<std::pair<const std::basic_string<char, std::char_traits<char>, std::allocator<char>>, int>>>**)ret) std::map<std::basic_string<char, std::char_traits<char>, std::allocator<char>>, int, std::less<std::basic_string<char, std::char_traits<char>, std::allocator<char>>>, std::allocator<std::pair<const std::basic_string<char, std::char_traits<char>, std::allocator<char>>, int>>>(): new std::map<std::basic_string<char, std::char_traits<char>, std::allocator<char>>, int, std::less<std::basic_string<char, std::char_traits<char>, std::allocator<char>>>, std::allocator<std::pair<const std::basic_string<char, std::char_traits<char>, std::allocator<char>>, int>>>();
}
}
#pragma clang diagnostic pop
==== SOURCE END ====
JIT session error: Failed to materialize symbols: { (main, { _ZNSt3mapINSt7__cxx1112basic_stringIcSt11char_traitsIcESaIcEEEiSt4lessIS5_ESaISt4pairIKS5_iEEEC2Ev }) }
TClingCallFunc::make_wrapper:Failed to compile
==== SOURCE BEGIN ====
#pragma clang diagnostic push
#pragma clang diagnostic ignored "-Wformat-security"
__attribute__((used)) __attribute__((annotate("__cling__ptrcheck(off)")))
extern "C" void __jc_662(void* ret, unsigned long nary, unsigned long nargs, void** args, void* is_arena)
{
   if (nary > 1) {
   (*(std::map<std::basic_string<char, std::char_traits<char>, std::allocator<char>>, int, std::less<std::basic_string<char, std::char_traits<char>, std::allocator<char>>>, std::allocator<std::pair<const std::basic_string<char, std::char_traits<char>, std::allocator<char>>, int>>>**)ret) = (is_arena) ? ::new (*(std::map<std::basic_string<char, std::char_traits<char>, std::allocator<char>>, int, std::less<std::basic_string<char, std::char_traits<char>, std::allocator<char>>>, std::allocator<std::pair<const std::basic_string<char, std::char_traits<char>, std::allocator<char>>, int>>>**)ret) std::map<std::basic_string<char, std::char_traits<char>, std::allocator<char>>, int, std::less<std::basic_string<char, std::char_traits<char>, std::allocator<char>>>, std::allocator<std::pair<const std::basic_string<char, std::char_traits<char>, std::allocator<char>>, int>>>[nary]: new std::map<std::basic_string<char, std::char_traits<char>, std::allocator<char>>, int, std::less<std::basic_string<char, std::char_traits<char>, std::allocator<char>>>, std::allocator<std::pair<const std::basic_string<char, std::char_traits<char>, std::allocator<char>>, int>>>[nary];
   }
else {
   (*(std::map<std::basic_string<char, std::char_traits<char>, std::allocator<char>>, int, std::less<std::basic_string<char, std::char_traits<char>, std::allocator<char>>>, std::allocator<std::pair<const std::basic_string<char, std::char_traits<char>, std::allocator<char>>, int>>>**)ret) = (is_arena) ? ::new (*(std::map<std::basic_string<char, std::char_traits<char>, std::allocator<char>>, int, std::less<std::basic_string<char, std::char_traits<char>, std::allocator<char>>>, std::allocator<std::pair<const std::basic_string<char, std::char_traits<char>, std::allocator<char>>, int>>>**)ret) std::map<std::basic_string<char, std::char_traits<char>, std::allocator<char>>, int, std::less<std::basic_string<char, std::char_traits<char>, std::allocator<char>>>, std::allocator<std::pair<const std::basic_string<char, std::char_traits<char>, std::allocator<char>>, int>>>(): new std::map<std::basic_string<char, std::char_traits<char>, std::allocator<char>>, int, std::less<std::basic_string<char, std::char_traits<char>, std::allocator<char>>>, std::allocator<std::pair<const std::basic_string<char, std::char_traits<char>, std::allocator<char>>, int>>>();
}
}
#pragma clang diagnostic pop
==== SOURCE END ====
JIT session error: Failed to materialize symbols: { (main, { _ZNSt3mapINSt7__cxx1112basic_stringIcSt11char_traitsIcESaIcEEEiSt4lessIS5_ESaISt4pairIKS5_iEEEC2Ev }) }
TClingCallFunc::make_wrapper:Failed to compile
==== SOURCE BEGIN ====
#pragma clang diagnostic push
#pragma clang diagnostic ignored "-Wformat-security"
__attribute__((used)) __attribute__((annotate("__cling__ptrcheck(off)")))
extern "C" void __jc_663(void* ret, unsigned long nary, unsigned long nargs, void** args, void* is_arena)
{
   if (nary > 1) {
   (*(std::map<std::basic_string<char, std::char_traits<char>, std::allocator<char>>, int, std::less<std::basic_string<char, std::char_traits<char>, std::allocator<char>>>, std::allocator<std::pair<const std::basic_string<char, std::char_traits<char>, std::allocator<char>>, int>>>**)ret) = (is_arena) ? ::new (*(std::map<std::basic_string<char, std::char_traits<char>, std::allocator<char>>, int, std::less<std::basic_string<char, std::char_traits<char>, std::allocator<char>>>, std::allocator<std::pair<const std::basic_string<char, std::char_traits<char>, std::allocator<char>>, int>>>**)ret) std::map<std::basic_string<char, std::char_traits<char>, std::allocator<char>>, int, std::less<std::basic_string<char, std::char_traits<char>, std::allocator<char>>>, std::allocator<std::pair<const std::basic_string<char, std::char_traits<char>, std::allocator<char>>, int>>>[nary]: new std::map<std::basic_string<char, std::char_traits<char>, std::allocator<char>>, int, std::less<std::basic_string<char, std::char_traits<char>, std::allocator<char>>>, std::allocator<std::pair<const std::basic_string<char, std::char_traits<char>, std::allocator<char>>, int>>>[nary];
   }
else {
   (*(std::map<std::basic_string<char, std::char_traits<char>, std::allocator<char>>, int, std::less<std::basic_string<char, std::char_traits<char>, std::allocator<char>>>, std::allocator<std::pair<const std::basic_string<char, std::char_traits<char>, std::allocator<char>>, int>>>**)ret) = (is_arena) ? ::new (*(std::map<std::basic_string<char, std::char_traits<char>, std::allocator<char>>, int, std::less<std::basic_string<char, std::char_traits<char>, std::allocator<char>>>, std::allocator<std::pair<const std::basic_string<char, std::char_traits<char>, std::allocator<char>>, int>>>**)ret) std::map<std::basic_string<char, std::char_traits<char>, std::allocator<char>>, int, std::less<std::basic_string<char, std::char_traits<char>, std::allocator<char>>>, std::allocator<std::pair<const std::basic_string<char, std::char_traits<char>, std::allocator<char>>, int>>>(): new std::map<std::basic_string<char, std::char_traits<char>, std::allocator<char>>, int, std::less<std::basic_string<char, std::char_traits<char>, std::allocator<char>>>, std::allocator<std::pair<const std::basic_string<char, std::char_traits<char>, std::allocator<char>>, int>>>();
}
}
#pragma clang diagnostic pop
==== SOURCE END ====
____________________ TestSTLMAP.test08_map_derived_objects _____________________

self = <test_stltypes.TestSTLMAP object at 0x7705422cd750>

    @mark.xfail(condition=IS_MAC, reason="Fails on OS X")
    def test08_map_derived_objects(self):
        """Enter derived objects through an initializer list"""
    
        import cppjit
    
        std = cppjit.gbl.std
    
        cppjit.cppdef("""\
        namespace MapInitializer {
        class Base {
        public:
            virtual ~Base() {}
        };
    
        class Derived : public Base { };
        } """)
    
        ns = cppjit.gbl.MapInitializer
    
        for mtype in (std.map, std.unordered_map):
            # dictionary style initializer; allow derived through assignment (this may slice
            # but that is the choice of the program; in this case it's fine as both are the
            # same size
>           m = mtype["std::string", ns.Base]({"aap": ns.Base(), "noot": ns.Base()})
                ^^^^^^^^^^^^^^^^^^^^^^^^^^^^^^^^^^^^^^^^^^^^^^^^^^^^^^^^^^^^^^^^^^^^
E           TypeError: Template method resolution failed:
E             none of the 9 overloaded methods succeeded. Full details:
E             map<std::basic_string<char, std::char_traits<char>, std::allocator<char>>, MapInitializer::Base, std::less<std::basic_string<char, std::char_traits<char>, std::allocator<char>>>, std::allocator<std::pair<const std::basic_string<char, std::char_traits<char>, std::allocator<char>>, MapInitializer::Base>>>::map<std::basic_string<char, std::char_traits<char>, std::allocator<char>>, MapInitializer::Base, std::less<std::basic_string<char, std::char_traits<char>, std::allocator<char>>>, std::allocator<std::pair<const std::basic_string<char, std::char_traits<char>, std::allocator<char>>, MapInitializer::Base>>>(std::initializer_list<std::map<std::basic_string<char, std::char_traits<char>, std::allocator<char>>, MapInitializer::Base, std::less<std::basic_string<char, std::char_traits<char>, std::allocator<char>>>, std::allocator<std::pair<const std::basic_string<char, std::char_traits<char>, std::allocator<char>>, MapInitializer::Base>>>::value_type> __l, const std::map<std::basic_string<char>, MapInitializer::Base>::allocator_type & __a) =>
E               TypeError: takes at least 2 arguments (0 given)
E             map<std::basic_string<char, std::char_traits<char>, std::allocator<char>>, MapInitializer::Base, std::less<std::basic_string<char, std::char_traits<char>, std::allocator<char>>>, std::allocator<std::pair<const std::basic_string<char, std::char_traits<char>, std::allocator<char>>, MapInitializer::Base>>>::map<std::basic_string<char, std::char_traits<char>, std::allocator<char>>, MapInitializer::Base, std::less<std::basic_string<char, std::char_traits<char>, std::allocator<char>>>, std::allocator<std::pair<const std::basic_string<char, std::char_traits<char>, std::allocator<char>>, MapInitializer::Base>>>(std::initializer_list<std::map<std::basic_string<char, std::char_traits<char>, std::allocator<char>>, MapInitializer::Base, std::less<std::basic_string<char, std::char_traits<char>, std::allocator<char>>>, std::allocator<std::pair<const std::basic_string<char, std::char_traits<char>, std::allocator<char>>, MapInitializer::Base>>>::value_type> __l, const std::less<std::basic_string<char>> & __comp = _Compare(), const std::map<std::basic_string<char>, MapInitializer::Base>::allocator_type & __a = allocator_type()) =>
E               TypeError: takes at least 1 arguments (0 given)
E             map<std::basic_string<char, std::char_traits<char>, std::allocator<char>>, MapInitializer::Base, std::less<std::basic_string<char, std::char_traits<char>, std::allocator<char>>>, std::allocator<std::pair<const std::basic_string<char, std::char_traits<char>, std::allocator<char>>, MapInitializer::Base>>>::map<std::basic_string<char, std::char_traits<char>, std::allocator<char>>, MapInitializer::Base, std::less<std::basic_string<char, std::char_traits<char>, std::allocator<char>>>, std::allocator<std::pair<const std::basic_string<char, std::char_traits<char>, std::allocator<char>>, MapInitializer::Base>>>(std::map<std::basic_string<char>, MapInitializer::Base> && __m, const std::__type_identity_t<std::map<std::basic_string<char, std::char_traits<char>, std::allocator<char>>, MapInitializer::Base, std::less<std::basic_string<char, std::char_traits<char>, std::allocator<char>>>, std::allocator<std::pair<const std::basic_string<char, std::char_traits<char>, std::allocator<char>>, MapInitializer::Base>>>::allocator_type> & __a) =>
E               TypeError: takes at least 2 arguments (0 given)
E             map<std::basic_string<char, std::char_traits<char>, std::allocator<char>>, MapInitializer::Base, std::less<std::basic_string<char, std::char_traits<char>, std::allocator<char>>>, std::allocator<std::pair<const std::basic_string<char, std::char_traits<char>, std::allocator<char>>, MapInitializer::Base>>>::map<std::basic_string<char, std::char_traits<char>, std::allocator<char>>, MapInitializer::Base, std::less<std::basic_string<char, std::char_traits<char>, std::allocator<char>>>, std::allocator<std::pair<const std::basic_string<char, std::char_traits<char>, std::allocator<char>>, MapInitializer::Base>>>(std::map<std::basic_string<char>, MapInitializer::Base> &&) =>
E               TypeError: takes at least 1 arguments (0 given)
E             map<std::basic_string<char, std::char_traits<char>, std::allocator<char>>, MapInitializer::Base, std::less<std::basic_string<char, std::char_traits<char>, std::allocator<char>>>, std::allocator<std::pair<const std::basic_string<char, std::char_traits<char>, std::allocator<char>>, MapInitializer::Base>>>::map<std::basic_string<char, std::char_traits<char>, std::allocator<char>>, MapInitializer::Base, std::less<std::basic_string<char, std::char_traits<char>, std::allocator<char>>>, std::allocator<std::pair<const std::basic_string<char, std::char_traits<char>, std::allocator<char>>, MapInitializer::Base>>>(const std::less<std::basic_string<char>> & __comp, const std::map<std::basic_string<char>, MapInitializer::Base>::allocator_type & __a = allocator_type()) =>
E               TypeError: takes at least 1 arguments (0 given)
E             map<std::basic_string<char, std::char_traits<char>, std::allocator<char>>, MapInitializer::Base, std::less<std::basic_string<char, std::char_traits<char>, std::allocator<char>>>, std::allocator<std::pair<const std::basic_string<char, std::char_traits<char>, std::allocator<char>>, MapInitializer::Base>>>::map<std::basic_string<char, std::char_traits<char>, std::allocator<char>>, MapInitializer::Base, std::less<std::basic_string<char, std::char_traits<char>, std::allocator<char>>>, std::allocator<std::pair<const std::basic_string<char, std::char_traits<char>, std::allocator<char>>, MapInitializer::Base>>>(const std::map<std::basic_string<char>, MapInitializer::Base>::allocator_type & __a) =>
E               TypeError: takes at least 1 arguments (0 given)
E             map<std::basic_string<char, std::char_traits<char>, std::allocator<char>>, MapInitializer::Base, std::less<std::basic_string<char, std::char_traits<char>, std::allocator<char>>>, std::allocator<std::pair<const std::basic_string<char, std::char_traits<char>, std::allocator<char>>, MapInitializer::Base>>>::map<std::basic_string<char, std::char_traits<char>, std::allocator<char>>, MapInitializer::Base, std::less<std::basic_string<char, std::char_traits<char>, std::allocator<char>>>, std::allocator<std::pair<const std::basic_string<char, std::char_traits<char>, std::allocator<char>>, MapInitializer::Base>>>(const std::map<std::basic_string<char>, MapInitializer::Base> & __m, const std::__type_identity_t<std::map<std::basic_string<char, std::char_traits<char>, std::allocator<char>>, MapInitializer::Base, std::less<std::basic_string<char, std::char_traits<char>, std::allocator<char>>>, std::allocator<std::pair<const std::basic_string<char, std::char_traits<char>, std::allocator<char>>, MapInitializer::Base>>>::allocator_type> & __a) =>
E               TypeError: takes at least 2 arguments (0 given)
E             std::map<std::basic_string<char>, MapInitializer::Base> constructor failed
E             map<std::basic_string<char, std::char_traits<char>, std::allocator<char>>, MapInitializer::Base, std::less<std::basic_string<char, std::char_traits<char>, std::allocator<char>>>, std::allocator<std::pair<const std::basic_string<char, std::char_traits<char>, std::allocator<char>>, MapInitializer::Base>>>::map<std::basic_string<char, std::char_traits<char>, std::allocator<char>>, MapInitializer::Base, std::less<std::basic_string<char, std::char_traits<char>, std::allocator<char>>>, std::allocator<std::pair<const std::basic_string<char, std::char_traits<char>, std::allocator<char>>, MapInitializer::Base>>>(const std::map<std::basic_string<char>, MapInitializer::Base> &) =>
E               TypeError: takes at least 1 arguments (0 given)
E             std::map<std::basic_string<char>, MapInitializer::Base> constructor failed

test_stltypes.py:1523: TypeError
----------------------------- Captured stderr call -----------------------------
JIT session error: Failed to materialize symbols: { (main, { _ZNSt20_Rb_tree_key_compareISt4lessINSt7__cxx1112basic_stringIcSt11char_traitsIcESaIcEEEEEC2Ev }) }
TClingCallFunc::make_wrapper:Failed to compile
==== SOURCE BEGIN ====
#pragma clang diagnostic push
#pragma clang diagnostic ignored "-Wformat-security"
__attribute__((used)) __attribute__((annotate("__cling__ptrcheck(off)")))
extern "C" void __jc_665(void* ret, unsigned long nary, unsigned long nargs, void** args, void* is_arena)
{
   if (nary > 1) {
   (*(std::map<std::basic_string<char, std::char_traits<char>, std::allocator<char>>, MapInitializer::Base, std::less<std::basic_string<char, std::char_traits<char>, std::allocator<char>>>, std::allocator<std::pair<const std::basic_string<char, std::char_traits<char>, std::allocator<char>>, MapInitializer::Base>>>**)ret) = (is_arena) ? ::new (*(std::map<std::basic_string<char, std::char_traits<char>, std::allocator<char>>, MapInitializer::Base, std::less<std::basic_string<char, std::char_traits<char>, std::allocator<char>>>, std::allocator<std::pair<const std::basic_string<char, std::char_traits<char>, std::allocator<char>>, MapInitializer::Base>>>**)ret) std::map<std::basic_string<char, std::char_traits<char>, std::allocator<char>>, MapInitializer::Base, std::less<std::basic_string<char, std::char_traits<char>, std::allocator<char>>>, std::allocator<std::pair<const std::basic_string<char, std::char_traits<char>, std::allocator<char>>, MapInitializer::Base>>>[nary]: new std::map<std::basic_string<char, std::char_traits<char>, std::allocator<char>>, MapInitializer::Base, std::less<std::basic_string<char, std::char_traits<char>, std::allocator<char>>>, std::allocator<std::pair<const std::basic_string<char, std::char_traits<char>, std::allocator<char>>, MapInitializer::Base>>>[nary];
   }
else {
   (*(std::map<std::basic_string<char, std::char_traits<char>, std::allocator<char>>, MapInitializer::Base, std::less<std::basic_string<char, std::char_traits<char>, std::allocator<char>>>, std::allocator<std::pair<const std::basic_string<char, std::char_traits<char>, std::allocator<char>>, MapInitializer::Base>>>**)ret) = (is_arena) ? ::new (*(std::map<std::basic_string<char, std::char_traits<char>, std::allocator<char>>, MapInitializer::Base, std::less<std::basic_string<char, std::char_traits<char>, std::allocator<char>>>, std::allocator<std::pair<const std::basic_string<char, std::char_traits<char>, std::allocator<char>>, MapInitializer::Base>>>**)ret) std::map<std::basic_string<char, std::char_traits<char>, std::allocator<char>>, MapInitializer::Base, std::less<std::basic_string<char, std::char_traits<char>, std::allocator<char>>>, std::allocator<std::pair<const std::basic_string<char, std::char_traits<char>, std::allocator<char>>, MapInitializer::Base>>>(): new std::map<std::basic_string<char, std::char_traits<char>, std::allocator<char>>, MapInitializer::Base, std::less<std::basic_string<char, std::char_traits<char>, std::allocator<char>>>, std::allocator<std::pair<const std::basic_string<char, std::char_traits<char>, std::allocator<char>>, MapInitializer::Base>>>();
}
}
#pragma clang diagnostic pop
==== SOURCE END ====
JIT session error: Failed to materialize symbols: { (main, { _ZNSt3mapINSt7__cxx1112basic_stringIcSt11char_traitsIcESaIcEEEN14MapInitializer4BaseESt4lessIS5_ESaISt4pairIKS5_S7_EEEC2Ev }) }
TClingCallFunc::make_wrapper:Failed to compile
==== SOURCE BEGIN ====
#pragma clang diagnostic push
#pragma clang diagnostic ignored "-Wformat-security"
__attribute__((used)) __attribute__((annotate("__cling__ptrcheck(off)")))
extern "C" void __jc_666(void* ret, unsigned long nary, unsigned long nargs, void** args, void* is_arena)
{
   if (nary > 1) {
   (*(std::map<std::basic_string<char, std::char_traits<char>, std::allocator<char>>, MapInitializer::Base, std::less<std::basic_string<char, std::char_traits<char>, std::allocator<char>>>, std::allocator<std::pair<const std::basic_string<char, std::char_traits<char>, std::allocator<char>>, MapInitializer::Base>>>**)ret) = (is_arena) ? ::new (*(std::map<std::basic_string<char, std::char_traits<char>, std::allocator<char>>, MapInitializer::Base, std::less<std::basic_string<char, std::char_traits<char>, std::allocator<char>>>, std::allocator<std::pair<const std::basic_string<char, std::char_traits<char>, std::allocator<char>>, MapInitializer::Base>>>**)ret) std::map<std::basic_string<char, std::char_traits<char>, std::allocator<char>>, MapInitializer::Base, std::less<std::basic_string<char, std::char_traits<char>, std::allocator<char>>>, std::allocator<std::pair<const std::basic_string<char, std::char_traits<char>, std::allocator<char>>, MapInitializer::Base>>>[nary]: new std::map<std::basic_string<char, std::char_traits<char>, std::allocator<char>>, MapInitializer::Base, std::less<std::basic_string<char, std::char_traits<char>, std::allocator<char>>>, std::allocator<std::pair<const std::basic_string<char, std::char_traits<char>, std::allocator<char>>, MapInitializer::Base>>>[nary];
   }
else {
   (*(std::map<std::basic_string<char, std::char_traits<char>, std::allocator<char>>, MapInitializer::Base, std::less<std::basic_string<char, std::char_traits<char>, std::allocator<char>>>, std::allocator<std::pair<const std::basic_string<char, std::char_traits<char>, std::allocator<char>>, MapInitializer::Base>>>**)ret) = (is_arena) ? ::new (*(std::map<std::basic_string<char, std::char_traits<char>, std::allocator<char>>, MapInitializer::Base, std::less<std::basic_string<char, std::char_traits<char>, std::allocator<char>>>, std::allocator<std::pair<const std::basic_string<char, std::char_traits<char>, std::allocator<char>>, MapInitializer::Base>>>**)ret) std::map<std::basic_string<char, std::char_traits<char>, std::allocator<char>>, MapInitializer::Base, std::less<std::basic_string<char, std::char_traits<char>, std::allocator<char>>>, std::allocator<std::pair<const std::basic_string<char, std::char_traits<char>, std::allocator<char>>, MapInitializer::Base>>>(): new std::map<std::basic_string<char, std::char_traits<char>, std::allocator<char>>, MapInitializer::Base, std::less<std::basic_string<char, std::char_traits<char>, std::allocator<char>>>, std::allocator<std::pair<const std::basic_string<char, std::char_traits<char>, std::allocator<char>>, MapInitializer::Base>>>();
}
}
#pragma clang diagnostic pop
==== SOURCE END ====
_______________ TestSTLITERATOR.test01_builtin_vector_iterators ________________

self = <test_stltypes.TestSTLITERATOR object at 0x7705416351d0>

    def test01_builtin_vector_iterators(self):
        """Test iterator comparison with operator== reflected"""
    
        from cppjit.gbl import std
    
        v = std.vector(int)()
        v.resize(1)
    
        b1, e1 = v.begin(), v.end()
        b2, e2 = v.begin(), v.end()
    
        assert b1 == b2
        assert not b1 != b2
    
        assert e1 == e2
        assert not e1 != e2
    
>       assert not b1 == e1
E       assert not <cppjit.gbl._...x5d8d7346e930> == <cppjit.gbl._...x5d8d70bac030>
E         
E         (pytest_assertion plugin: representation of details failed: /tmp/t/lib/python3.13/site-packages/_pytest/assertion/_guards.py:33: ReferenceError: int & __gnu_cxx::__normal_iterator<int *, std::vector<int>>::operator*() =>.
E          Probably an object has a faulty __repr__.)

test_stltypes.py:1574: AssertionError
----------------------------- Captured stderr call -----------------------------
JIT session error: In graph incr_module_2087-jitted-objectbuffer, section .eh_frame: relocation target 0x7705435980a0 (DW.ref.__gxx_personality_v0) is out of range of Delta32 fixup at address 0x7705435980a0 (<anonymous block> @ 0x7704b6192180 + 0x13)
TClingCallFunc::make_wrapper:Failed to compile
==== SOURCE BEGIN ====
#pragma clang diagnostic push
#pragma clang diagnostic ignored "-Wformat-security"
__attribute__((used)) __attribute__((annotate("__cling__ptrcheck(off)")))
extern "C" void __jc_668(void* obj, unsigned long nargs, void** args, void* ret)
{
   ((std::vector<int, std::allocator<int>>*)obj)->std::vector<int, std::allocator<int>>::resize(*(unsigned long*)args[0]);
   return;
}
#pragma clang diagnostic pop
==== SOURCE END ====
________________ TestSTLITERATOR.test04_stllike_confusing_name _________________

self = <test_stltypes.TestSTLITERATOR object at 0x770542510050>

    def test04_stllike_confusing_name(self):
        """Having "iterator" in the container name used to fail"""
    
        import cppjit
    
        cppjit.cppdef("""\
        namespace ConstainerOfIterators {
        template<typename TI>
        class iterator_range {
        public:
            iterator_range(TI b, TI e) : m_begin(b), m_end(e) {}
    
            TI begin() const { return m_begin; }
            TI end() const { return m_end; }
    
        private:
            TI m_begin;
            TI m_end;
        };
    
        class iterator {
        public:
            iterator(const int* first) : current(first) {}
    
            bool operator==(const iterator& other) const { return current == other.current; }
            const int& operator*() { return *current; }
            iterator& operator++() { ++current; return *this; }
    
        private:
            const int* current;
        };
    
        class A {
        public:
            A() : fArray{1, 2, 3, 4} {}
    
            iterator_range<iterator> members() {
                return iterator_range<iterator>(&fArray[0], &fArray[3]+1);
            }
    
        private:
            std::array<int, 4> fArray;
        }; }""")
    
        ns = cppjit.gbl.ConstainerOfIterators
    
>       a = ns.A()
            ^^^^^^
E       TypeError: none of the 3 overloaded methods succeeded. Full details:
E         A::A(ConstainerOfIterators::A &&) =>
E           TypeError: takes at least 1 arguments (0 given)
E         ConstainerOfIterators::A constructor failed
E         A::A(const ConstainerOfIterators::A &) =>
E           TypeError: takes at least 1 arguments (0 given)

test_stltypes.py:1707: TypeError
----------------------------- Captured stderr call -----------------------------
JIT session error: In graph incr_module_2174-jitted-objectbuffer, section .eh_frame: relocation target 0x7705435980a0 (DW.ref.__gxx_personality_v0) is out of range of Delta32 fixup at address 0x7705435980a0 (<anonymous block> @ 0x7704b60e5058 + 0x13)
TClingCallFunc::make_wrapper:Failed to compile
==== SOURCE BEGIN ====
#pragma clang diagnostic push
#pragma clang diagnostic ignored "-Wformat-security"
__attribute__((used)) __attribute__((annotate("__cling__ptrcheck(off)")))
extern "C" void __jc_727(void* ret, unsigned long nary, unsigned long nargs, void** args, void* is_arena)
{
   if (nary > 1) {
   (*(ConstainerOfIterators::A**)ret) = (is_arena) ? ::new (*(ConstainerOfIterators::A**)ret) ConstainerOfIterators::A[nary]: new ConstainerOfIterators::A[nary];
   }
else {
   (*(ConstainerOfIterators::A**)ret) = (is_arena) ? ::new (*(ConstainerOfIterators::A**)ret) ConstainerOfIterators::A(): new ConstainerOfIterators::A();
}
}
#pragma clang diagnostic pop
==== SOURCE END ====
______________________ TestSTLARRAY.test02_array_of_pods _______________________

self = <test_stltypes.TestSTLARRAY object at 0x770541635590>

    def test02_array_of_pods(self):
        """Usage of std::array of PODs"""
    
        from cppjit import gbl
        from cppjit.gbl import std
    
>       a = std.array[gbl.ArrayTest.Point, 4]()
            ^^^^^^^^^^^^^^^^^^^^^^^^^^^^^^^^^^^
E       TypeError: none of the 3 overloaded methods succeeded. Full details:
E         array<ArrayTest::Point, 4UL>::array<ArrayTest::Point, 4UL>(std::array<ArrayTest::Point, 4> &&) =>
E           TypeError: takes at least 1 arguments (0 given)
E         std::array<ArrayTest::Point, 4> constructor failed
E         array<ArrayTest::Point, 4UL>::array<ArrayTest::Point, 4UL>(const std::array<ArrayTest::Point, 4> &) =>
E           TypeError: takes at least 1 arguments (0 given)

test_stltypes.py:1737: TypeError
----------------------------- Captured stderr call -----------------------------
JIT session error: In graph incr_module_2194-jitted-objectbuffer, section .eh_frame: relocation target 0x7705435980a0 (DW.ref.__gxx_personality_v0) is out of range of Delta32 fixup at address 0x7705435980a0 (<anonymous block> @ 0x7704b60d907c + 0x13)
TClingCallFunc::make_wrapper:Failed to compile
==== SOURCE BEGIN ====
#pragma clang diagnostic push
#pragma clang diagnostic ignored "-Wformat-security"
__attribute__((used)) __attribute__((annotate("__cling__ptrcheck(off)")))
extern "C" void __jc_732(void* ret, unsigned long nary, unsigned long nargs, void** args, void* is_arena)
{
   if (nary > 1) {
   (*(std::array<ArrayTest::Point, 4>**)ret) = (is_arena) ? ::new (*(std::array<ArrayTest::Point, 4>**)ret) std::array<ArrayTest::Point, 4>[nary]: new std::array<ArrayTest::Point, 4>[nary];
   }
else {
   (*(std::array<ArrayTest::Point, 4>**)ret) = (is_arena) ? ::new (*(std::array<ArrayTest::Point, 4>**)ret) std::array<ArrayTest::Point, 4>(): new std::array<ArrayTest::Point, 4>();
}
}
#pragma clang diagnostic pop
==== SOURCE END ====
_________________ TestSTLARRAY.test03_array_of_pointer_to_pods _________________

self = <test_stltypes.TestSTLARRAY object at 0x770542510180>

    def test03_array_of_pointer_to_pods(self):
        """Usage of std::array of pointer to PODs"""
    
        from cppjit import gbl
        from cppjit.gbl import std
    
>       ll = [gbl.ArrayTest.Point() for i in range(4)]
              ^^^^^^^^^^^^^^^^^^^^^
E       TypeError: none of the 4 overloaded methods succeeded. Full details:
E         Point::Point(ArrayTest::Point &&) =>
E           TypeError: takes at least 1 arguments (0 given)
E         ArrayTest::Point constructor failed
E         Point::Point(int x, int y) =>
E           TypeError: takes at least 2 arguments (0 given)
E         Point::Point(const ArrayTest::Point &) =>
E           TypeError: takes at least 1 arguments (0 given)

test_stltypes.py:1764: TypeError
----------------------------- Captured stderr call -----------------------------
JIT session error: Failed to materialize symbols: { (main, { _ZN9ArrayTest5PointC2Ev }) }
TClingCallFunc::make_wrapper:Failed to compile
==== SOURCE BEGIN ====
#pragma clang diagnostic push
#pragma clang diagnostic ignored "-Wformat-security"
__attribute__((used)) __attribute__((annotate("__cling__ptrcheck(off)")))
extern "C" void __jc_733(void* ret, unsigned long nary, unsigned long nargs, void** args, void* is_arena)
{
   if (nary > 1) {
   (*(ArrayTest::Point**)ret) = (is_arena) ? ::new (*(ArrayTest::Point**)ret) ArrayTest::Point[nary]: new ArrayTest::Point[nary];
   }
else {
   (*(ArrayTest::Point**)ret) = (is_arena) ? ::new (*(ArrayTest::Point**)ret) ArrayTest::Point(): new ArrayTest::Point();
}
}
#pragma clang diagnostic pop
==== SOURCE END ====
_________ TestSTLARRAY.test05_array_of_chrono_types_should_be_iterable _________

self = <test_stltypes.TestSTLARRAY object at 0x77054244f0b0>

    def test05_array_of_chrono_types_should_be_iterable(self):
        import cppjit
    
>       cppjit.cppdef("""
        #include <chrono>
        using namespace std::chrono_literals;
        std::vector<std::chrono::nanoseconds>   vtimes  = {10ns, 500ns, 1us};
        std::array<std::chrono::nanoseconds, 3> atimes = {10ns, 500ns, 1us};
        """)

test_stltypes.py:1805: 
_ _ _ _ _ _ _ _ _ _ _ _ _ _ _ _ _ _ _ _ _ _ _ _ _ _ _ _ _ _ _ _ _ _ _ _ _ _ _ _ 

src = '\n        #include <chrono>\n        using namespace std::chrono_literals;\n        std::vector<std::chrono::nanoseco... vtimes  = {10ns, 500ns, 1us};\n        std::array<std::chrono::nanoseconds, 3> atimes = {10ns, 500ns, 1us};\n        '
verbose = True

    def cppdef(src, verbose=True):
        """Declare C++ source <src> to Cling."""
        with _stderr_capture() as err:
            errcode = gbl.Cpp.Declare(src, not verbose)
        if not errcode == 0 or err.err:
            if "warning" in err.err.lower() and "error" not in err.err.lower():
                warnings.warn(err.err, SyntaxWarning)
                return True
>           raise SyntaxError("Failed to parse the given C++ code%s" % err.err)
E           SyntaxError: Failed to parse the given C++ code

/tmp/t/lib/python3.13/site-packages/cppjit/__init__.py:229: SyntaxError
----------------------------- Captured stderr call -----------------------------
JIT session error: In graph incr_module_2199-jitted-objectbuffer, section .eh_frame: relocation target 0x7705435980a0 (DW.ref.__gxx_personality_v0) is out of range of Delta32 fixup at address 0x7705435980a0 (<anonymous block> @ 0x7704b60d5350 + 0x13)
Failed to execute via ::process:Failed to materialize symbols: { (main, { _ZNSt12_Vector_baseINSt6chrono8durationIlSt5ratioILl1ELl1000000000EEEESaIS4_EED2Ev, _ZNSt12_Vector_baseINSt6chrono8durationIlSt5ratioILl1ELl1000000000EEEESaIS4_EE11_M_allocateEm, _ZNKSt16initializer_listINSt6chrono8durationIlSt5ratioILl1ELl1000000000EEEEE3endEv, __orc_init_func.incr_module_2199, _ZNSt6vectorINSt6chrono8durationIlSt5ratioILl1ELl1000000000EEEESaIS4_EE11_S_max_sizeERKS5_, _ZNSt12_Vector_baseINSt6chrono8durationIlSt5ratioILl1ELl1000000000EEEESaIS4_EE17_Vector_impl_dataC2Ev, _ZNSt15__new_allocatorINSt6chrono8durationIlSt5ratioILl1ELl1000000000EEEEE8allocateEmPKv, _ZNSt6vectorINSt6chrono8durationIlSt5ratioILl1ELl1000000000EEEESaIS4_EE17_S_check_init_lenEmRKS5_, _ZNSt15__new_allocatorINSt6chrono8durationIlSt5ratioILl1ELl1000000000EEEEED2Ev, _ZNSt12_Vector_baseINSt6chrono8durationIlSt5ratioILl1ELl1000000000EEEESaIS4_EE19_M_get_Tp_allocatorEv, _ZSt18uninitialized_copyIPKNSt6chrono8durationIlSt5ratioILl1ELl1000000000EEEEPS4_ET0_T_S9_S8_, vtimes, _ZNSt12_Vector_baseINSt6chrono8durationIlSt5ratioILl1ELl1000000000EEEESaIS4_EE12_Vector_implC2ERKS5_, _ZSt8_DestroyIPNSt6chrono8durationIlSt5ratioILl1ELl1000000000EEEEEvT_S6_, _ZSt22__uninitialized_copy_aIPKNSt6chrono8durationIlSt5ratioILl1ELl1000000000EEEES6_PS4_S4_ET1_T_T0_S8_RSaIT2_E, _ZNSt15__new_allocatorINSt6chrono8durationIlSt5ratioILl1ELl1000000000EEEEE10deallocateEPS4_m, $.incr_module_2199.__inits.0, _ZNSt12_Vector_baseINSt6chrono8durationIlSt5ratioILl1ELl1000000000EEEESaIS4_EE12_Vector_implD2Ev, atimes, _ZNSt6vectorINSt6chrono8durationIlSt5ratioILl1ELl1000000000EEEESaIS4_EEC2ESt16initializer_listIS4_ERKS5_, _ZNSt12_Vector_baseINSt6chrono8durationIlSt5ratioILl1ELl1000000000EEEESaIS4_EE13_M_deallocateEPS4_m, _ZNKSt16initializer_listINSt6chrono8durationIlSt5ratioILl1ELl1000000000EEEEE4sizeEv, _ZNSt12_Vector_baseINSt6chrono8durationIlSt5ratioILl1ELl1000000000EEEESaIS4_EEC2ERKS5_, _ZNSt6vectorINSt6chrono8durationIlSt5ratioILl1ELl1000000000EEEESaIS4_EE21_M_range_initialize_nIPKS4_S9_EEvT_T0_m, _ZNSt6vectorINSt6chrono8durationIlSt5ratioILl1ELl1000000000EEEESaIS4_EED2Ev, _ZNKSt16initializer_listINSt6chrono8durationIlSt5ratioILl1ELl1000000000EEEEE5beginEv }) }
_______________ TestSTLSTRING_VIEW.test03_string_view_pythonize ________________

self = <test_stltypes.TestSTLSTRING_VIEW object at 0x7705425103e0>

    @mark.xfail(condition=IS_MAC, run=False, reason="Crashes on OSX")
    def test03_string_view_pythonize(self):
        """Pythonization of std::string_view"""
    
        import cppjit
    
        cppjit.cppdef("""
        std::string_view s = "Hello, World!";
        """)
    
        from cppjit.gbl import s
    
        assert s == "Hello, World!"
        assert str(s) == "Hello, World!"
    
>       cppjit.cppdef(
            """
        bool is_equal_cpp = s == "Hello, World!";
        """
        )

test_stltypes.py:1895: 
_ _ _ _ _ _ _ _ _ _ _ _ _ _ _ _ _ _ _ _ _ _ _ _ _ _ _ _ _ _ _ _ _ _ _ _ _ _ _ _ 

src = '\n        bool is_equal_cpp = s == "Hello, World!";\n        '
verbose = True

    def cppdef(src, verbose=True):
        """Declare C++ source <src> to Cling."""
        with _stderr_capture() as err:
            errcode = gbl.Cpp.Declare(src, not verbose)
        if not errcode == 0 or err.err:
            if "warning" in err.err.lower() and "error" not in err.err.lower():
                warnings.warn(err.err, SyntaxWarning)
                return True
>           raise SyntaxError("Failed to parse the given C++ code%s" % err.err)
E           SyntaxError: Failed to parse the given C++ code

/tmp/t/lib/python3.13/site-packages/cppjit/__init__.py:229: SyntaxError
----------------------------- Captured stderr call -----------------------------
JIT session error: In graph incr_module_2214-jitted-objectbuffer, section .eh_frame: relocation target 0x7705435980a0 (DW.ref.__gxx_personality_v0) is out of range of Delta32 fixup at address 0x7705435980a0 (<anonymous block> @ 0x7704b60bc104 + 0x13)
Failed to execute via ::process:Failed to materialize symbols: { (main, { _ZNKSt17basic_string_viewIcSt11char_traitsIcEE4sizeEv, $.incr_module_2214.__inits.0, _ZNSt17basic_string_viewIcSt11char_traitsIcEEC2EPKc, __orc_init_func.incr_module_2214, is_equal_cpp, _ZNSt17basic_string_viewIcSt11char_traitsIcEE10_S_compareEmm, _ZNKSt17basic_string_viewIcSt11char_traitsIcEE7compareES2_, _ZSteqIcSt11char_traitsIcEEbSt17basic_string_viewIT_T0_ENSt15__type_identityIS5_E4typeE }) }
_________________ TestSTLDEQUE.test01_deque_byvalue_regression _________________

self = <test_stltypes.TestSTLDEQUE object at 0x770541635950>

    def test01_deque_byvalue_regression(self):
        """Return by value of a deque used to crash"""
    
        import cppjit
    
        assert cppjit.cppdef("""std::deque<long double> emptyf() {
            std::deque<long double> d; d.push_back(0); return d ; }""")
>       x = cppjit.gbl.emptyf()
            ^^^^^^^^^^^^^^^^^^^
E       ValueError: std::deque<long double> emptyf() =>
E           ValueError: nullptr result where temporary expected

test_stltypes.py:1921: ValueError
---------------------------- Captured stderr setup -----------------------------
Failed to execute via ::process:Failed to materialize symbols: { (main, { __orc_init_func.incr_module_2214 }) }
----------------------------- Captured stderr call -----------------------------
JIT session error: In graph incr_module_2216-jitted-objectbuffer, section .eh_frame: relocation target 0x7705435980a0 (DW.ref.__gxx_personality_v0) is out of range of Delta32 fixup at address 0x7705435980a0 (<anonymous block> @ 0x7704b60b3774 + 0x13)
TClingCallFunc::make_wrapper:Failed to compile
==== SOURCE BEGIN ====
#pragma clang diagnostic push
#pragma clang diagnostic ignored "-Wformat-security"
__attribute__((used)) __attribute__((annotate("__cling__ptrcheck(off)")))
extern "C" void __jc_743(void* obj, unsigned long nargs, void** args, void* ret)
{
   if (ret) {
      ::new (ret) (std::deque<long double>) (((std::deque<long double> (&)())emptyf)());
      return;
   }
   else {
      (void)(((std::deque<long double> (&)())emptyf)());
      return;
   }
}
#pragma clang diagnostic pop
==== SOURCE END ====
____________________ TestSTLDEQUE.test02_deque_cpp17_style _____________________

self = <test_stltypes.TestSTLDEQUE object at 0x770541635a90>

    @mark.xfail(
        condition=IS_MAC and IS_CLING, run=False, reason="Crashes on OS X Cling"
    )
    def test02_deque_cpp17_style(self):
        """C++17 style initialization of std::deque"""
    
        import cppjit
    
        l = [1.0, 2.0, 3.0]
>       v = cppjit.gbl.std.deque(l)
            ^^^^^^^^^^^^^^^^^^^^^^^

test_stltypes.py:1934: 
_ _ _ _ _ _ _ _ _ _ _ _ _ _ _ _ _ _ _ _ _ _ _ _ _ _ _ _ _ _ _ _ _ _ _ _ _ _ _ _ 

self = <cppjit.Template 'std::deque' object at 0x7705416519d0>
args = ([1.0, 2.0, 3.0],)

    def __call__(self, *args):
        # for C++17, we're required to derive the type when using initializer syntax
        # (i.e. a tuple or list); not sure how to do that in general, but below the
        # most common cases are covered
        if args:
            args0 = args[0]
            if args0 and isinstance(args0, (tuple, list)):
                t = type(args0[0])
                if t is float:
                    t = "double"
    
                if self.__name__ in self.stl_sequence_types:
>                   return self[t](*args)
                           ^^^^^^^^^^^^^^
E                   TypeError: Template method resolution failed:
E                     none of the 9 overloaded methods succeeded. Full details:
E                     std::deque<double> constructor failed
E                     deque<double, std::allocator<double>>::deque<double, std::allocator<double>>(std::deque<double> && __x, const std::__type_identity_t<std::deque<double, std::allocator<double>>::allocator_type> & __a) =>
E                       TypeError: takes at least 2 arguments (1 given)
E                     deque<double, std::allocator<double>>::deque<double, std::allocator<double>>(std::deque<double> &&) =>
E                       TypeError: could not convert argument 1: [InstanceMoveConverter]
E                     deque<double, std::allocator<double>>::deque<double, std::allocator<double>>(const std::deque<double> & __x, const std::__type_identity_t<std::deque<double, std::allocator<double>>::allocator_type> & __a) =>
E                       TypeError: takes at least 2 arguments (1 given)
E                     deque<double, std::allocator<double>>::deque<double, std::allocator<double>>(const std::deque<double>::allocator_type & __a) =>
E                       TypeError: could not convert argument 1: [InstanceRefConverter]
E                     deque<double, std::allocator<double>>::deque<double, std::allocator<double>>(const std::deque<double> & __x) =>
E                       TypeError: could not convert argument 1: [InstanceRefConverter]
E                     deque<double, std::allocator<double>>::deque<double, std::allocator<double>>() =>
E                       TypeError: takes at most 0 arguments (1 given)
E                     deque<double, std::allocator<double>>::deque<double, std::allocator<double>>(std::deque::size_type __n, const std::deque<double>::allocator_type & __a = allocator_type()) =>
E                       TypeError: could not convert argument 1: [ULongConverter] (an integer is required)
E                     deque<double, std::allocator<double>>::deque<double, std::allocator<double>>(std::deque::size_type __n, const std::deque<double>::value_type & __value, const std::deque<double>::allocator_type & __a = allocator_type()) =>
E                       TypeError: takes at least 2 arguments (1 given)
E                     Failed to instantiate "deque(std::initializer_list<double>)"

/tmp/t/lib/python3.13/site-packages/cppjit/_cpython_cppjit.py:111: TypeError
----------------------------- Captured stderr call -----------------------------
JIT session error: Failed to materialize symbols: { (main, { _ZNKSt16initializer_listIdE3endEv }) }
TClingCallFunc::make_wrapper:Failed to compile
==== SOURCE BEGIN ====
#pragma clang diagnostic push
#pragma clang diagnostic ignored "-Wformat-security"
__attribute__((used)) __attribute__((annotate("__cling__ptrcheck(off)")))
extern "C" void __jc_744(void* ret, unsigned long nary, unsigned long nargs, void** args, void* is_arena)
{
   if (nargs == 1) {
            (*(std::deque<double, std::allocator<double>>**)ret) = (is_arena) ? ::new (*(std::deque<double, std::allocator<double>>**)ret) std::deque<double, std::allocator<double>>(*(std::initializer_list<double>*)args[0]): new std::deque<double, std::allocator<double>>(*(std::initializer_list<double>*)args[0]);
      }
   if (nargs == 2) {
            (*(std::deque<double, std::allocator<double>>**)ret) = (is_arena) ? ::new (*(std::deque<double, std::allocator<double>>**)ret) std::deque<double, std::allocator<double>>(*(std::initializer_list<double>*)args[0], (const std::allocator<double>&)*(const std::allocator<double>*)args[1]): new std::deque<double, std::allocator<double>>(*(std::initializer_list<double>*)args[0], (const std::allocator<double>&)*(const std::allocator<double>*)args[1]);
      }
}
#pragma clang diagnostic pop
==== SOURCE END ====
_______________________ TestSTLSET.test01_set_iteration ________________________

self = <test_stltypes.TestSTLSET object at 0x770541635bd0>

    def test01_set_iteration(self):
        """Iterate over a set"""
    
        import cppjit
    
>       s = cppjit.gbl.std.set[int]()
            ^^^^^^^^^^^^^^^^^^^^^^^^^
E       TypeError: Template method resolution failed:
E         none of the 9 overloaded methods succeeded. Full details:
E         set<int, std::less<int>, std::allocator<int>>::set<int, std::less<int>, std::allocator<int>>(std::initializer_list<std::set<int, std::less<int>, std::allocator<int>>::value_type> __l, const std::set<int>::allocator_type & __a) =>
E           TypeError: takes at least 2 arguments (0 given)
E         set<int, std::less<int>, std::allocator<int>>::set<int, std::less<int>, std::allocator<int>>(std::initializer_list<std::set<int, std::less<int>, std::allocator<int>>::value_type> __l, const std::less<int> & __comp = _Compare(), const std::set<int>::allocator_type & __a = allocator_type()) =>
E           TypeError: takes at least 1 arguments (0 given)
E         set<int, std::less<int>, std::allocator<int>>::set<int, std::less<int>, std::allocator<int>>(std::set<int> && __x, const std::__type_identity_t<std::set<int, std::less<int>, std::allocator<int>>::allocator_type> & __a) =>
E           TypeError: takes at least 2 arguments (0 given)
E         set<int, std::less<int>, std::allocator<int>>::set<int, std::less<int>, std::allocator<int>>(std::set<int> &&) =>
E           TypeError: takes at least 1 arguments (0 given)
E         set<int, std::less<int>, std::allocator<int>>::set<int, std::less<int>, std::allocator<int>>(const std::less<int> & __comp, const std::set<int>::allocator_type & __a = allocator_type()) =>
E           TypeError: takes at least 1 arguments (0 given)
E         set<int, std::less<int>, std::allocator<int>>::set<int, std::less<int>, std::allocator<int>>(const std::set<int>::allocator_type & __a) =>
E           TypeError: takes at least 1 arguments (0 given)
E         set<int, std::less<int>, std::allocator<int>>::set<int, std::less<int>, std::allocator<int>>(const std::set<int> & __x, const std::__type_identity_t<std::set<int, std::less<int>, std::allocator<int>>::allocator_type> & __a) =>
E           TypeError: takes at least 2 arguments (0 given)
E         std::set<int> constructor failed
E         set<int, std::less<int>, std::allocator<int>>::set<int, std::less<int>, std::allocator<int>>(const std::set<int> &) =>
E           TypeError: takes at least 1 arguments (0 given)
E         std::set<int> constructor failed

test_stltypes.py:1951: TypeError
----------------------------- Captured stderr call -----------------------------
JIT session error: Failed to materialize symbols: { (main, { _ZNSt20_Rb_tree_key_compareISt4lessIiEEC2Ev }) }
TClingCallFunc::make_wrapper:Failed to compile
==== SOURCE BEGIN ====
#pragma clang diagnostic push
#pragma clang diagnostic ignored "-Wformat-security"
__attribute__((used)) __attribute__((annotate("__cling__ptrcheck(off)")))
extern "C" void __jc_745(void* ret, unsigned long nary, unsigned long nargs, void** args, void* is_arena)
{
   if (nary > 1) {
   (*(std::set<int, std::less<int>, std::allocator<int>>**)ret) = (is_arena) ? ::new (*(std::set<int, std::less<int>, std::allocator<int>>**)ret) std::set<int, std::less<int>, std::allocator<int>>[nary]: new std::set<int, std::less<int>, std::allocator<int>>[nary];
   }
else {
   (*(std::set<int, std::less<int>, std::allocator<int>>**)ret) = (is_arena) ? ::new (*(std::set<int, std::less<int>, std::allocator<int>>**)ret) std::set<int, std::less<int>, std::allocator<int>>(): new std::set<int, std::less<int>, std::allocator<int>>();
}
}
#pragma clang diagnostic pop
==== SOURCE END ====
JIT session error: Failed to materialize symbols: { (main, { _ZNSt3setIiSt4lessIiESaIiEEC2Ev }) }
TClingCallFunc::make_wrapper:Failed to compile
==== SOURCE BEGIN ====
#pragma clang diagnostic push
#pragma clang diagnostic ignored "-Wformat-security"
__attribute__((used)) __attribute__((annotate("__cling__ptrcheck(off)")))
extern "C" void __jc_746(void* ret, unsigned long nary, unsigned long nargs, void** args, void* is_arena)
{
   if (nary > 1) {
   (*(std::set<int, std::less<int>, std::allocator<int>>**)ret) = (is_arena) ? ::new (*(std::set<int, std::less<int>, std::allocator<int>>**)ret) std::set<int, std::less<int>, std::allocator<int>>[nary]: new std::set<int, std::less<int>, std::allocator<int>>[nary];
   }
else {
   (*(std::set<int, std::less<int>, std::allocator<int>>**)ret) = (is_arena) ? ::new (*(std::set<int, std::less<int>, std::allocator<int>>**)ret) std::set<int, std::less<int>, std::allocator<int>>(): new std::set<int, std::less<int>, std::allocator<int>>();
}
}
#pragma clang diagnostic pop
==== SOURCE END ====
_______________________ TestSTLSET.test02_set_iterators ________________________

self = <test_stltypes.TestSTLSET object at 0x770541635d10>

    def test02_set_iterators(self):
        """Access to set iterators and their comparisons"""
    
        import cppjit
    
        cppjit.include("iterator")
>       s = cppjit.gbl.std.set[int]()
            ^^^^^^^^^^^^^^^^^^^^^^^^^
E       TypeError: Template method resolution failed:
E         none of the 9 overloaded methods succeeded. Full details:
E         set<int, std::less<int>, std::allocator<int>>::set<int, std::less<int>, std::allocator<int>>(std::initializer_list<std::set<int, std::less<int>, std::allocator<int>>::value_type> __l, const std::set<int>::allocator_type & __a) =>
E           TypeError: takes at least 2 arguments (0 given)
E         set<int, std::less<int>, std::allocator<int>>::set<int, std::less<int>, std::allocator<int>>(std::initializer_list<std::set<int, std::less<int>, std::allocator<int>>::value_type> __l, const std::less<int> & __comp = _Compare(), const std::set<int>::allocator_type & __a = allocator_type()) =>
E           TypeError: takes at least 1 arguments (0 given)
E         set<int, std::less<int>, std::allocator<int>>::set<int, std::less<int>, std::allocator<int>>(std::set<int> && __x, const std::__type_identity_t<std::set<int, std::less<int>, std::allocator<int>>::allocator_type> & __a) =>
E           TypeError: takes at least 2 arguments (0 given)
E         set<int, std::less<int>, std::allocator<int>>::set<int, std::less<int>, std::allocator<int>>(std::set<int> &&) =>
E           TypeError: takes at least 1 arguments (0 given)
E         set<int, std::less<int>, std::allocator<int>>::set<int, std::less<int>, std::allocator<int>>(const std::less<int> & __comp, const std::set<int>::allocator_type & __a = allocator_type()) =>
E           TypeError: takes at least 1 arguments (0 given)
E         set<int, std::less<int>, std::allocator<int>>::set<int, std::less<int>, std::allocator<int>>(const std::set<int>::allocator_type & __a) =>
E           TypeError: takes at least 1 arguments (0 given)
E         set<int, std::less<int>, std::allocator<int>>::set<int, std::less<int>, std::allocator<int>>(const std::set<int> & __x, const std::__type_identity_t<std::set<int, std::less<int>, std::allocator<int>>::allocator_type> & __a) =>
E           TypeError: takes at least 2 arguments (0 given)
E         std::set<int> constructor failed
E         set<int, std::less<int>, std::allocator<int>>::set<int, std::less<int>, std::allocator<int>>(const std::set<int> &) =>
E           TypeError: takes at least 1 arguments (0 given)
E         none of the 2 overloaded methods succeeded. Full details:
E         std::set<int> constructor failed
E         std::set<int> constructor failed

test_stltypes.py:1969: TypeError
----------------------------- Captured stderr call -----------------------------
JIT session error: Failed to materialize symbols: { (main, { _ZNSt3setIiSt4lessIiESaIiEEC2Ev }) }
TClingCallFunc::make_wrapper:Failed to compile
==== SOURCE BEGIN ====
#pragma clang diagnostic push
#pragma clang diagnostic ignored "-Wformat-security"
__attribute__((used)) __attribute__((annotate("__cling__ptrcheck(off)")))
extern "C" void __jc_747(void* ret, unsigned long nary, unsigned long nargs, void** args, void* is_arena)
{
   if (nary > 1) {
   (*(std::set<int, std::less<int>, std::allocator<int>>**)ret) = (is_arena) ? ::new (*(std::set<int, std::less<int>, std::allocator<int>>**)ret) std::set<int, std::less<int>, std::allocator<int>>[nary]: new std::set<int, std::less<int>, std::allocator<int>>[nary];
   }
else {
   (*(std::set<int, std::less<int>, std::allocator<int>>**)ret) = (is_arena) ? ::new (*(std::set<int, std::less<int>, std::allocator<int>>**)ret) std::set<int, std::less<int>, std::allocator<int>>(): new std::set<int, std::less<int>, std::allocator<int>>();
}
}
#pragma clang diagnostic pop
==== SOURCE END ====
JIT session error: Failed to materialize symbols: { (main, { _ZNSt3setIiSt4lessIiESaIiEEC2Ev }) }
TClingCallFunc::make_wrapper:Failed to compile
==== SOURCE BEGIN ====
#pragma clang diagnostic push
#pragma clang diagnostic ignored "-Wformat-security"
__attribute__((used)) __attribute__((annotate("__cling__ptrcheck(off)")))
extern "C" void __jc_748(void* ret, unsigned long nary, unsigned long nargs, void** args, void* is_arena)
{
   if (nary > 1) {
   (*(std::set<int, std::less<int>, std::allocator<int>>**)ret) = (is_arena) ? ::new (*(std::set<int, std::less<int>, std::allocator<int>>**)ret) std::set<int, std::less<int>, std::allocator<int>>[nary]: new std::set<int, std::less<int>, std::allocator<int>>[nary];
   }
else {
   (*(std::set<int, std::less<int>, std::allocator<int>>**)ret) = (is_arena) ? ::new (*(std::set<int, std::less<int>, std::allocator<int>>**)ret) std::set<int, std::less<int>, std::allocator<int>>(): new std::set<int, std::less<int>, std::allocator<int>>();
}
}
#pragma clang diagnostic pop
==== SOURCE END ====
JIT session error: Failed to materialize symbols: { (main, { _ZNSt3setIiSt4lessIiESaIiEEC2Ev }) }
TClingCallFunc::make_wrapper:Failed to compile
==== SOURCE BEGIN ====
#pragma clang diagnostic push
#pragma clang diagnostic ignored "-Wformat-security"
__attribute__((used)) __attribute__((annotate("__cling__ptrcheck(off)")))
extern "C" void __jc_749(void* ret, unsigned long nary, unsigned long nargs, void** args, void* is_arena)
{
   if (nary > 1) {
   (*(std::set<int, std::less<int>, std::allocator<int>>**)ret) = (is_arena) ? ::new (*(std::set<int, std::less<int>, std::allocator<int>>**)ret) std::set<int, std::less<int>, std::allocator<int>>[nary]: new std::set<int, std::less<int>, std::allocator<int>>[nary];
   }
else {
   (*(std::set<int, std::less<int>, std::allocator<int>>**)ret) = (is_arena) ? ::new (*(std::set<int, std::less<int>, std::allocator<int>>**)ret) std::set<int, std::less<int>, std::allocator<int>>(): new std::set<int, std::less<int>, std::allocator<int>>();
}
}
#pragma clang diagnostic pop
==== SOURCE END ====
____________________ TestSTLSET.test03_initialize_from_set _____________________

self = <test_stltypes.TestSTLSET object at 0x770542510510>

    def test03_initialize_from_set(self):
        """Test std::set initializion from Python set"""
    
        import cppjit
    
        N = 10
    
>       s = cppjit.gbl.std.set[int](set(range(N)))
            ^^^^^^^^^^^^^^^^^^^^^^^^^^^^^^^^^^^^^^
E       TypeError: Template method resolution failed:
E         none of the 9 overloaded methods succeeded. Full details:
E         set<int, std::less<int>, std::allocator<int>>::set<int, std::less<int>, std::allocator<int>>(std::initializer_list<std::set<int, std::less<int>, std::allocator<int>>::value_type> __l, const std::set<int>::allocator_type & __a) =>
E           TypeError: takes at least 2 arguments (0 given)
E         set<int, std::less<int>, std::allocator<int>>::set<int, std::less<int>, std::allocator<int>>(std::initializer_list<std::set<int, std::less<int>, std::allocator<int>>::value_type> __l, const std::less<int> & __comp = _Compare(), const std::set<int>::allocator_type & __a = allocator_type()) =>
E           TypeError: takes at least 1 arguments (0 given)
E         set<int, std::less<int>, std::allocator<int>>::set<int, std::less<int>, std::allocator<int>>(std::set<int> && __x, const std::__type_identity_t<std::set<int, std::less<int>, std::allocator<int>>::allocator_type> & __a) =>
E           TypeError: takes at least 2 arguments (0 given)
E         set<int, std::less<int>, std::allocator<int>>::set<int, std::less<int>, std::allocator<int>>(std::set<int> &&) =>
E           TypeError: takes at least 1 arguments (0 given)
E         set<int, std::less<int>, std::allocator<int>>::set<int, std::less<int>, std::allocator<int>>(const std::less<int> & __comp, const std::set<int>::allocator_type & __a = allocator_type()) =>
E           TypeError: takes at least 1 arguments (0 given)
E         set<int, std::less<int>, std::allocator<int>>::set<int, std::less<int>, std::allocator<int>>(const std::set<int>::allocator_type & __a) =>
E           TypeError: takes at least 1 arguments (0 given)
E         set<int, std::less<int>, std::allocator<int>>::set<int, std::less<int>, std::allocator<int>>(const std::set<int> & __x, const std::__type_identity_t<std::set<int, std::less<int>, std::allocator<int>>::allocator_type> & __a) =>
E           TypeError: takes at least 2 arguments (0 given)
E         std::set<int> constructor failed
E         set<int, std::less<int>, std::allocator<int>>::set<int, std::less<int>, std::allocator<int>>(const std::set<int> &) =>
E           TypeError: takes at least 1 arguments (0 given)
E         none of the 3 overloaded methods succeeded. Full details:
E         std::set<int> constructor failed
E         std::set<int> constructor failed
E         std::set<int> constructor failed

test_stltypes.py:1993: TypeError
----------------------------- Captured stderr call -----------------------------
JIT session error: Failed to materialize symbols: { (main, { _ZNSt3setIiSt4lessIiESaIiEEC2Ev }) }
TClingCallFunc::make_wrapper:Failed to compile
==== SOURCE BEGIN ====
#pragma clang diagnostic push
#pragma clang diagnostic ignored "-Wformat-security"
__attribute__((used)) __attribute__((annotate("__cling__ptrcheck(off)")))
extern "C" void __jc_750(void* ret, unsigned long nary, unsigned long nargs, void** args, void* is_arena)
{
   if (nary > 1) {
   (*(std::set<int, std::less<int>, std::allocator<int>>**)ret) = (is_arena) ? ::new (*(std::set<int, std::less<int>, std::allocator<int>>**)ret) std::set<int, std::less<int>, std::allocator<int>>[nary]: new std::set<int, std::less<int>, std::allocator<int>>[nary];
   }
else {
   (*(std::set<int, std::less<int>, std::allocator<int>>**)ret) = (is_arena) ? ::new (*(std::set<int, std::less<int>, std::allocator<int>>**)ret) std::set<int, std::less<int>, std::allocator<int>>(): new std::set<int, std::less<int>, std::allocator<int>>();
}
}
#pragma clang diagnostic pop
==== SOURCE END ====
JIT session error: Failed to materialize symbols: { (main, { _ZNSt3setIiSt4lessIiESaIiEEC2Ev }) }
TClingCallFunc::make_wrapper:Failed to compile
==== SOURCE BEGIN ====
#pragma clang diagnostic push
#pragma clang diagnostic ignored "-Wformat-security"
__attribute__((used)) __attribute__((annotate("__cling__ptrcheck(off)")))
extern "C" void __jc_751(void* ret, unsigned long nary, unsigned long nargs, void** args, void* is_arena)
{
   if (nary > 1) {
   (*(std::set<int, std::less<int>, std::allocator<int>>**)ret) = (is_arena) ? ::new (*(std::set<int, std::less<int>, std::allocator<int>>**)ret) std::set<int, std::less<int>, std::allocator<int>>[nary]: new std::set<int, std::less<int>, std::allocator<int>>[nary];
   }
else {
   (*(std::set<int, std::less<int>, std::allocator<int>>**)ret) = (is_arena) ? ::new (*(std::set<int, std::less<int>, std::allocator<int>>**)ret) std::set<int, std::less<int>, std::allocator<int>>(): new std::set<int, std::less<int>, std::allocator<int>>();
}
}
#pragma clang diagnostic pop
==== SOURCE END ====
JIT session error: Failed to materialize symbols: { (main, { _ZNSt3setIiSt4lessIiESaIiEEC2Ev }) }
TClingCallFunc::make_wrapper:Failed to compile
==== SOURCE BEGIN ====
#pragma clang diagnostic push
#pragma clang diagnostic ignored "-Wformat-security"
__attribute__((used)) __attribute__((annotate("__cling__ptrcheck(off)")))
extern "C" void __jc_752(void* ret, unsigned long nary, unsigned long nargs, void** args, void* is_arena)
{
   if (nary > 1) {
   (*(std::set<int, std::less<int>, std::allocator<int>>**)ret) = (is_arena) ? ::new (*(std::set<int, std::less<int>, std::allocator<int>>**)ret) std::set<int, std::less<int>, std::allocator<int>>[nary]: new std::set<int, std::less<int>, std::allocator<int>>[nary];
   }
else {
   (*(std::set<int, std::less<int>, std::allocator<int>>**)ret) = (is_arena) ? ::new (*(std::set<int, std::less<int>, std::allocator<int>>**)ret) std::set<int, std::less<int>, std::allocator<int>>(): new std::set<int, std::less<int>, std::allocator<int>>();
}
}
#pragma clang diagnostic pop
==== SOURCE END ====
JIT session error: Failed to materialize symbols: { (main, { _ZNSt3setIiSt4lessIiESaIiEEC2Ev }) }
TClingCallFunc::make_wrapper:Failed to compile
==== SOURCE BEGIN ====
#pragma clang diagnostic push
#pragma clang diagnostic ignored "-Wformat-security"
__attribute__((used)) __attribute__((annotate("__cling__ptrcheck(off)")))
extern "C" void __jc_753(void* ret, unsigned long nary, unsigned long nargs, void** args, void* is_arena)
{
   if (nary > 1) {
   (*(std::set<int, std::less<int>, std::allocator<int>>**)ret) = (is_arena) ? ::new (*(std::set<int, std::less<int>, std::allocator<int>>**)ret) std::set<int, std::less<int>, std::allocator<int>>[nary]: new std::set<int, std::less<int>, std::allocator<int>>[nary];
   }
else {
   (*(std::set<int, std::less<int>, std::allocator<int>>**)ret) = (is_arena) ? ::new (*(std::set<int, std::less<int>, std::allocator<int>>**)ret) std::set<int, std::less<int>, std::allocator<int>>(): new std::set<int, std::less<int>, std::allocator<int>>();
}
}
#pragma clang diagnostic pop
==== SOURCE END ====
______________________ TestSTLSET.test04_set_cpp17_style _______________________

self = <test_stltypes.TestSTLSET object at 0x770542510640>

    @mark.xfail(
        condition=IS_MAC and IS_CLING, run=False, reason="Crashes with OSX-Cling"
    )
    def test04_set_cpp17_style(self):
        """C++17 style initialization of std::set"""
    
        import cppjit
    
        l = [1.0, 2.0, 3.0]
>       v = cppjit.gbl.std.set(l)
            ^^^^^^^^^^^^^^^^^^^^^

test_stltypes.py:2014: 
_ _ _ _ _ _ _ _ _ _ _ _ _ _ _ _ _ _ _ _ _ _ _ _ _ _ _ _ _ _ _ _ _ _ _ _ _ _ _ _ 

self = <cppjit.Template 'std::set' object at 0x770541650ad0>
args = ([1.0, 2.0, 3.0],)

    def __call__(self, *args):
        # for C++17, we're required to derive the type when using initializer syntax
        # (i.e. a tuple or list); not sure how to do that in general, but below the
        # most common cases are covered
        if args:
            args0 = args[0]
            if args0 and isinstance(args0, (tuple, list)):
                t = type(args0[0])
                if t is float:
                    t = "double"
    
                if self.__name__ in self.stl_sequence_types:
>                   return self[t](*args)
                           ^^^^^^^^^^^^^^
E                   TypeError: Template method resolution failed:
E                     none of the 9 overloaded methods succeeded. Full details:
E                     set<double, std::less<double>, std::allocator<double>>::set<double, std::less<double>, std::allocator<double>>(std::initializer_list<std::set<double, std::less<double>, std::allocator<double>>::value_type> __l, const std::set<double>::allocator_type & __a) =>
E                       TypeError: takes at least 2 arguments (1 given)
E                     std::set<double> constructor failed
E                     set<double, std::less<double>, std::allocator<double>>::set<double, std::less<double>, std::allocator<double>>(std::set<double> && __x, const std::__type_identity_t<std::set<double, std::less<double>, std::allocator<double>>::allocator_type> & __a) =>
E                       TypeError: takes at least 2 arguments (1 given)
E                     set<double, std::less<double>, std::allocator<double>>::set<double, std::less<double>, std::allocator<double>>(std::set<double> &&) =>
E                       TypeError: could not convert argument 1: [InstanceMoveConverter]
E                     set<double, std::less<double>, std::allocator<double>>::set<double, std::less<double>, std::allocator<double>>(const std::less<double> & __comp, const std::set<double>::allocator_type & __a = allocator_type()) =>
E                       TypeError: could not convert argument 1: [InstanceRefConverter]
E                     set<double, std::less<double>, std::allocator<double>>::set<double, std::less<double>, std::allocator<double>>(const std::set<double>::allocator_type & __a) =>
E                       TypeError: could not convert argument 1: [InstanceRefConverter]
E                     set<double, std::less<double>, std::allocator<double>>::set<double, std::less<double>, std::allocator<double>>(const std::set<double> & __x, const std::__type_identity_t<std::set<double, std::less<double>, std::allocator<double>>::allocator_type> & __a) =>
E                       TypeError: takes at least 2 arguments (1 given)
E                     set<double, std::less<double>, std::allocator<double>>::set<double, std::less<double>, std::allocator<double>>() =>
E                       TypeError: takes at most 0 arguments (1 given)
E                     set<double, std::less<double>, std::allocator<double>>::set<double, std::less<double>, std::allocator<double>>(const std::set<double> &) =>
E                       TypeError: could not convert argument 1: [InstanceRefConverter]
E                     Failed to instantiate "set(std::initializer_list<double>)"

/tmp/t/lib/python3.13/site-packages/cppjit/_cpython_cppjit.py:111: TypeError
----------------------------- Captured stderr call -----------------------------
JIT session error: Failed to materialize symbols: { (main, { _ZNSt15_Rb_tree_headerC2Ev }) }
TClingCallFunc::make_wrapper:Failed to compile
==== SOURCE BEGIN ====
#pragma clang diagnostic push
#pragma clang diagnostic ignored "-Wformat-security"
__attribute__((used)) __attribute__((annotate("__cling__ptrcheck(off)")))
extern "C" void __jc_754(void* ret, unsigned long nary, unsigned long nargs, void** args, void* is_arena)
{
   if (nargs == 1) {
            (*(std::set<double, std::less<double>, std::allocator<double>>**)ret) = (is_arena) ? ::new (*(std::set<double, std::less<double>, std::allocator<double>>**)ret) std::set<double, std::less<double>, std::allocator<double>>(*(std::initializer_list<double>*)args[0]): new std::set<double, std::less<double>, std::allocator<double>>(*(std::initializer_list<double>*)args[0]);
      }
   if (nargs == 2) {
            (*(std::set<double, std::less<double>, std::allocator<double>>**)ret) = (is_arena) ? ::new (*(std::set<double, std::less<double>, std::allocator<double>>**)ret) std::set<double, std::less<double>, std::allocator<double>>(*(std::initializer_list<double>*)args[0], (const std::less<double>&)*(const std::less<double>*)args[1]): new std::set<double, std::less<double>, std::allocator<double>>(*(std::initializer_list<double>*)args[0], (const std::less<double>&)*(const std::less<double>*)args[1]);
      }
   if (nargs == 3) {
            (*(std::set<double, std::less<double>, std::allocator<double>>**)ret) = (is_arena) ? ::new (*(std::set<double, std::less<double>, std::allocator<double>>**)ret) std::set<double, std::less<double>, std::allocator<double>>(*(std::initializer_list<double>*)args[0], (const std::less<double>&)*(const std::less<double>*)args[1],
      (const std::allocator<double>&)*(const std::allocator<double>*)args[2]): new std::set<double, std::less<double>, std::allocator<double>>(*(std::initializer_list<double>*)args[0], (const std::less<double>&)*(const std::less<double>*)args[1],
      (const std::allocator<double>&)*(const std::allocator<double>*)args[2]);
      }
}
#pragma clang diagnostic pop
==== SOURCE END ====
__________________________ TestSTLSET.test05_contains __________________________

self = <test_stltypes.TestSTLSET object at 0x770542468950>

    def test05_contains(self):
        """Contains check should not iterate and compare"""
    
        import cppjit
    
        assert "__contains__" in cppjit.gbl.std.set[int].__dict__
    
>       S = cppjit.gbl.std.set[int](range(2**20))
            ^^^^^^^^^^^^^^^^^^^^^^^^^^^^^^^^^^^^^
E       TypeError: Template method resolution failed:
E         none of the 9 overloaded methods succeeded. Full details:
E         set<int, std::less<int>, std::allocator<int>>::set<int, std::less<int>, std::allocator<int>>(std::initializer_list<std::set<int, std::less<int>, std::allocator<int>>::value_type> __l, const std::set<int>::allocator_type & __a) =>
E           TypeError: takes at least 2 arguments (1 given)
E         std::set<int> constructor failed
E         set<int, std::less<int>, std::allocator<int>>::set<int, std::less<int>, std::allocator<int>>(std::set<int> && __x, const std::__type_identity_t<std::set<int, std::less<int>, std::allocator<int>>::allocator_type> & __a) =>
E           TypeError: takes at least 2 arguments (1 given)
E         set<int, std::less<int>, std::allocator<int>>::set<int, std::less<int>, std::allocator<int>>(std::set<int> &&) =>
E           TypeError: could not convert argument 1: [InstanceMoveConverter]
E         set<int, std::less<int>, std::allocator<int>>::set<int, std::less<int>, std::allocator<int>>(const std::less<int> & __comp, const std::set<int>::allocator_type & __a = allocator_type()) =>
E           TypeError: could not convert argument 1: [InstanceRefConverter]
E         set<int, std::less<int>, std::allocator<int>>::set<int, std::less<int>, std::allocator<int>>(const std::set<int>::allocator_type & __a) =>
E           TypeError: could not convert argument 1: [InstanceRefConverter]
E         set<int, std::less<int>, std::allocator<int>>::set<int, std::less<int>, std::allocator<int>>(const std::set<int> & __x, const std::__type_identity_t<std::set<int, std::less<int>, std::allocator<int>>::allocator_type> & __a) =>
E           TypeError: takes at least 2 arguments (1 given)
E         set<int, std::less<int>, std::allocator<int>>::set<int, std::less<int>, std::allocator<int>>() =>
E           TypeError: takes at most 0 arguments (1 given)
E         set<int, std::less<int>, std::allocator<int>>::set<int, std::less<int>, std::allocator<int>>(const std::set<int> &) =>
E           TypeError: could not convert argument 1: [InstanceRefConverter]
E         none of the 4 overloaded methods succeeded. Full details:
E         set<int, std::less<int>, std::allocator<int>>::set<int, std::less<int>, std::allocator<int>>() =>
E           TypeError: takes at most 0 arguments (1 given)
E         set<int, std::less<int>, std::allocator<int>>::set<int, std::less<int>, std::allocator<int>>() =>
E           TypeError: takes at most 0 arguments (1 given)
E         set<int, std::less<int>, std::allocator<int>>::set<int, std::less<int>, std::allocator<int>>() =>
E           TypeError: takes at most 0 arguments (1 given)
E         set<int, std::less<int>, std::allocator<int>>::set<int, std::less<int>, std::allocator<int>>() =>
E           TypeError: takes at most 0 arguments (1 given)

test_stltypes.py:2024: TypeError
----------------------------- Captured stderr call -----------------------------
JIT session error: Failed to materialize symbols: { (main, { _ZNSt4pairIPSt18_Rb_tree_node_baseS1_EC2IS1_RS1_TnNSt9enable_ifIXaaclsr5_PCCPE22_MoveConstructiblePairIT_T0_EEclsr5_PCCPE30_ImplicitlyMoveConvertiblePairIS6_S7_EEEbE4typeELb1EEEOS6_OS7_ }) }
TClingCallFunc::make_wrapper:Failed to compile
==== SOURCE BEGIN ====
#pragma clang diagnostic push
#pragma clang diagnostic ignored "-Wformat-security"
__attribute__((used)) __attribute__((annotate("__cling__ptrcheck(off)")))
extern "C" void __jc_755(void* ret, unsigned long nary, unsigned long nargs, void** args, void* is_arena)
{
   if (nargs == 1) {
            (*(std::set<int, std::less<int>, std::allocator<int>>**)ret) = (is_arena) ? ::new (*(std::set<int, std::less<int>, std::allocator<int>>**)ret) std::set<int, std::less<int>, std::allocator<int>>(*(std::initializer_list<int>*)args[0]): new std::set<int, std::less<int>, std::allocator<int>>(*(std::initializer_list<int>*)args[0]);
      }
   if (nargs == 2) {
            (*(std::set<int, std::less<int>, std::allocator<int>>**)ret) = (is_arena) ? ::new (*(std::set<int, std::less<int>, std::allocator<int>>**)ret) std::set<int, std::less<int>, std::allocator<int>>(*(std::initializer_list<int>*)args[0], (const std::less<int>&)*(const std::less<int>*)args[1]): new std::set<int, std::less<int>, std::allocator<int>>(*(std::initializer_list<int>*)args[0], (const std::less<int>&)*(const std::less<int>*)args[1]);
      }
   if (nargs == 3) {
            (*(std::set<int, std::less<int>, std::allocator<int>>**)ret) = (is_arena) ? ::new (*(std::set<int, std::less<int>, std::allocator<int>>**)ret) std::set<int, std::less<int>, std::allocator<int>>(*(std::initializer_list<int>*)args[0], (const std::less<int>&)*(const std::less<int>*)args[1],
      (const std::allocator<int>&)*(const std::allocator<int>*)args[2]): new std::set<int, std::less<int>, std::allocator<int>>(*(std::initializer_list<int>*)args[0], (const std::less<int>&)*(const std::less<int>*)args[1],
      (const std::allocator<int>&)*(const std::allocator<int>*)args[2]);
      }
}
#pragma clang diagnostic pop
==== SOURCE END ====
________________ TestSTLTUPLE.test01_tuple_creation_and_access _________________

self = <test_stltypes.TestSTLTUPLE object at 0x770541635e50>

    @mark.xfail(condition=IS_MAC, reason="Fails on OSX")
    def test01_tuple_creation_and_access(self):
        """Create tuples and access their elements"""
    
        import cppjit
    
        std = cppjit.gbl.std
    
>       t1 = std.make_tuple(1, "a")
             ^^^^^^^^^^^^^^^^^^^^^^
E       ValueError: Template method resolution failed:
E         std::tuple<int, std::basic_string<char>> std::make_tuple<int, std::basic_string<char>>(int && __args, std::basic_string<char> && __args) =>
E           ValueError: nullptr result where temporary expected

test_stltypes.py:2051: ValueError
----------------------------- Captured stderr call -----------------------------
JIT session error: In graph incr_module_2331-jitted-objectbuffer, section .eh_frame: relocation target 0x7705435980a0 (DW.ref.__gxx_personality_v0) is out of range of Delta32 fixup at address 0x7705435980a0 (<anonymous block> @ 0x7704b5cb9158 + 0x13)
TClingCallFunc::make_wrapper:Failed to compile
==== SOURCE BEGIN ====
#pragma clang diagnostic push
#pragma clang diagnostic ignored "-Wformat-security"
__attribute__((used)) __attribute__((annotate("__cling__ptrcheck(off)")))
extern "C" void __jc_756(void* obj, unsigned long nargs, void** args, void* ret)
{
   if (ret) {
      ::new (ret) (std::tuple<int, std::basic_string<char>>) (std::make_tuple<int, std::basic_string<char>>((int&&)*(int*)args[0], (std::basic_string<char>&&)*(std::basic_string<char>*)args[1]));
      return;
   }
   else {
      (void)(std::make_tuple<int, std::basic_string<char>>((int&&)*(int*)args[0], (std::basic_string<char>&&)*(std::basic_string<char>*)args[1]));
      return;
   }
}
#pragma clang diagnostic pop
==== SOURCE END ====
________________________ TestSTLTUPLE.test02_tuple_size ________________________

self = <test_stltypes.TestSTLTUPLE object at 0x770541635f90>

    @mark.xfail(condition=IS_MAC, reason="fails on OSX")
    def test02_tuple_size(self):
        """Usage of tuple_size helper class"""
    
        import cppjit
    
        std = cppjit.gbl.std
    
>       t = std.make_tuple("aap", 42, 5.0)
            ^^^^^^^^^^^^^^^^^^^^^^^^^^^^^^
E       TypeError: Template method resolution failed:
E         std::tuple<int, std::basic_string<char>> std::make_tuple<int, std::basic_string<char>>(int && __args, std::basic_string<char> && __args) =>
E           TypeError: takes at most 2 arguments (3 given)
E         std::tuple<std::basic_string<char>, int, double> std::make_tuple<std::basic_string<char>, int, double>(std::basic_string<char> && __args, int && __args, double && __args) =>
E           ValueError: nullptr result where temporary expected

test_stltypes.py:2087: TypeError
----------------------------- Captured stderr call -----------------------------
JIT session error: In graph incr_module_2333-jitted-objectbuffer, section .eh_frame: relocation target 0x7705435980a0 (DW.ref.__gxx_personality_v0) is out of range of Delta32 fixup at address 0x7705435980a0 (<anonymous block> @ 0x7704b5cb9188 + 0x13)
TClingCallFunc::make_wrapper:Failed to compile
==== SOURCE BEGIN ====
#pragma clang diagnostic push
#pragma clang diagnostic ignored "-Wformat-security"
__attribute__((used)) __attribute__((annotate("__cling__ptrcheck(off)")))
extern "C" void __jc_757(void* obj, unsigned long nargs, void** args, void* ret)
{
   if (ret) {
      ::new (ret) (std::tuple<std::basic_string<char>, int, double>) (std::make_tuple<std::basic_string<char>, int, double>((std::basic_string<char>&&)*(std::basic_string<char>*)args[0], (int&&)*(int*)args[1], (double&&)*(double*)args[2]));
      return;
   }
   else {
      (void)(std::make_tuple<std::basic_string<char>, int, double>((std::basic_string<char>&&)*(std::basic_string<char>*)args[0], (int&&)*(int*)args[1], (double&&)*(double*)args[2]));
      return;
   }
}
#pragma clang diagnostic pop
==== SOURCE END ====
________________________ TestSTLTUPLE.test03_tuple_iter ________________________

self = <test_stltypes.TestSTLTUPLE object at 0x770542510770>

    @mark.xfail(condition=IS_MAC, reason="Fails on OSX")
    def test03_tuple_iter(self):
        """Pack/unpack tuples"""
    
        import cppjit
    
        std = cppjit.gbl.std
    
>       t = std.make_tuple(1, "2", 5.0)
            ^^^^^^^^^^^^^^^^^^^^^^^^^^^
E       TypeError: Template method resolution failed:
E         none of the 2 overloaded methods succeeded. Full details:
E         std::tuple<std::basic_string<char>, int, double> std::make_tuple<std::basic_string<char>, int, double>(std::basic_string<char> && __args, int && __args, double && __args) =>
E           TypeError: could not convert argument 1: [STLStringMoveConverter]
E         std::tuple<int, std::basic_string<char>> std::make_tuple<int, std::basic_string<char>>(int && __args, std::basic_string<char> && __args) =>
E           TypeError: takes at most 2 arguments (3 given)
E         std::tuple<int, std::basic_string<char>, double> std::make_tuple<int, std::basic_string<char>, double>(int && __args, std::basic_string<char> && __args, double && __args) =>
E           ValueError: nullptr result where temporary expected

test_stltypes.py:2098: TypeError
----------------------------- Captured stderr call -----------------------------
JIT session error: Failed to materialize symbols: { (main, { _ZNSt10_Head_baseILm1ENSt7__cxx1112basic_stringIcSt11char_traitsIcESaIcEEELb0EEC2IS5_EEOT_ }) }
TClingCallFunc::make_wrapper:Failed to compile
==== SOURCE BEGIN ====
#pragma clang diagnostic push
#pragma clang diagnostic ignored "-Wformat-security"
__attribute__((used)) __attribute__((annotate("__cling__ptrcheck(off)")))
extern "C" void __jc_758(void* obj, unsigned long nargs, void** args, void* ret)
{
   if (ret) {
      ::new (ret) (std::tuple<int, std::basic_string<char>, double>) (std::make_tuple<int, std::basic_string<char>, double>((int&&)*(int*)args[0], (std::basic_string<char>&&)*(std::basic_string<char>*)args[1], (double&&)*(double*)args[2]));
      return;
   }
   else {
      (void)(std::make_tuple<int, std::basic_string<char>, double>((int&&)*(int*)args[0], (std::basic_string<char>&&)*(std::basic_string<char>*)args[1], (double&&)*(double*)args[2]));
      return;
   }
}
#pragma clang diagnostic pop
==== SOURCE END ====
______________________ TestSTLTUPLE.test04_tuple_lifeline ______________________

self = <test_stltypes.TestSTLTUPLE object at 0x7705425108a0>

    def test04_tuple_lifeline(self):
        """Tuple memory management"""
    
        import gc
    
        import cppjit
    
        std = cppjit.gbl.std
    
        cppjit.cppdef("""\
        namespace TupleLifeLine {
        struct Simple {
          Simple() : fInt(42) {}
          Simple(const Simple&) = default;
          Simple& operator=(const Simple&) = default;
          ~Simple() { fInt = -1; }
          int fInt;
        }; }""")
    
        Simple = cppjit.gbl.TupleLifeLine.Simple
    
>       s1, s2 = std.make_tuple(Simple(), Simple())
                                ^^^^^^^^
E       TypeError: none of the 2 overloaded methods succeeded. Full details:
E         TupleLifeLine::Simple constructor failed
E         Simple::Simple(const TupleLifeLine::Simple &) =>
E           TypeError: takes at least 1 arguments (0 given)

test_stltypes.py:2127: TypeError
----------------------------- Captured stderr call -----------------------------
JIT session error: In graph incr_module_2340-jitted-objectbuffer, section .eh_frame: relocation target 0x7705435980a0 (DW.ref.__gxx_personality_v0) is out of range of Delta32 fixup at address 0x7705435980a0 (<anonymous block> @ 0x7704b5cba080 + 0x13)
TClingCallFunc::make_wrapper:Failed to compile
==== SOURCE BEGIN ====
#pragma clang diagnostic push
#pragma clang diagnostic ignored "-Wformat-security"
__attribute__((used)) __attribute__((annotate("__cling__ptrcheck(off)")))
extern "C" void __jc_759(void* ret, unsigned long nary, unsigned long nargs, void** args, void* is_arena)
{
   if (nary > 1) {
   (*(TupleLifeLine::Simple**)ret) = (is_arena) ? ::new (*(TupleLifeLine::Simple**)ret) TupleLifeLine::Simple[nary]: new TupleLifeLine::Simple[nary];
   }
else {
   (*(TupleLifeLine::Simple**)ret) = (is_arena) ? ::new (*(TupleLifeLine::Simple**)ret) TupleLifeLine::Simple(): new TupleLifeLine::Simple();
}
}
#pragma clang diagnostic pop
==== SOURCE END ====
_______________________ TestSTLEXCEPTION.test02_raising ________________________

self = <test_stltypes.TestSTLEXCEPTION object at 0x770541636350>

    @mark.xfail(condition=IS_MAC, reason="Fails on OS X")
    def test02_raising(self):
        """Raise a C++ std::exception derived class as a Python excption"""
    
        import cppjit
    
        assert issubclass(cppjit.gbl.MyError, BaseException)
    
        def raiseit(cls):
            raise cls("Oops")
    
        with raises(Exception):
            raiseit(cppjit.gbl.MyError)
    
        with raises(cppjit.gbl.MyError):
            raiseit(cppjit.gbl.MyError)
    
        try:
>           raiseit(cppjit.gbl.MyError)

test_stltypes.py:2222: 
_ _ _ _ _ _ _ _ _ _ _ _ _ _ _ _ _ _ _ _ _ _ _ _ _ _ _ _ _ _ _ _ _ _ _ _ _ _ _ _ 

cls = <class 'cppjit.gbl.MyError'>

    def raiseit(cls):
>       raise cls("Oops")
E       cppjit.gbl.MyError: Oops

test_stltypes.py:2213: MyError

During handling of the above exception, another exception occurred:

self = <test_stltypes.TestSTLEXCEPTION object at 0x770541636350>

    @mark.xfail(condition=IS_MAC, reason="Fails on OS X")
    def test02_raising(self):
        """Raise a C++ std::exception derived class as a Python excption"""
    
        import cppjit
    
        assert issubclass(cppjit.gbl.MyError, BaseException)
    
        def raiseit(cls):
            raise cls("Oops")
    
        with raises(Exception):
            raiseit(cppjit.gbl.MyError)
    
        with raises(cppjit.gbl.MyError):
            raiseit(cppjit.gbl.MyError)
    
        try:
            raiseit(cppjit.gbl.MyError)
        except Exception as e:
>           assert e.what() == "Oops"
                   ^^^^^^
E           AttributeError: 'MyError' object has no attribute 'what'

test_stltypes.py:2224: AttributeError
----------------------------- Captured stderr call -----------------------------
JIT session error: In graph incr_module_2351-jitted-objectbuffer, section .eh_frame: relocation target 0x7705435980a0 (DW.ref.__gxx_personality_v0) is out of range of Delta32 fixup at address 0x7705435980a0 (<anonymous block> @ 0x7704b5cb4010 + 0x13)
TClingCallFunc::make_wrapper:Failed to compile
==== SOURCE BEGIN ====
#pragma clang diagnostic push
#pragma clang diagnostic ignored "-Wformat-security"
__attribute__((used)) __attribute__((annotate("__cling__ptrcheck(off)")))
extern "C" void __jc_762(void* ret, unsigned long nary, unsigned long nargs, void** args, void* is_arena)
{
      (*(MyError**)ret) = (is_arena) ? ::new (*(MyError**)ret) MyError((const std::basic_string<char>&)*(const std::basic_string<char>*)args[0]): new MyError((const std::basic_string<char>&)*(const std::basic_string<char>*)args[0]);
}
#pragma clang diagnostic pop
==== SOURCE END ====
JIT session error: In graph incr_module_2352-jitted-objectbuffer, section .eh_frame: relocation target 0x7705435980a0 (DW.ref.__gxx_personality_v0) is out of range of Delta32 fixup at address 0x7705435980a0 (<anonymous block> @ 0x7704b5cb4010 + 0x13)
TClingCallFunc::make_wrapper:Failed to compile
==== SOURCE BEGIN ====
#pragma clang diagnostic push
#pragma clang diagnostic ignored "-Wformat-security"
__attribute__((used)) __attribute__((annotate("__cling__ptrcheck(off)")))
extern "C" void __jc_763(void* ret, unsigned long nary, unsigned long nargs, void** args, void* is_arena)
{
      (*(MyError**)ret) = (is_arena) ? ::new (*(MyError**)ret) MyError((const std::basic_string<char>&)*(const std::basic_string<char>*)args[0]): new MyError((const std::basic_string<char>&)*(const std::basic_string<char>*)args[0]);
}
#pragma clang diagnostic pop
==== SOURCE END ====
JIT session error: In graph incr_module_2353-jitted-objectbuffer, section .eh_frame: relocation target 0x7705435980a0 (DW.ref.__gxx_personality_v0) is out of range of Delta32 fixup at address 0x7705435980a0 (<anonymous block> @ 0x7704b5cb4010 + 0x13)
TClingCallFunc::make_wrapper:Failed to compile
==== SOURCE BEGIN ====
#pragma clang diagnostic push
#pragma clang diagnostic ignored "-Wformat-security"
__attribute__((used)) __attribute__((annotate("__cling__ptrcheck(off)")))
extern "C" void __jc_764(void* ret, unsigned long nary, unsigned long nargs, void** args, void* is_arena)
{
      (*(MyError**)ret) = (is_arena) ? ::new (*(MyError**)ret) MyError((const std::basic_string<char>&)*(const std::basic_string<char>*)args[0]): new MyError((const std::basic_string<char>&)*(const std::basic_string<char>*)args[0]);
}
#pragma clang diagnostic pop
==== SOURCE END ====
________________________ TestSTLEXCEPTION.test03_memory ________________________

self = <test_stltypes.TestSTLEXCEPTION object at 0x7705425109d0>

    @mark.xfail(condition=IS_MAC_ARM or IS_MAC_X86, reason="Fails with OS X")
    def test03_memory(self):
        """Memory handling of C++ c// helper for exception base class testing"""
    
        import gc
    
        import cppjit
    
        MyError = cppjit.gbl.MyError
        YourError = cppjit.gbl.YourError
    
        gc.collect()
        assert cppjit.gbl.GetMyErrorCount() == 0
    
        m = MyError("Oops")
>       assert cppjit.gbl.GetMyErrorCount() == 1
E       AssertionError: assert 0 == 1
E        +  where 0 = <cppjit.CPPOverload object at 0x770541d012c0>()
E        +    where <cppjit.CPPOverload object at 0x770541d012c0> = <namespace cppjit.gbl at 0x5d8d6ff3ddf0>.GetMyErrorCount
E        +      where <namespace cppjit.gbl at 0x5d8d6ff3ddf0> = <module 'cppjit' from '/tmp/t/lib/python3.13/site-packages/cppjit/__init__.py'>.gbl

test_stltypes.py:2256: AssertionError
----------------------------- Captured stderr call -----------------------------
JIT session error: In graph incr_module_2355-jitted-objectbuffer, section .eh_frame: relocation target 0x7705435980a0 (DW.ref.__gxx_personality_v0) is out of range of Delta32 fixup at address 0x7705435980a0 (<anonymous block> @ 0x7704b5cb1010 + 0x13)
TClingCallFunc::make_wrapper:Failed to compile
==== SOURCE BEGIN ====
#pragma clang diagnostic push
#pragma clang diagnostic ignored "-Wformat-security"
__attribute__((used)) __attribute__((annotate("__cling__ptrcheck(off)")))
extern "C" void __jc_766(void* ret, unsigned long nary, unsigned long nargs, void** args, void* is_arena)
{
      (*(MyError**)ret) = (is_arena) ? ::new (*(MyError**)ret) MyError((const std::basic_string<char>&)*(const std::basic_string<char>*)args[0]): new MyError((const std::basic_string<char>&)*(const std::basic_string<char>*)args[0]);
}
#pragma clang diagnostic pop
==== SOURCE END ====
_______________________ TestSTLEXCEPTION.test04_from_cpp _______________________

self = <test_stltypes.TestSTLEXCEPTION object at 0x770542510b00>

    @mark.xfail(condition=IS_MAC_ARM, run=False, reason="Seg Faults on OSX-ARM")
    def test04_from_cpp(self):
        """Catch C++ exceptiosn from C++"""
    
        if ispypy:
            skip("currently terminates")
    
        import gc
    
        import cppjit
    
        gc.collect()
        assert cppjit.gbl.GetMyErrorCount() == 0
    
        with raises(cppjit.gbl.MyError):
>           cppjit.gbl.ErrorNamespace.throw_error(0)
E           Exception: void ErrorNamespace::throw_error(int i) =>
E               Exception: first error (C++ exception)

test_stltypes.py:2305: Exception
----------------------------- Captured stderr call -----------------------------
JIT session error: In graph incr_module_2357-jitted-objectbuffer, section .eh_frame: relocation target 0x7705435980a0 (DW.ref.__gxx_personality_v0) is out of range of Delta32 fixup at address 0x7705435980a0 (<anonymous block> @ 0x7704b5cae010 + 0x13)
TClingCallFunc::make_wrapper:Failed to compile
==== SOURCE BEGIN ====
#pragma clang diagnostic push
#pragma clang diagnostic ignored "-Wformat-security"
__attribute__((used)) __attribute__((annotate("__cling__ptrcheck(off)")))
extern "C" void __jc_768(void* ret, unsigned long nary, unsigned long nargs, void** args, void* is_arena)
{
      (*(MyError**)ret) = (is_arena) ? ::new (*(MyError**)ret) MyError((const MyError&)*(const MyError*)args[0]): new MyError((const MyError&)*(const MyError*)args[0]);
}
#pragma clang diagnostic pop
==== SOURCE END ====
__________________________ TestSTLANY.test01_make_any __________________________

self = <test_stltypes.TestSTLANY object at 0x770541636710>

    def test01_make_any(self):
        """
        Test that std::make_any can be used for class types.
        """
        import cppjit
    
        cppjit.cppdef("""
        #include <any>
    
        namespace STLANY {
    
        class MyClass{};
    
        } // namespace STLANY
        """)
    
        my_inst = cppjit.gbl.STLANY.MyClass()
    
>       cppjit.gbl.std.make_any["STLANY::MyClass*", "STLANY::MyClass*"](my_inst)
E       ValueError: Could not find "make_any<STLANY::MyClass*,STLANY::MyClass*>" (set cppjit.set_debug() for C++ errors):
E         std::any std::make_any<STLANY::MyClass *, STLANY::MyClass *>(STLANY::MyClass *&& __args) =>
E           ValueError: nullptr result where temporary expected

test_stltypes.py:2459: ValueError
----------------------------- Captured stderr call -----------------------------
JIT session error: In graph incr_module_2370-jitted-objectbuffer, section .eh_frame: relocation target 0x7705435980a0 (DW.ref.__gxx_personality_v0) is out of range of Delta32 fixup at address 0x7705435980a0 (<anonymous block> @ 0x7704b5ca4168 + 0x13)
TClingCallFunc::make_wrapper:Failed to compile
==== SOURCE BEGIN ====
#pragma clang diagnostic push
#pragma clang diagnostic ignored "-Wformat-security"
__attribute__((used)) __attribute__((annotate("__cling__ptrcheck(off)")))
extern "C" void __jc_770(void* obj, unsigned long nargs, void** args, void* ret)
{
   if (ret) {
      ::new (ret) (typename std::enable_if<true, std::any>::type) (std::make_any<STLANY::MyClass *, STLANY::MyClass *>((STLANY::MyClass *&&)*(STLANY::MyClass **)args[0]));
      return;
   }
   else {
      (void)(std::make_any<STLANY::MyClass *, STLANY::MyClass *>((STLANY::MyClass *&&)*(STLANY::MyClass **)args[0]));
      return;
   }
}
#pragma clang diagnostic pop
==== SOURCE END ====
____________________ TestTEMPLATES.test04_variadic_function ____________________

self = <test_templates.TestTEMPLATES object at 0x770551f9d490>

    @mark.xfail(condition=IS_MAC, reason="Fails on OS X")
    def test04_variadic_function(self):
        """Call a variadic function"""
    
        import cppjit
    
        std = cppjit.gbl.std
    
>       s = std.ostringstream("(", std.ios_base.ate)
            ^^^^^^^^^^^^^^^^^^^^^^^^^^^^^^^^^^^^^^^^
E       TypeError: none of the 4 overloaded methods succeeded. Full details:
E         basic_ostringstream<char>::basic_ostringstream<char>(std::basic_ostringstream<char> && __rhs) =>
E           TypeError: takes at most 1 arguments (2 given)
E         basic_ostringstream<char>::basic_ostringstream<char>() =>
E           TypeError: takes at most 0 arguments (2 given)
E         basic_ostringstream<char>::basic_ostringstream<char>(std::ios_base::openmode __mode) =>
E           TypeError: takes at most 1 arguments (2 given)
E         std::basic_ostringstream<char> constructor failed

test_templates.py:147: TypeError
----------------------------- Captured stderr call -----------------------------
Failed to GetVariableOffset:Symbols not found: [ _ZNSt8ios_base11__noreplaceE ]
JIT session error: In graph incr_module_2444-jitted-objectbuffer, section .eh_frame: relocation target 0x7705435980a0 (DW.ref.__gxx_personality_v0) is out of range of Delta32 fixup at address 0x7705435980a0 (<anonymous block> @ 0x7704b5c35020 + 0x13)
TClingCallFunc::make_wrapper:Failed to compile
==== SOURCE BEGIN ====
#pragma clang diagnostic push
#pragma clang diagnostic ignored "-Wformat-security"
__attribute__((used)) __attribute__((annotate("__cling__ptrcheck(off)")))
extern "C" void __jc_804(void* ret, unsigned long nary, unsigned long nargs, void** args, void* is_arena)
{
   if (nargs == 1) {
            (*(std::basic_ostringstream<char, std::char_traits<char>, std::allocator<char>>**)ret) = (is_arena) ? ::new (*(std::basic_ostringstream<char, std::char_traits<char>, std::allocator<char>>**)ret) std::basic_ostringstream<char, std::char_traits<char>, std::allocator<char>>((const std::basic_string<char>&)*(const std::basic_string<char>*)args[0]): new std::basic_ostringstream<char, std::char_traits<char>, std::allocator<char>>((const std::basic_string<char>&)*(const std::basic_string<char>*)args[0]);
      }
   if (nargs == 2) {
            (*(std::basic_ostringstream<char, std::char_traits<char>, std::allocator<char>>**)ret) = (is_arena) ? ::new (*(std::basic_ostringstream<char, std::char_traits<char>, std::allocator<char>>**)ret) std::basic_ostringstream<char, std::char_traits<char>, std::allocator<char>>((const std::basic_string<char>&)*(const std::basic_string<char>*)args[0], *(enum std::_Ios_Openmode*)args[1]): new std::basic_ostringstream<char, std::char_traits<char>, std::allocator<char>>((const std::basic_string<char>&)*(const std::basic_string<char>*)args[0], *(enum std::_Ios_Openmode*)args[1]);
      }
}
#pragma clang diagnostic pop
==== SOURCE END ====
_____________________ TestTEMPLATES.test06_variadic_sfinae _____________________

self = <test_templates.TestTEMPLATES object at 0x77054168c050>

    @mark.xfail(condition=IS_MAC, reason="Fails on OSX")
    def test06_variadic_sfinae(self):
        """Attribute testing through SFINAE"""
    
        import cppjit
    
        cppjit.gbl.AttrTesting  # load
        from cppjit.gbl.AttrTesting import Obj1, Obj2, call_has_var1, has_var1
        from cppjit.gbl.std import move
    
        assert has_var1(Obj1()) == hasattr(Obj1(), "var1")
        assert has_var1(Obj2()) == hasattr(Obj2(), "var1")
        assert has_var1(3) == hasattr(3, "var1")
>       assert has_var1("aap") == hasattr("aap", "var1")
               ^^^^^^^^^^^^^^^
E       TypeError: Template method resolution failed:
E         none of the 3 overloaded methods succeeded. Full details:
E         bool AttrTesting::has_var1<AttrTesting::Obj1>(AttrTesting::Obj1 t) =>
E           TypeError: could not convert argument 1: [InstanceConverter]
E         bool AttrTesting::has_var1<AttrTesting::Obj2>(AttrTesting::Obj2) =>
E           TypeError: could not convert argument 1: [InstanceConverter]
E         bool AttrTesting::has_var1<int>(int) =>
E           TypeError: could not convert argument 1: [IntConverter] (int conversion expects an integer object)
E         bool AttrTesting::has_var1<std::basic_string<char>>(std::basic_string<char>) =>
E           runtime_error: failed to resolve function

test_templates.py:183: TypeError
----------------------------- Captured stderr call -----------------------------
JIT session error: In graph incr_module_2470-jitted-objectbuffer, section .eh_frame: relocation target 0x7705435980a0 (DW.ref.__gxx_personality_v0) is out of range of Delta32 fixup at address 0x7705435980a0 (<anonymous block> @ 0x7704b5c14058 + 0x13)
TClingCallFunc::make_wrapper:Failed to compile
==== SOURCE BEGIN ====
#pragma clang diagnostic push
#pragma clang diagnostic ignored "-Wformat-security"
__attribute__((used)) __attribute__((annotate("__cling__ptrcheck(off)")))
extern "C" void __jc_816(void* obj, unsigned long nargs, void** args, void* ret)
{
   if (ret) {
      ::new (ret) (bool) (AttrTesting::has_var1<std::basic_string<char>>(*(std::basic_string<char>*)args[0]));
      return;
   }
   else {
      (void)(AttrTesting::has_var1<std::basic_string<char>>(*(std::basic_string<char>*)args[0]));
      return;
   }
}
#pragma clang diagnostic pop
==== SOURCE END ====
__________________ TestTEMPLATES.test08_using_of_static_data ___________________

self = <test_templates.TestTEMPLATES object at 0x7705422cc050>

    def test08_using_of_static_data(self):
        """Derived class using static data of base"""
    
        import cppjit
    
        cppjit.cppdef("""
        template <typename T> struct BaseClassWithStatic {
            static T const ref_value;
        };
    
        template <typename T>
        T const BaseClassWithStatic<T>::ref_value = 42;
    
        template <typename T>
        struct DerivedClassUsingStatic : public BaseClassWithStatic<T> {
            using BaseClassWithStatic<T>::ref_value;
    
            explicit DerivedClassUsingStatic(T x) : BaseClassWithStatic<T>() {
                m_value = x > ref_value ? ref_value : x;
            }
    
            T m_value;
        };""")
    
        assert cppjit.gbl.BaseClassWithStatic["size_t"].ref_value == 42
    
>       b1 = cppjit.gbl.DerivedClassUsingStatic["size_t"](0)
             ^^^^^^^^^^^^^^^^^^^^^^^^^^^^^^^^^^^^^^^^^^^^^^^
E       TypeError: none of the 3 overloaded methods succeeded. Full details:
E         DerivedClassUsingStatic<unsigned long>::DerivedClassUsingStatic<unsigned long>(DerivedClassUsingStatic<unsigned long> &&) =>
E           TypeError: could not convert argument 1: [InstanceMoveConverter]
E         DerivedClassUsingStatic<unsigned long>::DerivedClassUsingStatic<unsigned long>(const DerivedClassUsingStatic<unsigned long> &) =>
E           TypeError: could not convert argument 1: [InstanceRefConverter]
E         DerivedClassUsingStatic<unsigned long> constructor failed

test_templates.py:233: TypeError
----------------------------- Captured stderr call -----------------------------
JIT session error: In graph incr_module_2482-jitted-objectbuffer, section .eh_frame: relocation target 0x7705435980a0 (DW.ref.__gxx_personality_v0) is out of range of Delta32 fixup at address 0x7705435980a0 (<anonymous block> @ 0x7704b5c14048 + 0x13)
TClingCallFunc::make_wrapper:Failed to compile
==== SOURCE BEGIN ====
#pragma clang diagnostic push
#pragma clang diagnostic ignored "-Wformat-security"
__attribute__((used)) __attribute__((annotate("__cling__ptrcheck(off)")))
extern "C" void __jc_817(void* ret, unsigned long nary, unsigned long nargs, void** args, void* is_arena)
{
      (*(DerivedClassUsingStatic<unsigned long>**)ret) = (is_arena) ? ::new (*(DerivedClassUsingStatic<unsigned long>**)ret) DerivedClassUsingStatic<unsigned long>(*(unsigned long*)args[0]): new DerivedClassUsingStatic<unsigned long>(*(unsigned long*)args[0]);
}
#pragma clang diagnostic pop
==== SOURCE END ====
_____________________ TestTEMPLATES.test11_templated_ctor ______________________

self = <test_templates.TestTEMPLATES object at 0x77054245e350>

    def test11_templated_ctor(self):
        """Test templated constructors"""
    
        import cppjit
    
        cppjit.cppdef("""\
        template <typename T>
        class RTTest_SomeClassWithTCtor {
        public:
            template<typename R>
            RTTest_SomeClassWithTCtor(int n, R val) : m_double(n+val) {}
            double m_double;
        };
    
        namespace RTTest_SomeNamespace {
            template <typename T>
            class RTTest_SomeClassWithTCtor {
            public:
                RTTest_SomeClassWithTCtor() : m_double(-1.) {}
                template<typename R>
                RTTest_SomeClassWithTCtor(int n, R val) : m_double(n+val) {}
                double m_double;
            };
        } """)
    
        from cppjit import gbl
    
        assert (
>           round(gbl.RTTest_SomeClassWithTCtor[int](1, 3.1).m_double - 4.1, 8) == 0.0
                  ^^^^^^^^^^^^^^^^^^^^^^^^^^^^^^^^^^^^^^^^^^
        )
E       TypeError: Template method resolution failed:
E         none of the 2 overloaded methods succeeded. Full details:
E         RTTest_SomeClassWithTCtor<int>::RTTest_SomeClassWithTCtor<int>(RTTest_SomeClassWithTCtor<int> &&) =>
E           TypeError: takes at most 1 arguments (2 given)
E         RTTest_SomeClassWithTCtor<int>::RTTest_SomeClassWithTCtor<int>(const RTTest_SomeClassWithTCtor<int> &) =>
E           TypeError: takes at most 1 arguments (2 given)
E         RTTest_SomeClassWithTCtor<int> constructor failed

test_templates.py:291: TypeError
----------------------------- Captured stderr call -----------------------------
JIT session error: In graph incr_module_2504-jitted-objectbuffer, section .eh_frame: relocation target 0x7705435980a0 (DW.ref.__gxx_personality_v0) is out of range of Delta32 fixup at address 0x7705435980a0 (<anonymous block> @ 0x7704b5bf9050 + 0x13)
TClingCallFunc::make_wrapper:Failed to compile
==== SOURCE BEGIN ====
#pragma clang diagnostic push
#pragma clang diagnostic ignored "-Wformat-security"
__attribute__((used)) __attribute__((annotate("__cling__ptrcheck(off)")))
extern "C" void __jc_827(void* ret, unsigned long nary, unsigned long nargs, void** args, void* is_arena)
{
      (*(RTTest_SomeClassWithTCtor<int>**)ret) = (is_arena) ? ::new (*(RTTest_SomeClassWithTCtor<int>**)ret) RTTest_SomeClassWithTCtor<int>(*(int*)args[0], *(double*)args[1]): new RTTest_SomeClassWithTCtor<int>(*(int*)args[0], *(double*)args[1]);
}
#pragma clang diagnostic pop
==== SOURCE END ====
____________________ TestTEMPLATES.test12_template_aliases _____________________

self = <test_templates.TestTEMPLATES object at 0x77054245de10>

    @mark.xfail(condition=IS_CLING, run=False, reason="Crashes on Cling")
    def test12_template_aliases(self):
        """Access to templates made available with 'using'"""
    
        import cppjit
    
        nsup = cppjit.gbl.using_problem
    
        # through dictionary
        davec = cppjit.gbl.DA_vector["float"]()
        davec += range(10)
        assert davec[5] == 5
    
        # through interpreter
        cppjit.cppdef("template<typename T> using IA_vector = std::vector<T>;")
        iavec = cppjit.gbl.IA_vector["float"]()
        iavec += range(10)
        assert iavec[5] == 5
    
        # with variadic template
        assert nsup.matryoshka[int, 3].type
        assert nsup.matryoshka[int, 3, 4].type
        assert nsup.make_vector[int, 3]
>       assert nsup.make_vector[int, 3]().m_val == 3
               ^^^^^^^^^^^^^^^^^^^^^^^^^^
E       TypeError: none of the 3 overloaded methods succeeded. Full details:
E         vector<int, 3UL>::vector<int, 3UL>(using_problem::vector<int, 3> &&) =>
E           TypeError: takes at least 1 arguments (0 given)
E         using_problem::vector<int, 3> constructor failed
E         vector<int, 3UL>::vector<int, 3UL>(const using_problem::vector<int, 3> &) =>
E           TypeError: takes at least 1 arguments (0 given)

test_templates.py:321: TypeError
----------------------------- Captured stderr call -----------------------------
JIT session error: In graph incr_module_2514-jitted-objectbuffer, section .eh_frame: relocation target 0x7705435980a0 (DW.ref.__gxx_personality_v0) is out of range of Delta32 fixup at address 0x7705435980a0 (<anonymous block> @ 0x7704b5bf9058 + 0x13)
TClingCallFunc::make_wrapper:Failed to compile
==== SOURCE BEGIN ====
#pragma clang diagnostic push
#pragma clang diagnostic ignored "-Wformat-security"
__attribute__((used)) __attribute__((annotate("__cling__ptrcheck(off)")))
extern "C" void __jc_828(void* ret, unsigned long nary, unsigned long nargs, void** args, void* is_arena)
{
   if (nary > 1) {
   (*(using_problem::vector<int, 3>**)ret) = (is_arena) ? ::new (*(using_problem::vector<int, 3>**)ret) using_problem::vector<int, 3>[nary]: new using_problem::vector<int, 3>[nary];
   }
else {
   (*(using_problem::vector<int, 3>**)ret) = (is_arena) ? ::new (*(using_problem::vector<int, 3>**)ret) using_problem::vector<int, 3>(): new using_problem::vector<int, 3>();
}
}
#pragma clang diagnostic pop
==== SOURCE END ====
________________________ TestTEMPLATES.test16_variadic _________________________

self = <test_templates.TestTEMPLATES object at 0x7705414aea40>

    @mark.xfail(condition=IS_MAC, reason="Fails on OS X")
    def test16_variadic(self):
        """Range of variadic templates"""
    
        import cppjit
    
        ns = cppjit.gbl.some_variadic
    
        def get_tn(ns):
            # helper to make all platforms look the same
            tn = ns.gTypeName
            tn = tn.replace(" ", "")
            tn = tn.replace("class", "")
            tn = tn.replace("__cdecl", "")
            tn = tn.replace("__thiscall", "")
            tn = tn.replace("__ptr64", "")
            return tn
    
        # templated class
>       a = ns.A["int", "double"]()
            ^^^^^^^^^^^^^^^^^^^^^^^
E       TypeError: none of the 3 overloaded methods succeeded. Full details:
E         A<int, double>::A<int, double>(some_variadic::A<int, double> &&) =>
E           TypeError: takes at least 1 arguments (0 given)
E         some_variadic::A<int, double> constructor failed
E         A<int, double>::A<int, double>(const some_variadic::A<int, double> &) =>
E           TypeError: takes at least 1 arguments (0 given)

test_templates.py:421: TypeError
----------------------------- Captured stderr call -----------------------------
JIT session error: In graph incr_module_2563-jitted-objectbuffer, section .eh_frame: relocation target 0x7705435980a0 (DW.ref.__gxx_personality_v0) is out of range of Delta32 fixup at address 0x7705435980a0 (<anonymous block> @ 0x7704b5bb8108 + 0x13)
TClingCallFunc::make_wrapper:Failed to compile
==== SOURCE BEGIN ====
#pragma clang diagnostic push
#pragma clang diagnostic ignored "-Wformat-security"
__attribute__((used)) __attribute__((annotate("__cling__ptrcheck(off)")))
extern "C" void __jc_850(void* ret, unsigned long nary, unsigned long nargs, void** args, void* is_arena)
{
   if (nary > 1) {
   (*(some_variadic::A<int, double>**)ret) = (is_arena) ? ::new (*(some_variadic::A<int, double>**)ret) some_variadic::A<int, double>[nary]: new some_variadic::A<int, double>[nary];
   }
else {
   (*(some_variadic::A<int, double>**)ret) = (is_arena) ? ::new (*(some_variadic::A<int, double>**)ret) some_variadic::A<int, double>(): new some_variadic::A<int, double>();
}
}
#pragma clang diagnostic pop
==== SOURCE END ====
_________________ TestTEMPLATES.test19_templated_operator_add __________________

self = <test_templates.TestTEMPLATES object at 0x77054173c690>

    @mark.xfail(condition=IS_CLING, reason="Fails on Cling")
    def test19_templated_operator_add(self):
        """Templated operator+ is ambiguous: either __pos__ or __add__"""
    
        import cppjit
        import cppjit.gbl as gbl
    
        cppjit.cppdef("""\
        namespace OperatorAddTest {
        template <class V>
        class CustomVec {
            V fX;
        public:
            CustomVec() : fX(0) {}
            CustomVec(const V & a) : fX(a) { }
            V X()  const { return fX; }
            template <class fV> CustomVec operator + (const fV& v) {
                CustomVec<V> u;
                u.fX = fX + v.fX;
                return u;
            }
        }; }""")
    
>       c = gbl.OperatorAddTest.CustomVec["double"](5.3)
            ^^^^^^^^^^^^^^^^^^^^^^^^^^^^^^^^^^^^^^^^^^^^
E       TypeError: none of the 4 overloaded methods succeeded. Full details:
E         CustomVec<double>::CustomVec<double>(OperatorAddTest::CustomVec<double> &&) =>
E           TypeError: could not convert argument 1: [InstanceMoveConverter]
E         CustomVec<double>::CustomVec<double>() =>
E           TypeError: takes at most 0 arguments (1 given)
E         OperatorAddTest::CustomVec<double> constructor failed
E         CustomVec<double>::CustomVec<double>(const OperatorAddTest::CustomVec<double> &) =>
E           TypeError: could not convert argument 1: [InstanceRefConverter]

test_templates.py:532: TypeError
----------------------------- Captured stderr call -----------------------------
JIT session error: In graph incr_module_2611-jitted-objectbuffer, section .eh_frame: relocation target 0x7705435980a0 (DW.ref.__gxx_personality_v0) is out of range of Delta32 fixup at address 0x7705435980a0 (<anonymous block> @ 0x7704b5b8a048 + 0x13)
TClingCallFunc::make_wrapper:Failed to compile
==== SOURCE BEGIN ====
#pragma clang diagnostic push
#pragma clang diagnostic ignored "-Wformat-security"
__attribute__((used)) __attribute__((annotate("__cling__ptrcheck(off)")))
extern "C" void __jc_866(void* ret, unsigned long nary, unsigned long nargs, void** args, void* is_arena)
{
      (*(OperatorAddTest::CustomVec<double>**)ret) = (is_arena) ? ::new (*(OperatorAddTest::CustomVec<double>**)ret) OperatorAddTest::CustomVec<double>((const double&)*(const double*)args[0]): new OperatorAddTest::CustomVec<double>((const double&)*(const double*)args[0]);
}
#pragma clang diagnostic pop
==== SOURCE END ====
______________ TestTEMPLATES.test20_templated_ctor_with_defaults _______________

self = <test_templates.TestTEMPLATES object at 0x7705416029f0>

    def test20_templated_ctor_with_defaults(self):
        """Templated constructor with defaults used to be ignored"""
    
        import cppjit
    
        cppjit.cppdef("""\
        namespace TemplatedCtor {
        class C {
        public:
            template <typename Integer, typename std::enable_if_t<std::is_integral_v<Integer>, int> = 0>
            C(Integer) {}
            C(const std::string&) {}
        }; } """)
    
>       assert cppjit.gbl.TemplatedCtor.C(0)
               ^^^^^^^^^^^^^^^^^^^^^^^^^^^^^
E       TypeError: Template method resolution failed:
E         none of the 3 overloaded methods succeeded. Full details:
E         C::C(TemplatedCtor::C &&) =>
E           TypeError: could not convert argument 1: [InstanceMoveConverter]
E         C::C(const std::string &) =>
E           TypeError: could not convert argument 1: [STLStringConverter]
E         C::C(const TemplatedCtor::C &) =>
E           TypeError: could not convert argument 1: [InstanceRefConverter]
E         TemplatedCtor::C constructor failed

test_templates.py:553: TypeError
----------------------------- Captured stderr call -----------------------------
JIT session error: In graph incr_module_2617-jitted-objectbuffer, section .eh_frame: relocation target 0x7705435980a0 (DW.ref.__gxx_personality_v0) is out of range of Delta32 fixup at address 0x7705435980a0 (<anonymous block> @ 0x7704b5b8a048 + 0x13)
TClingCallFunc::make_wrapper:Failed to compile
==== SOURCE BEGIN ====
#pragma clang diagnostic push
#pragma clang diagnostic ignored "-Wformat-security"
__attribute__((used)) __attribute__((annotate("__cling__ptrcheck(off)")))
extern "C" void __jc_867(void* ret, unsigned long nary, unsigned long nargs, void** args, void* is_arena)
{
      (*(TemplatedCtor::C**)ret) = (is_arena) ? ::new (*(TemplatedCtor::C**)ret) TemplatedCtor::C(*(int*)args[0]): new TemplatedCtor::C(*(int*)args[0]);
}
#pragma clang diagnostic pop
==== SOURCE END ====
_____________ TestTEMPLATES.test21_type_deduction_with_conversion ______________

self = <test_templates.TestTEMPLATES object at 0x770542021950>

    def test21_type_deduction_with_conversion(self):
        """Template instantiation with [] -> std::vector conversion"""
    
        import cppjit
    
        cppjit.cppdef("""\
        namespace l2v {
        struct Base {};
        struct Derived : Base {};
    
        int test1(const std::vector<Base*>& v) { return (int)v.size(); }
    
        template <typename T>
        int test2(const std::vector<Derived*>& v) { return (int)v.size(); }
    
        template <typename T>
        int test2a(std::vector<Derived*> v) { return v.size(); }
    
        template <typename T>
        int test3(const std::vector<Base*>& v) { return (int)v.size(); }
        }""")
    
        from cppjit.gbl import l2v
    
        d1 = l2v.Derived()
    
>       assert l2v.test1([d1]) == 1
E       assert 0 == 1
E        +  where 0 = <cppjit.CPPOverload object at 0x77054269d100>([<cppjit.gbl.l2v.Derived object at 0x5d8d73b814f0>])
E        +    where <cppjit.CPPOverload object at 0x77054269d100> = <namespace cppjit.gbl.l2v at 0x5d8d73ee2890>.test1

test_templates.py:581: AssertionError
----------------------------- Captured stderr call -----------------------------
JIT session error: In graph incr_module_2652-jitted-objectbuffer, section .eh_frame: relocation target 0x7705435980a0 (DW.ref.__gxx_personality_v0) is out of range of Delta32 fixup at address 0x7705435980a0 (<anonymous block> @ 0x7704b5b821e0 + 0x13)
TClingCallFunc::make_wrapper:Failed to compile
==== SOURCE BEGIN ====
#pragma clang diagnostic push
#pragma clang diagnostic ignored "-Wformat-security"
__attribute__((used)) __attribute__((annotate("__cling__ptrcheck(off)")))
extern "C" void __jc_870(void* obj, unsigned long nargs, void** args, void* ret)
{
   ((std::vector<l2v::Base *, std::allocator<l2v::Base *>>*)obj)->std::vector<l2v::Base *, std::allocator<l2v::Base *>>::reserve(*(unsigned long*)args[0]);
   return;
}
#pragma clang diagnostic pop
==== SOURCE END ====
JIT session error: Failed to materialize symbols: { (main, { _ZNSt12_Vector_baseIPN3l2v4BaseESaIS2_EE13_M_deallocateEPS2_m }) }
TClingCallFunc::make_wrapper:Failed to compile
==== SOURCE BEGIN ====
#pragma clang diagnostic push
#pragma clang diagnostic ignored "-Wformat-security"
__attribute__((used)) __attribute__((annotate("__cling__ptrcheck(off)")))
extern "C" void __jc_871(void* obj, unsigned long nargs, void** args, void* ret)
{
   ((std::vector<l2v::Base *, std::allocator<l2v::Base *>>*)obj)->std::vector<l2v::Base *, std::allocator<l2v::Base *>>::push_back((l2v::Base *&&)*(l2v::Base **)args[0]);
   return;
}
#pragma clang diagnostic pop
==== SOURCE END ====
JIT session error: Failed to materialize symbols: { (main, { _ZNSt12_Vector_baseIPN3l2v4BaseESaIS2_EE13_M_deallocateEPS2_m }) }
make_dtor_wrapperFailed to compile
==== SOURCE BEGIN ====
__attribute__((used)) extern "C" void __dtor_873(void* obj, unsigned long nary, int withFree)
{
   if (withFree) {
      if (!nary) {
         delete (std::vector<l2v::Base *, std::allocator<l2v::Base *>>*) obj;
      }
      else {
         delete[] (std::vector<l2v::Base *, std::allocator<l2v::Base *>>*) obj;
      }
   }
   else {
      typedef std::vector<l2v::Base *, std::allocator<l2v::Base *>> Nm;
if (!nary) {
         ((Nm*)obj)->~Nm();
      }
      else {
         do {
            (((Nm*)obj)+(--nary))->~Nm();
         } while (nary);
      }
   }
}

  ==== SOURCE END ====
___________________ TestTEMPLATES.test23_overloaded_setitem ____________________

self = <test_templates.TestTEMPLATES object at 0x77054174c600>

    def test23_overloaded_setitem(self):
        """Template with overloaded non-templated and templated setitem"""
    
        import cppjit
    
        MyVec = cppjit.gbl.TemplateWithSetItem.MyVec
    
>       v = MyVec["float"](2)
            ^^^^^^^^^^^^^^^^^
E       TypeError: none of the 3 overloaded methods succeeded. Full details:
E         MyVec<float>::MyVec<float>(TemplateWithSetItem::MyVec<float> &&) =>
E           TypeError: could not convert argument 1: [InstanceMoveConverter]
E         TemplateWithSetItem::MyVec<float> constructor failed
E         MyVec<float>::MyVec<float>(const TemplateWithSetItem::MyVec<float> &) =>
E           TypeError: could not convert argument 1: [InstanceRefConverter]

test_templates.py:615: TypeError
----------------------------- Captured stderr call -----------------------------
JIT session error: Failed to materialize symbols: { (main, { _ZSt17__size_to_integerm }) }
TClingCallFunc::make_wrapper:Failed to compile
==== SOURCE BEGIN ====
#pragma clang diagnostic push
#pragma clang diagnostic ignored "-Wformat-security"
__attribute__((used)) __attribute__((annotate("__cling__ptrcheck(off)")))
extern "C" void __jc_876(void* ret, unsigned long nary, unsigned long nargs, void** args, void* is_arena)
{
      (*(TemplateWithSetItem::MyVec<float>**)ret) = (is_arena) ? ::new (*(TemplateWithSetItem::MyVec<float>**)ret) TemplateWithSetItem::MyVec<float>(*(unsigned long*)args[0]): new TemplateWithSetItem::MyVec<float>(*(unsigned long*)args[0]);
}
#pragma clang diagnostic pop
==== SOURCE END ====
_____________ TestTEMPLATES.test24_stdfunction_templated_arguments _____________

self = <test_templates.TestTEMPLATES object at 0x77054174c830>

    @mark.xfail(
        condition=IS_VALGRIND and IS_LINUX_ARM and IS_CLING,
        run=False,
        reason="Crashes on Valgind Cling-ARM",
    )
    def test24_stdfunction_templated_arguments(self):
        """Use of std::function with templated arguments"""
    
        import cppjit
    
        def callback(x):
            return sum(x)
    
        cppjit.cppdef("""double callback_vector(
            const std::function<double(std::vector<double>)>& callback, std::vector<double> x) {
                return callback(x);
        }""")
    
        assert cppjit.gbl.std.function["double(std::vector<double>)"]
    
>       assert cppjit.gbl.callback_vector(callback, [1, 2, 3]) == 6
               ^^^^^^^^^^^^^^^^^^^^^^^^^^^^^^^^^^^^^^^^^^^^^^^
E       TypeError: double callback_vector(const std::function<double (std::vector<double>)> & callback, std::vector<double> x) =>
E           TypeError: could not convert argument 1: [StdFunctionConverter]

test_templates.py:638: TypeError
----------------------------- Captured stderr call -----------------------------
JIT session error: In graph incr_module_2678-jitted-objectbuffer, section .text: relocation target 0x7705411d8b0c (_ZNSt10unique_ptrIN6cppjit5cpyrt9ConverterESt8functionIFvPS2_EEED2Ev:0x7705411d8b10 + 0xfffffffffffffffc) is out of range of Delta32 fixup at address 0x7705411d8b10 (_ZN17__cppjit_internal11fptr_wrap11ESt6vectorIdSaIdEE, 0x7704b5b71000 + 0xf9)
______________ TestTEMPLATES.test25_stdfunction_ref_and_ptr_args _______________

self = <test_templates.TestTEMPLATES object at 0x770551fa6210>

    @mark.xfail(
        condition=IS_VALGRIND and IS_LINUX_ARM,
        run=False,
        reason="Crashes on Valgrind-ARM",
    )
    def test25_stdfunction_ref_and_ptr_args(self):
        """Use of std::function with reference or pointer args"""
    
        # used to fail b/c type trimming threw away end ')' together with '*' or '&'
    
        import cppjit
    
        cppjit.cppdef("""\
        namespace LambdaAndTemplates {
        template <typename T>
        struct S {};
    
        template <typename T>
        bool f(const std::function<bool(const S<T>&)>& callback) {
            return callback({});
        }
    
        template <typename T>
        bool f_noref(const std::function<bool(const S<T>)>& callback) {
            return callback({});
        }
    
        struct S0 {};
    
        bool f_notemplate(const std::function<bool(const S0&)>& callback) {
            return callback({});
        } }""")
    
        ns = cppjit.gbl.LambdaAndTemplates
    
>       assert ns.f_noref[int](lambda arg: True)
               ^^^^^^^^^^^^^^^^^^^^^^^^^^^^^^^^^
E       TypeError: Could not find "f_noref<int>" (set cppjit.set_debug() for C++ errors):
E         bool LambdaAndTemplates::f_noref<int>(const std::function<bool (const LambdaAndTemplates::S<int>)> & callback) =>
E           TypeError: could not convert argument 1: [StdFunctionConverter]

test_templates.py:684: TypeError
----------------------------- Captured stderr call -----------------------------
JIT session error: In graph incr_module_2681-jitted-objectbuffer, section .text: relocation target 0x7705411d8b0c (_ZNSt10unique_ptrIN6cppjit5cpyrt9ConverterESt8functionIFvPS2_EEED2Ev:0x7705411d8b10 + 0xfffffffffffffffc) is out of range of Delta32 fixup at address 0x7705411d8b10 (_ZN17__cppjit_internal11fptr_wrap12EN18LambdaAndTemplates1SIiEE, 0x7704b5b71000 + 0xed)
__________________ TestTEMPLATES.test27_variadic_constructor ___________________

self = <test_templates.TestTEMPLATES object at 0x770541627de0>

    def test27_variadic_constructor(self):
        """Use of variadic template function as contructor"""
    
        import cppjit
    
        cppjit.cppdef("""\
        namespace VadiadicConstructor {
        class Atom {
        public:
            using mass_type = double;
    
            Atom() {}
    
            template<typename... Args>
            explicit Atom(const mass_type& mass_in, Args&&... args) :
              Atom(std::forward<Args>(args)...) {
                constexpr bool is_mass =
                  std::disjunction_v<std::is_same<std::decay_t<Args>, mass_type>...>;
                static_assert(!is_mass, "Please only provide one mass");
                mass() = mass_in;
            }
    
            mass_type& mass() noexcept {
                return m_m;
            }
    
            mass_type m_m = 0.0;
        }; }""")
    
        ns = cppjit.gbl.VadiadicConstructor
    
>       a = ns.Atom(1567.0)
            ^^^^^^^^^^^^^^^
E       TypeError: Template method resolution failed:
E         none of the 3 overloaded methods succeeded. Full details:
E         Atom::Atom(VadiadicConstructor::Atom &&) =>
E           TypeError: could not convert argument 1: [InstanceMoveConverter]
E         Atom::Atom() =>
E           TypeError: takes at most 0 arguments (1 given)
E         Atom::Atom(const VadiadicConstructor::Atom &) =>
E           TypeError: could not convert argument 1: [InstanceRefConverter]
E         VadiadicConstructor::Atom constructor failed

test_templates.py:812: TypeError
----------------------------- Captured stderr call -----------------------------
JIT session error: In graph incr_module_2706-jitted-objectbuffer, section .eh_frame: relocation target 0x7705435980a0 (DW.ref.__gxx_personality_v0) is out of range of Delta32 fixup at address 0x7705435980a0 (<anonymous block> @ 0x7704b5b51088 + 0x13)
TClingCallFunc::make_wrapper:Failed to compile
==== SOURCE BEGIN ====
#pragma clang diagnostic push
#pragma clang diagnostic ignored "-Wformat-security"
__attribute__((used)) __attribute__((annotate("__cling__ptrcheck(off)")))
extern "C" void __jc_890(void* ret, unsigned long nary, unsigned long nargs, void** args, void* is_arena)
{
      (*(VadiadicConstructor::Atom**)ret) = (is_arena) ? ::new (*(VadiadicConstructor::Atom**)ret) VadiadicConstructor::Atom((const double&)*(const double*)args[0]): new VadiadicConstructor::Atom((const double&)*(const double*)args[0]);
}
#pragma clang diagnostic pop
==== SOURCE END ====
___________________ TestTEMPLATES.test28_enum_in_constructor ___________________

self = <test_templates.TestTEMPLATES object at 0x770541627e80>

    @mark.xfail(condition=IS_MAC, reason="Fails on OS X ")
    def test28_enum_in_constructor(self):
        """Use of enums in template function as constructor"""
    
        import cppjit
    
        cppjit.cppdef("""\
        namespace EnumConstructor {
        struct ST {
            enum TI { I32 };
        };
    
        struct FS {
            enum R { EQ, NE, GT, GE, LT, LE };
    
            template<typename T>
            FS(const std::string&, const ST::TI, R, const T&e) {}
        }; }""")
    
        ns = cppjit.gbl.EnumConstructor
    
>       assert ns.FS("i", ns.ST.I32, ns.FS.EQ, 10)
               ^^^^^^^^^^^^^^^^^^^^^^^^^^^^^^^^^^^
E       TypeError: Template method resolution failed:
E         none of the 2 overloaded methods succeeded. Full details:
E         FS::FS(EnumConstructor::FS &&) =>
E           TypeError: takes at most 1 arguments (4 given)
E         FS::FS(const EnumConstructor::FS &) =>
E           TypeError: takes at most 1 arguments (4 given)
E         EnumConstructor::FS constructor failed

test_templates.py:836: TypeError
----------------------------- Captured stderr call -----------------------------
JIT session error: In graph incr_module_2714-jitted-objectbuffer, section .eh_frame: relocation target 0x7705435980a0 (DW.ref.__gxx_personality_v0) is out of range of Delta32 fixup at address 0x7705435980a0 (<anonymous block> @ 0x7704b5b51050 + 0x13)
TClingCallFunc::make_wrapper:Failed to compile
==== SOURCE BEGIN ====
#pragma clang diagnostic push
#pragma clang diagnostic ignored "-Wformat-security"
__attribute__((used)) __attribute__((annotate("__cling__ptrcheck(off)")))
extern "C" void __jc_891(void* ret, unsigned long nary, unsigned long nargs, void** args, void* is_arena)
{
      (*(EnumConstructor::FS**)ret) = (is_arena) ? ::new (*(EnumConstructor::FS**)ret) EnumConstructor::FS((const std::basic_string<char>&)*(const std::basic_string<char>*)args[0], *(const enum EnumConstructor::ST::TI*)args[1],
   *(enum EnumConstructor::FS::R*)args[2], (const int&)*(const int*)args[3]): new EnumConstructor::FS((const std::basic_string<char>&)*(const std::basic_string<char>*)args[0], *(const enum EnumConstructor::ST::TI*)args[1],
   *(enum EnumConstructor::FS::R*)args[2], (const int&)*(const int*)args[3]);
}
#pragma clang diagnostic pop
==== SOURCE END ====
______________ TestTEMPLATES.test29_function_ptr_as_template_arg _______________

self = <test_templates.TestTEMPLATES object at 0x770541627f70>

    @mark.xfail(
        condition=IS_VALGRIND and IS_LINUX_ARM,
        run=False,
        reason="Crashes on Valgrind-ARM",
    )
    def test29_function_ptr_as_template_arg(self):
        """Function pointers as template arguments"""
    
        import cppjit
    
        # different templates used to prevent memoization caches resolving calls
        cppjit.cppdef("""\
        namespace FPTA { // Function Pointer as Template Argument
        struct EventId { int fId; };
        struct Time { double fSeconds; };
        struct Node { int fData; };
    
        class Simulator {
        public:
            template <typename... Us, typename... Ts>
            static EventId Schedule1 (Time const &delay, EventId (*f)(Us...), Ts&&... args) {
                return f(args...);
            }
            template <typename... Us, typename... Ts>
            static EventId Schedule2 (Time const &delay, EventId (*f)(Us...), Ts&&... args) {
                return f(args...);
            }
            template <typename... Us, typename... Ts>
            static EventId Schedule3 (Time const &delay, EventId (*f)(Us...), Ts&&... args) {
                return f(args...);
            }
            template <typename... Us, typename... Ts>
            static EventId Schedule4 (Time const &delay, EventId (*f)(Us...), Ts&&... args) {
                return f(args...);
            }
            template <typename... Us, typename... Ts>
            static EventId Schedule5 (Time const &delay, EventId (*f)(Us...), Ts&&... args) {
                return f(args...);
            }
            template <typename... Us, typename... Ts>
            static EventId Schedule6 (Time const &delay, EventId (*f)(Us...), Ts&&... args) {
                return f(args...);
            }
        };
    
        EventId cpp_adapt(Node& n) {
            return EventId{n.fData};
        } }""")
    
        ns = cppjit.gbl.FPTA
    
        def adapt(node):
            return ns.EventId(node.fData)
    
        adapt.__cpp_name__ = "FPTA::EventId (*)(FPTA::Node&)"
    
        def ann_adapt(node: "FPTA::Node&") -> ns.EventId:  # noqa: F722
            return ns.EventId(node.fData)
    
        def ann_ref_mod(node: "FPTA::Node&") -> ns.EventId:  # noqa: F722
            ev_id = ns.EventId(node.fData)
            node.fData = 81
            return ev_id
    
        s = ns.Simulator()
    
        # based on reflected __cpp_name__
        assert s.Schedule1(ns.Time(1.0), ns.cpp_adapt, ns.Node(42)).fId == 42
        assert (
            s.Schedule2["FPTA::Node&"](ns.Time(1.0), ns.cpp_adapt, ns.Node(37)).fId
            == 37
        )
    
        # based on explicit __cpp_name__
>       assert s.Schedule3(ns.Time(1.0), adapt, ns.Node(57)).fId == 57
               ^^^^^^^^^^^^^^^^^^^^^^^^^^^^^^^^^^^^^^^^^^^^^
E       TypeError: Template method resolution failed:
E         static FPTA::EventId FPTA::Simulator::Schedule3<FPTA::Node &, FPTA::Node &>(const FPTA::Time & delay, FPTA::EventId (*)(FPTA::Node &) f, FPTA::Node & args) =>
E           TypeError: could not convert argument 2: [FunctionPointerConverter]
E         Failed to instantiate "Schedule3(::FPTA::Time*,FPTA::EventId (*)(FPTA::Node&),::FPTA::Node*)"
E         static FPTA::EventId FPTA::Simulator::Schedule3<FPTA::Node &, FPTA::Node>(const FPTA::Time & delay, FPTA::EventId (*)(FPTA::Node &) f, FPTA::Node && args) =>
E           TypeError: could not convert argument 2: [FunctionPointerConverter]

test_templates.py:913: TypeError
----------------------------- Captured stderr call -----------------------------
JIT session error: In graph incr_module_2750-jitted-objectbuffer, section .text: relocation target 0x7705411d8b0c (_ZNSt10unique_ptrIN6cppjit5cpyrt9ConverterESt8functionIFvPS2_EEED2Ev:0x7705411d8b10 + 0xfffffffffffffffc) is out of range of Delta32 fixup at address 0x7705411d8b10 (_ZN17__cppjit_internal11fptr_wrap13ERN4FPTA4NodeE, 0x7704b5b2f000 + 0xf4)
JIT session error: In graph incr_module_2757-jitted-objectbuffer, section .text: relocation target 0x7705411d8b0c (_ZNSt10unique_ptrIN6cppjit5cpyrt9ConverterESt8functionIFvPS2_EEED2Ev:0x7705411d8b10 + 0xfffffffffffffffc) is out of range of Delta32 fixup at address 0x7705411d8b10 (_ZN17__cppjit_internal11fptr_wrap14ERN4FPTA4NodeE, 0x7704b5b2f000 + 0xf4)
__________________ TestTEMPLATES.test31_ltlt_in_template_name __________________

self = <test_templates.TestTEMPLATES object at 0x7705416193b0>

    @mark.xfail(condition=IS_CLING, run=False, reason="Crashed with Cling")
    def test31_ltlt_in_template_name(self):
        """Verify lookup of template names with << in the name"""
    
        import cppjit
    
        cppjit.cppdef("""\
        namespace TestSomeLut {
        template<class T, uint8_t X, uint8_t Y>
        struct Lut {
            Lut() { }
            constexpr size_t size() const noexcept { return (1<<X)+1; }
    
            std::array<T, 3>          data1;
            std::array<T, X>          data2;
            std::array<T, 2*X>        data3;
            std::array<T, 16385>      data4;
            std::array<T, (1UL<<(std::size_t)3)+1UL> data5;
            std::array<T, ((1<<3)+1)> data6;
            std::array<T, ((1<<X)+1)> data7;
            static int constexpr array_size = X<<2;
            std::array<T, array_size> data8;
        };
    
        template<class T, uint8_t X, uint8_t Y, uint32_t asize=((1<<X)+1)>
        struct Lut2 {
            Lut2() { }
            constexpr size_t size() const noexcept { return (1<<X)+1; }
    
            std::array<T, asize>      data;
        }; }
    
        std::array<int, (1UL<<(std::size_t)3)+1UL> gLutData5;
        std::array<int, ((1<<3)+1)>                gLutData6;
        static int constexpr array_size = 14<<2;
        std::array<int, array_size>                gLutData8;
        """)
    
        ns = cppjit.gbl.TestSomeLut
    
        X, Y = 14, 15
>       lut = ns.Lut[int, X, Y]()
              ^^^^^^^^^^^^^^^^^^^
E       TypeError: none of the 3 overloaded methods succeeded. Full details:
E         Lut<int, (unsigned char)'\x0e', (unsigned char)'\x0f'>::Lut<int, (unsigned char)'\x0e', (unsigned char)'\x0f'>(TestSomeLut::Lut<int, '\x0e', '\x0f'> &&) =>
E           TypeError: takes at least 1 arguments (0 given)
E         TestSomeLut::Lut<int, '\x0e', '\x0f'> constructor failed
E         Lut<int, (unsigned char)'\x0e', (unsigned char)'\x0f'>::Lut<int, (unsigned char)'\x0e', (unsigned char)'\x0f'>(const TestSomeLut::Lut<int, '\x0e', '\x0f'> &) =>
E           TypeError: takes at least 1 arguments (0 given)

test_templates.py:995: TypeError
----------------------------- Captured stderr call -----------------------------
JIT session error: In graph incr_module_2778-jitted-objectbuffer, section .eh_frame: relocation target 0x7705435980a0 (DW.ref.__gxx_personality_v0) is out of range of Delta32 fixup at address 0x7705435980a0 (<anonymous block> @ 0x7704b5b2a058 + 0x13)
TClingCallFunc::make_wrapper:Failed to compile
==== SOURCE BEGIN ====
#pragma clang diagnostic push
#pragma clang diagnostic ignored "-Wformat-security"
__attribute__((used)) __attribute__((annotate("__cling__ptrcheck(off)")))
extern "C" void __jc_906(void* ret, unsigned long nary, unsigned long nargs, void** args, void* is_arena)
{
   if (nary > 1) {
   (*(TestSomeLut::Lut<int, '\x0e', '\x0f'>**)ret) = (is_arena) ? ::new (*(TestSomeLut::Lut<int, '\x0e', '\x0f'>**)ret) TestSomeLut::Lut<int, '\x0e', '\x0f'>[nary]: new TestSomeLut::Lut<int, '\x0e', '\x0f'>[nary];
   }
else {
   (*(TestSomeLut::Lut<int, '\x0e', '\x0f'>**)ret) = (is_arena) ? ::new (*(TestSomeLut::Lut<int, '\x0e', '\x0f'>**)ret) TestSomeLut::Lut<int, '\x0e', '\x0f'>(): new TestSomeLut::Lut<int, '\x0e', '\x0f'>();
}
}
#pragma clang diagnostic pop
==== SOURCE END ====
________________ TestTEMPLATES.test34_cstring_template_argument ________________

self = <test_templates.TestTEMPLATES object at 0x77054161a120>

    @mark.xfail(
        condition=IS_MAC, run=IS_CLANG_REPL, reason="fails on OSX & crashes with cling"
    )
    def test34_cstring_template_argument(self):
        """`const char*` use over std::string"""
    
        import ctypes
    
        import cppjit
    
        cppjit.cppdef(r"""\
        namespace CStringTemplateArg {
        template <typename... Args>
        std::string stringify(Args&&... args) {
            std::ostringstream o;
            ((o << args << ' '),...);
            return o.str();
        } }""")
    
        ns = cppjit.gbl.CStringTemplateArg
    
        assert type(ns.stringify("Alice")) == cppjit.gbl.std.string
>       assert ns.stringify("Alice", "Bob") == "Alice Bob "
E       AssertionError: assert b'' == 'Alice Bob '
E        +  where b'' = <cppjit.TemplateProxy object at 0x770541ec9490>('Alice', 'Bob')
E        +    where <cppjit.TemplateProxy object at 0x770541ec9490> = <namespace cppjit.gbl.CStringTemplateArg at 0x5d8d76103b40>.stringify

test_templates.py:1253: AssertionError
----------------------------- Captured stderr call -----------------------------
JIT session error: In graph incr_module_3696-jitted-objectbuffer, section .eh_frame: relocation target 0x7705435980a0 (DW.ref.__gxx_personality_v0) is out of range of Delta32 fixup at address 0x7705435980a0 (<anonymous block> @ 0x7704b63eb048 + 0x13)
TClingCallFunc::make_wrapper:Failed to compile
==== SOURCE BEGIN ====
#pragma clang diagnostic push
#pragma clang diagnostic ignored "-Wformat-security"
__attribute__((used)) __attribute__((annotate("__cling__ptrcheck(off)")))
extern "C" void __jc_909(void* obj, unsigned long nargs, void** args, void* ret)
{
   if (ret) {
      ::new (ret) (std::string) (CStringTemplateArg::stringify<std::basic_string<char>>((std::basic_string<char>&&)*(std::basic_string<char>*)args[0]));
      return;
   }
   else {
      (void)(CStringTemplateArg::stringify<std::basic_string<char>>((std::basic_string<char>&&)*(std::basic_string<char>*)args[0]));
      return;
   }
}
#pragma clang diagnostic pop
==== SOURCE END ====
JIT session error: In graph incr_module_3698-jitted-objectbuffer, section .eh_frame: relocation target 0x7705435980a0 (DW.ref.__gxx_personality_v0) is out of range of Delta32 fixup at address 0x7705435980a0 (<anonymous block> @ 0x7704b63eb050 + 0x13)
TClingCallFunc::make_wrapper:Failed to compile
==== SOURCE BEGIN ====
#pragma clang diagnostic push
#pragma clang diagnostic ignored "-Wformat-security"
__attribute__((used)) __attribute__((annotate("__cling__ptrcheck(off)")))
extern "C" void __jc_910(void* obj, unsigned long nargs, void** args, void* ret)
{
   if (ret) {
      ::new (ret) (std::string) (CStringTemplateArg::stringify<std::basic_string<char>, std::basic_string<char>>((std::basic_string<char>&&)*(std::basic_string<char>*)args[0], (std::basic_string<char>&&)*(std::basic_string<char>*)args[1]));
      return;
   }
   else {
      (void)(CStringTemplateArg::stringify<std::basic_string<char>, std::basic_string<char>>((std::basic_string<char>&&)*(std::basic_string<char>*)args[0], (std::basic_string<char>&&)*(std::basic_string<char>*)args[1]));
      return;
   }
}
#pragma clang diagnostic pop
==== SOURCE END ====
JIT session error: Failed to materialize symbols: { (main, { _ZNSt7__cxx1112basic_stringIcSt11char_traitsIcESaIcEE5beginEv }) }
TClingCallFunc::make_wrapper:Failed to compile
==== SOURCE BEGIN ====
#pragma clang diagnostic push
#pragma clang diagnostic ignored "-Wformat-security"
__attribute__((used)) __attribute__((annotate("__cling__ptrcheck(off)")))
extern "C" void __jc_911(void* obj, unsigned long nargs, void** args, void* ret)
{
   if (ret) {
      ::new (ret) (std::basic_string<char>::iterator) (((std::basic_string<char, std::char_traits<char>, std::allocator<char>>*)obj)->std::basic_string<char, std::char_traits<char>, std::allocator<char>>::begin());
      return;
   }
   else {
      (void)(((std::basic_string<char, std::char_traits<char>, std::allocator<char>>*)obj)->std::basic_string<char, std::char_traits<char>, std::allocator<char>>::begin());
      return;
   }
}
#pragma clang diagnostic pop
==== SOURCE END ====
JIT session error: Failed to materialize symbols: { (main, { _ZNKSt7__cxx1112basic_stringIcSt11char_traitsIcESaIcEE5beginEv }) }
TClingCallFunc::make_wrapper:Failed to compile
==== SOURCE BEGIN ====
#pragma clang diagnostic push
#pragma clang diagnostic ignored "-Wformat-security"
__attribute__((used)) __attribute__((annotate("__cling__ptrcheck(off)")))
extern "C" void __jc_912(void* obj, unsigned long nargs, void** args, void* ret)
{
   if (ret) {
      ::new (ret) (std::basic_string<char>::const_iterator) (((const std::basic_string<char, std::char_traits<char>, std::allocator<char>>*)obj)->std::basic_string<char, std::char_traits<char>, std::allocator<char>>::begin());
      return;
   }
   else {
      (void)(((const std::basic_string<char, std::char_traits<char>, std::allocator<char>>*)obj)->std::basic_string<char, std::char_traits<char>, std::allocator<char>>::begin());
      return;
   }
}
#pragma clang diagnostic pop
==== SOURCE END ====
___________________ TestTEMPLATES.test36_templated_callbacks ___________________

self = <test_templates.TestTEMPLATES object at 0x770541619450>

    @mark.xfail(condition=IS_MAC, reason="Conversion fails in OSX")
    def test36_templated_callbacks(self):
        import cppjit
        from cppjit import gbl
    
        cppjit.cppdef(
            r"""
        struct ERDataFrame {
            size_t rows = 0;
            std::vector<double> cols;
    
        private:
            ERDataFrame(size_t n, std::vector<double> c) : rows(n), cols(c) {}
    
        public:
            ERDataFrame() {}
            template <typename R, typename... T>
            ERDataFrame Define(std::string name, R (*f)(T...)) {
                auto copy = cols;
                size_t I = rows;
                auto args = std::tuple{(static_cast<T>(cols[--I]))...};
                R res = std::apply(f, args);
                // std::cout << "Adding column " << rows + 1 << " " << name << " value " << res << std::endl;
                copy.push_back(res);
                return ERDataFrame(rows + 1, copy);
            }
        };
    
        double get_one() { return 1.0; }
        double plus_one(double x) { return x + 1.0; }
        double add(double x, double y) { return x + y; }
        double add3(double x, double y, double z) { return x + y + z; }
        double throw_error() { throw std::runtime_error("called throw_error"); }
        """
        )
    
        class CallBackError(Exception):
            pass
    
        def callback(x: int) -> float:
            return x * 2.0
    
        def raise_error() -> float:
            raise CallBackError("called raise_error")
    
>       o = gbl.ERDataFrame()
            ^^^^^^^^^^^^^^^^^
E       TypeError: none of the 3 overloaded methods succeeded. Full details:
E         ERDataFrame::ERDataFrame(ERDataFrame &&) =>
E           TypeError: takes at least 1 arguments (0 given)
E         ERDataFrame constructor failed
E         ERDataFrame::ERDataFrame(const ERDataFrame &) =>
E           TypeError: takes at least 1 arguments (0 given)

test_templates.py:1338: TypeError
----------------------------- Captured stderr call -----------------------------
JIT session error: In graph incr_module_3703-jitted-objectbuffer, section .eh_frame: relocation target 0x7705435980a0 (DW.ref.__gxx_personality_v0) is out of range of Delta32 fixup at address 0x7705435980a0 (<anonymous block> @ 0x7704b63eb080 + 0x13)
TClingCallFunc::make_wrapper:Failed to compile
==== SOURCE BEGIN ====
#pragma clang diagnostic push
#pragma clang diagnostic ignored "-Wformat-security"
__attribute__((used)) __attribute__((annotate("__cling__ptrcheck(off)")))
extern "C" void __jc_913(void* ret, unsigned long nary, unsigned long nargs, void** args, void* is_arena)
{
   if (nary > 1) {
   (*(ERDataFrame**)ret) = (is_arena) ? ::new (*(ERDataFrame**)ret) ERDataFrame[nary]: new ERDataFrame[nary];
   }
else {
   (*(ERDataFrame**)ret) = (is_arena) ? ::new (*(ERDataFrame**)ret) ERDataFrame(): new ERDataFrame();
}
}
#pragma clang diagnostic pop
==== SOURCE END ====
_____________ TestTEMPLATES.test38_constructor_implicit_conversion _____________

self = <test_templates.TestTEMPLATES object at 0x770541619590>

    def test38_constructor_implicit_conversion(self):
        """Implicit conversion to call a templated constructor"""
    
        import cppjit
    
        cppjit.cppdef("""\
        namespace ConstructorImplicitConversion {
        struct IntWrapper {
            IntWrapper(int i) : m_i(i) {}
            int m_i;
        };
        struct S {
            template <typename T>
            S(IntWrapper a, T b) : m_a(a.m_i) {}
    
            int m_a = 0;
        }; }""")
    
        ns = cppjit.gbl.ConstructorImplicitConversion
    
>       a = ns.S(1, 2)
            ^^^^^^^^^^
E       TypeError: Template method resolution failed:
E         none of the 2 overloaded methods succeeded. Full details:
E         S::S(ConstructorImplicitConversion::S &&) =>
E           TypeError: takes at most 1 arguments (2 given)
E         S::S(const ConstructorImplicitConversion::S &) =>
E           TypeError: takes at most 1 arguments (2 given)
E         S::S(ConstructorImplicitConversion::IntWrapper a, int b) =>
E           TypeError: could not convert argument 1: [InstanceConverter]

test_templates.py:1410: TypeError
----------------------------- Captured stderr call -----------------------------
JIT session error: In graph incr_module_3737-jitted-objectbuffer, section .eh_frame: relocation target 0x7705435980a0 (DW.ref.__gxx_personality_v0) is out of range of Delta32 fixup at address 0x7705435980a0 (<anonymous block> @ 0x7704b63d9048 + 0x13)
TClingCallFunc::make_wrapper:Failed to compile
==== SOURCE BEGIN ====
#pragma clang diagnostic push
#pragma clang diagnostic ignored "-Wformat-security"
__attribute__((used)) __attribute__((annotate("__cling__ptrcheck(off)")))
extern "C" void __jc_920(void* ret, unsigned long nary, unsigned long nargs, void** args, void* is_arena)
{
      (*(ConstructorImplicitConversion::IntWrapper**)ret) = (is_arena) ? ::new (*(ConstructorImplicitConversion::IntWrapper**)ret) ConstructorImplicitConversion::IntWrapper(*(int*)args[0]): new ConstructorImplicitConversion::IntWrapper(*(int*)args[0]);
}
#pragma clang diagnostic pop
==== SOURCE END ====
_____________ TestTEMPLATES.test39_monkey_patching_template_proxy ______________

self = <test_templates.TestTEMPLATES object at 0x770541619630>

    def test39_monkey_patching_template_proxy(self):
        """Monkey patching Template Proxy"""
        import cppjit
        from cppjit import gbl
    
        cppjit.cppdef(r"""
            struct MyMonkey {
                template <typename... Ts>
                bool m(std::vector<int> v) { return true; }
    
                template <typename T = void>
                bool m(int i) { return false; }
            };
        """)
    
        gbl.MyMonkey._m = gbl.MyMonkey.m
        gbl.MyMonkey.m = lambda self, x: gbl.MyMonkey._m(self, x)
        a = gbl.MyMonkey()
        assert not a.m(42)
>       assert a.m([1, 2, 3])
               ^^^^^^^^^^^^^^

test_templates.py:1432: 
_ _ _ _ _ _ _ _ _ _ _ _ _ _ _ _ _ _ _ _ _ _ _ _ _ _ _ _ _ _ _ _ _ _ _ _ _ _ _ _ 

self = <cppjit.gbl.MyMonkey object at 0x5d8d762b3130>, x = [1, 2, 3]

>   gbl.MyMonkey.m = lambda self, x: gbl.MyMonkey._m(self, x)
                                     ^^^^^^^^^^^^^^^^^^^^^^^^
E   cppjit.gbl.std.runtime_error: Template method resolution failed:
E     bool MyMonkey::m<>(std::vector<int> v) =>
E       runtime_error: failed to resolve function

test_templates.py:1429: runtime_error
----------------------------- Captured stderr call -----------------------------
JIT session error: Failed to materialize symbols: { (main, { _ZNSt12_Vector_baseIiSaIiEE12_Vector_implC2ERKS0_ }) }
TClingCallFunc::make_wrapper:Failed to compile
==== SOURCE BEGIN ====
#pragma clang diagnostic push
#pragma clang diagnostic ignored "-Wformat-security"
__attribute__((used)) __attribute__((annotate("__cling__ptrcheck(off)")))
extern "C" void __jc_923(void* obj, unsigned long nargs, void** args, void* ret)
{
   if (ret) {
      ::new (ret) (bool) (((MyMonkey*)obj)->MyMonkey::m<>(*(std::vector<int>*)args[0]));
      return;
   }
   else {
      (void)(((MyMonkey*)obj)->MyMonkey::m<>(*(std::vector<int>*)args[0]));
      return;
   }
}
#pragma clang diagnostic pop
==== SOURCE END ====
JIT session error: In graph incr_module_3745-jitted-objectbuffer, section .eh_frame: relocation target 0x7705435980a0 (DW.ref.__gxx_personality_v0) is out of range of Delta32 fixup at address 0x7705435980a0 (<anonymous block> @ 0x7704b63d3010 + 0x13)
TClingCallFunc::make_wrapper:Failed to compile
==== SOURCE BEGIN ====
#pragma clang diagnostic push
#pragma clang diagnostic ignored "-Wformat-security"
__attribute__((used)) __attribute__((annotate("__cling__ptrcheck(off)")))
extern "C" void __jc_924(void* ret, unsigned long nary, unsigned long nargs, void** args, void* is_arena)
{
      (*(std::runtime_error**)ret) = (is_arena) ? ::new (*(std::runtime_error**)ret) std::runtime_error((const std::basic_string<char>&)*(const std::basic_string<char>*)args[0]): new std::runtime_error((const std::basic_string<char>&)*(const std::basic_string<char>*)args[0]);
}
#pragma clang diagnostic pop
==== SOURCE END ====
JIT session error: In graph incr_module_3746-jitted-objectbuffer, section .eh_frame: relocation target 0x7705435980a0 (DW.ref.__gxx_personality_v0) is out of range of Delta32 fixup at address 0x7705435980a0 (<anonymous block> @ 0x7704b63d3010 + 0x13)
TClingCallFunc::make_wrapper:Failed to compile
==== SOURCE BEGIN ====
#pragma clang diagnostic push
#pragma clang diagnostic ignored "-Wformat-security"
__attribute__((used)) __attribute__((annotate("__cling__ptrcheck(off)")))
extern "C" void __jc_925(void* ret, unsigned long nary, unsigned long nargs, void** args, void* is_arena)
{
      (*(std::runtime_error**)ret) = (is_arena) ? ::new (*(std::runtime_error**)ret) std::runtime_error(*(const char**)args[0]): new std::runtime_error(*(const char**)args[0]);
}
#pragma clang diagnostic pop
==== SOURCE END ====
_______________ TestTEMPLATE_TYPE_REDUCTION.test01_reduce_binary _______________

self = <test_templates.TestTEMPLATE_TYPE_REDUCTION object at 0x770541637890>

    def test01_reduce_binary(self):
        """Squash template expressions for binary operations (like in gmpxx)"""
    
        import cppjit
    
>       e1 = cppjit.gbl.TypeReduction.Expr[int]()
             ^^^^^^^^^^^^^^^^^^^^^^^^^^^^^^^^^^^^
E       TypeError: none of the 4 overloaded methods succeeded. Full details:
E         Expr<int>::Expr<int>(TypeReduction::Expr<int> &&) =>
E           TypeError: takes at least 1 arguments (0 given)
E         TypeReduction::Expr<int> constructor failed
E         Expr<int>::Expr<int>(const TypeReduction::BinaryExpr<int> &) =>
E           TypeError: takes at least 1 arguments (0 given)
E         Expr<int>::Expr<int>(const TypeReduction::Expr<int> &) =>
E           TypeError: takes at least 1 arguments (0 given)

test_templates.py:1625: TypeError
----------------------------- Captured stderr call -----------------------------
JIT session error: In graph incr_module_3822-jitted-objectbuffer, section .eh_frame: relocation target 0x7705435980a0 (DW.ref.__gxx_personality_v0) is out of range of Delta32 fixup at address 0x7705435980a0 (<anonymous block> @ 0x7704b63a3058 + 0x13)
TClingCallFunc::make_wrapper:Failed to compile
==== SOURCE BEGIN ====
#pragma clang diagnostic push
#pragma clang diagnostic ignored "-Wformat-security"
__attribute__((used)) __attribute__((annotate("__cling__ptrcheck(off)")))
extern "C" void __jc_942(void* ret, unsigned long nary, unsigned long nargs, void** args, void* is_arena)
{
   if (nary > 1) {
   (*(TypeReduction::Expr<int>**)ret) = (is_arena) ? ::new (*(TypeReduction::Expr<int>**)ret) TypeReduction::Expr<int>[nary]: new TypeReduction::Expr<int>[nary];
   }
else {
   (*(TypeReduction::Expr<int>**)ret) = (is_arena) ? ::new (*(TypeReduction::Expr<int>**)ret) TypeReduction::Expr<int>(): new TypeReduction::Expr<int>();
}
}
#pragma clang diagnostic pop
==== SOURCE END ====
_____________________ TestOPERATORS.test01_math_operators ______________________

self = <test_operators.TestOPERATORS object at 0x770541637b10>

    def test01_math_operators(self):
        """Test overloading of math operators"""
    
        import cppjit
    
        number = cppjit.gbl.number
    
>       assert (number(20) + number(10)) == number(30)
                ^^^^^^^^^^
E       TypeError: none of the 4 overloaded methods succeeded. Full details:
E         number::number(number &&) =>
E           TypeError: could not convert argument 1: [InstanceMoveConverter]
E         number::number() =>
E           TypeError: takes at most 0 arguments (1 given)
E         number constructor failed
E         number::number(const number &) =>
E           TypeError: could not convert argument 1: [InstanceRefConverter]

test_operators.py:37: TypeError
----------------------------- Captured stderr call -----------------------------
JIT session error: In graph incr_module_3826-jitted-objectbuffer, section .eh_frame: relocation target 0x7705435980a0 (DW.ref.__gxx_personality_v0) is out of range of Delta32 fixup at address 0x7705435980a0 (<anonymous block> @ 0x7704b639d048 + 0x13)
TClingCallFunc::make_wrapper:Failed to compile
==== SOURCE BEGIN ====
#pragma clang diagnostic push
#pragma clang diagnostic ignored "-Wformat-security"
__attribute__((used)) __attribute__((annotate("__cling__ptrcheck(off)")))
extern "C" void __jc_943(void* ret, unsigned long nary, unsigned long nargs, void** args, void* is_arena)
{
      (*(number**)ret) = (is_arena) ? ::new (*(number**)ret) number(*(int*)args[0]): new number(*(int*)args[0]);
}
#pragma clang diagnostic pop
==== SOURCE END ====
__________________ TestOPERATORS.test02_unary_math_operators ___________________

self = <test_operators.TestOPERATORS object at 0x7705416379d0>

    def test02_unary_math_operators(self):
        """Test overloading of unary math operators"""
    
        import cppjit
    
        number = cppjit.gbl.number
    
>       n = number(20)
            ^^^^^^^^^^
E       TypeError: none of the 4 overloaded methods succeeded. Full details:
E         number::number(number &&) =>
E           TypeError: could not convert argument 1: [InstanceMoveConverter]
E         number::number() =>
E           TypeError: takes at most 0 arguments (1 given)
E         number constructor failed
E         number::number(const number &) =>
E           TypeError: could not convert argument 1: [InstanceRefConverter]

test_operators.py:60: TypeError
----------------------------- Captured stderr call -----------------------------
JIT session error: Failed to materialize symbols: { (main, { _ZN6numberC2Ei }) }
TClingCallFunc::make_wrapper:Failed to compile
==== SOURCE BEGIN ====
#pragma clang diagnostic push
#pragma clang diagnostic ignored "-Wformat-security"
__attribute__((used)) __attribute__((annotate("__cling__ptrcheck(off)")))
extern "C" void __jc_945(void* ret, unsigned long nary, unsigned long nargs, void** args, void* is_arena)
{
      (*(number**)ret) = (is_arena) ? ::new (*(number**)ret) number(*(int*)args[0]): new number(*(int*)args[0]);
}
#pragma clang diagnostic pop
==== SOURCE END ====
__________________ TestOPERATORS.test03_comparison_operators ___________________

self = <test_operators.TestOPERATORS object at 0x770542512520>

    def test03_comparison_operators(self):
        """Test overloading of comparison operators"""
    
        import cppjit
    
        number = cppjit.gbl.number
    
>       assert (number(20) > number(10)) == True
                ^^^^^^^^^^
E       TypeError: none of the 4 overloaded methods succeeded. Full details:
E         number::number(number &&) =>
E           TypeError: could not convert argument 1: [InstanceMoveConverter]
E         number::number() =>
E           TypeError: takes at most 0 arguments (1 given)
E         number constructor failed
E         number::number(const number &) =>
E           TypeError: could not convert argument 1: [InstanceRefConverter]

test_operators.py:77: TypeError
----------------------------- Captured stderr call -----------------------------
JIT session error: Failed to materialize symbols: { (main, { _ZN6numberC2Ei }) }
TClingCallFunc::make_wrapper:Failed to compile
==== SOURCE BEGIN ====
#pragma clang diagnostic push
#pragma clang diagnostic ignored "-Wformat-security"
__attribute__((used)) __attribute__((annotate("__cling__ptrcheck(off)")))
extern "C" void __jc_946(void* ret, unsigned long nary, unsigned long nargs, void** args, void* is_arena)
{
      (*(number**)ret) = (is_arena) ? ::new (*(number**)ret) number(*(int*)args[0]): new number(*(int*)args[0]);
}
#pragma clang diagnostic pop
==== SOURCE END ====
____________________ TestOPERATORS.test04_boolean_operator _____________________

self = <test_operators.TestOPERATORS object at 0x7705425123f0>

    def test04_boolean_operator(self):
        """Test implementation of operator bool"""
    
        import cppjit
    
        number = cppjit.gbl.number
    
>       n = number(20)
            ^^^^^^^^^^
E       TypeError: none of the 4 overloaded methods succeeded. Full details:
E         number::number(number &&) =>
E           TypeError: could not convert argument 1: [InstanceMoveConverter]
E         number::number() =>
E           TypeError: takes at most 0 arguments (1 given)
E         number constructor failed
E         number::number(const number &) =>
E           TypeError: could not convert argument 1: [InstanceRefConverter]

test_operators.py:91: TypeError
----------------------------- Captured stderr call -----------------------------
JIT session error: Failed to materialize symbols: { (main, { _ZN6numberC2Ei }) }
TClingCallFunc::make_wrapper:Failed to compile
==== SOURCE BEGIN ====
#pragma clang diagnostic push
#pragma clang diagnostic ignored "-Wformat-security"
__attribute__((used)) __attribute__((annotate("__cling__ptrcheck(off)")))
extern "C" void __jc_947(void* ret, unsigned long nary, unsigned long nargs, void** args, void* is_arena)
{
      (*(number**)ret) = (is_arena) ? ::new (*(number**)ret) number(*(int*)args[0]): new number(*(int*)args[0]);
}
#pragma clang diagnostic pop
==== SOURCE END ====
_______________________ TestOPERATORS.test05_exact_types _______________________

self = <test_operators.TestOPERATORS object at 0x7705424695b0>

    def test05_exact_types(self):
        """Test converter operators of exact types"""
    
        import cppjit
    
        gbl = cppjit.gbl
    
>       o = gbl.operator_char_star()
            ^^^^^^^^^^^^^^^^^^^^^^^^
E       TypeError: none of the 3 overloaded methods succeeded. Full details:
E         operator_char_star::operator_char_star(operator_char_star &&) =>
E           TypeError: takes at least 1 arguments (0 given)
E         operator_char_star constructor failed
E         operator_char_star::operator_char_star(const operator_char_star &) =>
E           TypeError: takes at least 1 arguments (0 given)

test_operators.py:104: TypeError
----------------------------- Captured stderr call -----------------------------
JIT session error: In graph incr_module_3831-jitted-objectbuffer, section .eh_frame: relocation target 0x7705435980a0 (DW.ref.__gxx_personality_v0) is out of range of Delta32 fixup at address 0x7705435980a0 (<anonymous block> @ 0x7704b639a070 + 0x13)
TClingCallFunc::make_wrapper:Failed to compile
==== SOURCE BEGIN ====
#pragma clang diagnostic push
#pragma clang diagnostic ignored "-Wformat-security"
__attribute__((used)) __attribute__((annotate("__cling__ptrcheck(off)")))
extern "C" void __jc_948(void* ret, unsigned long nary, unsigned long nargs, void** args, void* is_arena)
{
   if (nary > 1) {
   (*(operator_char_star**)ret) = (is_arena) ? ::new (*(operator_char_star**)ret) operator_char_star[nary]: new operator_char_star[nary];
   }
else {
   (*(operator_char_star**)ret) = (is_arena) ? ::new (*(operator_char_star**)ret) operator_char_star(): new operator_char_star();
}
}
#pragma clang diagnostic pop
==== SOURCE END ====
___________________ TestOPERATORS.test07_virtual_operator_eq ___________________

self = <test_operators.TestOPERATORS object at 0x77054168c9e0>

    def test07_virtual_operator_eq(self):
        """Test use of virtual bool operator=="""
    
        import cppjit
    
>       b1 = cppjit.gbl.v_opeq_base(1)
             ^^^^^^^^^^^^^^^^^^^^^^^^^
E       TypeError: none of the 2 overloaded methods succeeded. Full details:
E         v_opeq_base constructor failed
E         v_opeq_base::v_opeq_base(const v_opeq_base &) =>
E           TypeError: could not convert argument 1: [InstanceRefConverter]

test_operators.py:159: TypeError
----------------------------- Captured stderr call -----------------------------
JIT session error: In graph incr_module_3848-jitted-objectbuffer, section .eh_frame: relocation target 0x7705435980a0 (DW.ref.__gxx_personality_v0) is out of range of Delta32 fixup at address 0x7705435980a0 (<anonymous block> @ 0x7704b6376010 + 0x13)
TClingCallFunc::make_wrapper:Failed to compile
==== SOURCE BEGIN ====
#pragma clang diagnostic push
#pragma clang diagnostic ignored "-Wformat-security"
__attribute__((used)) __attribute__((annotate("__cling__ptrcheck(off)")))
extern "C" void __jc_961(void* ret, unsigned long nary, unsigned long nargs, void** args, void* is_arena)
{
      (*(v_opeq_base**)ret) = (is_arena) ? ::new (*(v_opeq_base**)ret) v_opeq_base(*(int*)args[0]): new v_opeq_base(*(int*)args[0]);
}
#pragma clang diagnostic pop
==== SOURCE END ====
_______________ TestOPERATORS.test08_call_to_getsetitem_mapping ________________

self = <test_operators.TestOPERATORS object at 0x7705422cdd50>

    def test08_call_to_getsetitem_mapping(self):
        """Map () to []"""
    
        import cppjit
    
>       m = cppjit.gbl.YAMatrix1()
            ^^^^^^^^^^^^^^^^^^^^^^
E       TypeError: none of the 3 overloaded methods succeeded. Full details:
E         YAMatrix1::YAMatrix1(YAMatrix1 &&) =>
E           TypeError: takes at least 1 arguments (0 given)
E         YAMatrix1 constructor failed
E         YAMatrix1::YAMatrix1(const YAMatrix1 &) =>
E           TypeError: takes at least 1 arguments (0 given)

test_operators.py:198: TypeError
----------------------------- Captured stderr call -----------------------------
JIT session error: In graph incr_module_3849-jitted-objectbuffer, section .eh_frame: relocation target 0x7705435980a0 (DW.ref.__gxx_personality_v0) is out of range of Delta32 fixup at address 0x7705435980a0 (<anonymous block> @ 0x7704b6376058 + 0x13)
TClingCallFunc::make_wrapper:Failed to compile
==== SOURCE BEGIN ====
#pragma clang diagnostic push
#pragma clang diagnostic ignored "-Wformat-security"
__attribute__((used)) __attribute__((annotate("__cling__ptrcheck(off)")))
extern "C" void __jc_962(void* ret, unsigned long nary, unsigned long nargs, void** args, void* is_arena)
{
   if (nary > 1) {
   (*(YAMatrix1**)ret) = (is_arena) ? ::new (*(YAMatrix1**)ret) YAMatrix1[nary]: new YAMatrix1[nary];
   }
else {
   (*(YAMatrix1**)ret) = (is_arena) ? ::new (*(YAMatrix1**)ret) YAMatrix1(): new YAMatrix1();
}
}
#pragma clang diagnostic pop
==== SOURCE END ====
____________________ TestOPERATORS.test10_r_non_associative ____________________

self = <test_operators.TestOPERATORS object at 0x77054148a7b0>

    def test10_r_non_associative(self):
        """Use of radd/rmul with non-associative types"""
    
        import cppjit
    
        # Note: calls are repeated to test caching, if any
    
>       a = cppjit.gbl.AssocADD(5.0)
            ^^^^^^^^^^^^^^^^^^^^^^^^
E       TypeError: none of the 3 overloaded methods succeeded. Full details:
E         AssocADD::AssocADD(AssocADD &&) =>
E           TypeError: could not convert argument 1: [InstanceMoveConverter]
E         AssocADD::AssocADD(const AssocADD &) =>
E           TypeError: could not convert argument 1: [InstanceRefConverter]
E         AssocADD constructor failed

test_operators.py:259: TypeError
----------------------------- Captured stderr call -----------------------------
JIT session error: In graph incr_module_3853-jitted-objectbuffer, section .eh_frame: relocation target 0x7705435980a0 (DW.ref.__gxx_personality_v0) is out of range of Delta32 fixup at address 0x7705435980a0 (<anonymous block> @ 0x7704b636d050 + 0x13)
TClingCallFunc::make_wrapper:Failed to compile
==== SOURCE BEGIN ====
#pragma clang diagnostic push
#pragma clang diagnostic ignored "-Wformat-security"
__attribute__((used)) __attribute__((annotate("__cling__ptrcheck(off)")))
extern "C" void __jc_966(void* ret, unsigned long nary, unsigned long nargs, void** args, void* is_arena)
{
      (*(AssocADD**)ret) = (is_arena) ? ::new (*(AssocADD**)ret) AssocADD(*(double*)args[0]): new AssocADD(*(double*)args[0]);
}
#pragma clang diagnostic pop
==== SOURCE END ====
__________________ TestOPERATORS.test11_overloaded_operators ___________________

self = <test_operators.TestOPERATORS object at 0x77054148aa80>

    def test11_overloaded_operators(self):
        """Overloaded operator*/+-"""
    
        import cppjit
    
>       v = cppjit.gbl.MultiLookup.Vector2(1, 2)
            ^^^^^^^^^^^^^^^^^^^^^^^^^^^^^^^^^^^^
E       TypeError: none of the 3 overloaded methods succeeded. Full details:
E         Vector2::Vector2(MultiLookup::Vector2 &&) =>
E           TypeError: takes at most 1 arguments (2 given)
E         Vector2::Vector2(const MultiLookup::Vector2 &) =>
E           TypeError: takes at most 1 arguments (2 given)
E         MultiLookup::Vector2 constructor failed

test_operators.py:288: TypeError
----------------------------- Captured stderr call -----------------------------
JIT session error: In graph incr_module_3857-jitted-objectbuffer, section .eh_frame: relocation target 0x7705435980a0 (DW.ref.__gxx_personality_v0) is out of range of Delta32 fixup at address 0x7705435980a0 (<anonymous block> @ 0x7704b636d050 + 0x13)
TClingCallFunc::make_wrapper:Failed to compile
==== SOURCE BEGIN ====
#pragma clang diagnostic push
#pragma clang diagnostic ignored "-Wformat-security"
__attribute__((used)) __attribute__((annotate("__cling__ptrcheck(off)")))
extern "C" void __jc_967(void* ret, unsigned long nary, unsigned long nargs, void** args, void* is_arena)
{
      (*(MultiLookup::Vector2**)ret) = (is_arena) ? ::new (*(MultiLookup::Vector2**)ret) MultiLookup::Vector2(*(double*)args[0], *(double*)args[1]): new MultiLookup::Vector2(*(double*)args[0], *(double*)args[1]);
}
#pragma clang diagnostic pop
==== SOURCE END ====
_____________________ TestOPERATORS.test12_unary_operators _____________________

self = <test_operators.TestOPERATORS object at 0x7705416597f0>

    def test12_unary_operators(self):
        """Unary operator-+~"""
    
        import cppjit
    
        for cls in [cppjit.gbl.SomeGlobalNumber, cppjit.gbl.Unary.SomeNumber]:
>           n = cls(42)
                ^^^^^^^
E           TypeError: none of the 3 overloaded methods succeeded. Full details:
E             SomeGlobalNumber::SomeGlobalNumber(SomeGlobalNumber &&) =>
E               TypeError: could not convert argument 1: [InstanceMoveConverter]
E             SomeGlobalNumber constructor failed
E             SomeGlobalNumber::SomeGlobalNumber(const SomeGlobalNumber &) =>
E               TypeError: could not convert argument 1: [InstanceRefConverter]

test_operators.py:321: TypeError
----------------------------- Captured stderr call -----------------------------
JIT session error: In graph incr_module_3859-jitted-objectbuffer, section .eh_frame: relocation target 0x7705435980a0 (DW.ref.__gxx_personality_v0) is out of range of Delta32 fixup at address 0x7705435980a0 (<anonymous block> @ 0x7704b636d048 + 0x13)
TClingCallFunc::make_wrapper:Failed to compile
==== SOURCE BEGIN ====
#pragma clang diagnostic push
#pragma clang diagnostic ignored "-Wformat-security"
__attribute__((used)) __attribute__((annotate("__cling__ptrcheck(off)")))
extern "C" void __jc_968(void* ret, unsigned long nary, unsigned long nargs, void** args, void* is_arena)
{
      (*(SomeGlobalNumber**)ret) = (is_arena) ? ::new (*(SomeGlobalNumber**)ret) SomeGlobalNumber(*(int*)args[0]): new SomeGlobalNumber(*(int*)args[0]);
}
#pragma clang diagnostic pop
==== SOURCE END ====
_____________________ TestOPERATORS.test13_comma_operator ______________________

self = <test_operators.TestOPERATORS object at 0x770542466430>

    def test13_comma_operator(self):
        """Comma operator"""
    
        import cppjit
    
>       c = cppjit.gbl.CommaOperator(1)
            ^^^^^^^^^^^^^^^^^^^^^^^^^^^
E       TypeError: none of the 3 overloaded methods succeeded. Full details:
E         CommaOperator::CommaOperator(CommaOperator &&) =>
E           TypeError: could not convert argument 1: [InstanceMoveConverter]
E         CommaOperator constructor failed
E         CommaOperator::CommaOperator(const CommaOperator &) =>
E           TypeError: could not convert argument 1: [InstanceRefConverter]

test_operators.py:332: TypeError
----------------------------- Captured stderr call -----------------------------
JIT session error: In graph incr_module_3860-jitted-objectbuffer, section .eh_frame: relocation target 0x7705435980a0 (DW.ref.__gxx_personality_v0) is out of range of Delta32 fixup at address 0x7705435980a0 (<anonymous block> @ 0x7704b636d048 + 0x13)
TClingCallFunc::make_wrapper:Failed to compile
==== SOURCE BEGIN ====
#pragma clang diagnostic push
#pragma clang diagnostic ignored "-Wformat-security"
__attribute__((used)) __attribute__((annotate("__cling__ptrcheck(off)")))
extern "C" void __jc_969(void* ret, unsigned long nary, unsigned long nargs, void** args, void* is_arena)
{
      (*(CommaOperator**)ret) = (is_arena) ? ::new (*(CommaOperator**)ret) CommaOperator(*(int*)args[0]): new CommaOperator(*(int*)args[0]);
}
#pragma clang diagnostic pop
==== SOURCE END ====
________________ TestOPERATORS.test16_global_ordered_operators _________________

self = <test_operators.TestOPERATORS object at 0x7705414a1e50>

    def test16_global_ordered_operators(self):
        """Globally defined ordered oeprators"""
    
        import cppjit
    
        cppjit.cppdef("""\
        namespace FriendOperator {
    
        struct ALt { ALt(int d) : data(d) {} int data; };
        bool operator< (const ALt& a1, const ALt& a2) { return a1.data <  a2.data; }
    
        struct ALe { ALe(int d) : data(d) {} int data; };
        bool operator<=(const ALe& a1, const ALe& a2) { return a1.data <= a2.data; }
    
        struct AGt { AGt(int d) : data(d) {} int data; };
        bool operator> (const AGt& a1, const AGt& a2) { return a1.data >  a2.data; }
    
        struct AGe { AGe(int d) : data(d) {} int data; };
        bool operator>=(const AGe& a1, const AGe& a2) { return a1.data >= a2.data; }
    
        }""")
    
        ns = cppjit.gbl.FriendOperator
    
>       assert ns.ALt(4) < ns.ALt(5)
               ^^^^^^^^^
E       TypeError: none of the 3 overloaded methods succeeded. Full details:
E         ALt::ALt(FriendOperator::ALt &&) =>
E           TypeError: could not convert argument 1: [InstanceMoveConverter]
E         FriendOperator::ALt constructor failed
E         ALt::ALt(const FriendOperator::ALt &) =>
E           TypeError: could not convert argument 1: [InstanceRefConverter]

test_operators.py:394: TypeError
----------------------------- Captured stderr call -----------------------------
JIT session error: In graph incr_module_3885-jitted-objectbuffer, section .eh_frame: relocation target 0x7705435980a0 (DW.ref.__gxx_personality_v0) is out of range of Delta32 fixup at address 0x7705435980a0 (<anonymous block> @ 0x7704b6355048 + 0x13)
TClingCallFunc::make_wrapper:Failed to compile
==== SOURCE BEGIN ====
#pragma clang diagnostic push
#pragma clang diagnostic ignored "-Wformat-security"
__attribute__((used)) __attribute__((annotate("__cling__ptrcheck(off)")))
extern "C" void __jc_978(void* ret, unsigned long nary, unsigned long nargs, void** args, void* is_arena)
{
      (*(FriendOperator::ALt**)ret) = (is_arena) ? ::new (*(FriendOperator::ALt**)ret) FriendOperator::ALt(*(int*)args[0]): new FriendOperator::ALt(*(int*)args[0]);
}
#pragma clang diagnostic pop
==== SOURCE END ====
__________________ TestOVERLOADS.test01_class_based_overloads __________________

self = <test_overloads.TestOVERLOADS object at 0x770541637c50>

    def test01_class_based_overloads(self):
        """Test functions overloaded on different C++ clases"""
    
        import cppjit
    
        a_overload = cppjit.gbl.a_overload
        b_overload = cppjit.gbl.b_overload
        c_overload = cppjit.gbl.c_overload
        d_overload = cppjit.gbl.d_overload
    
        ns_a_overload = cppjit.gbl.ns_a_overload
        ns_b_overload = cppjit.gbl.ns_b_overload
    
>       assert c_overload().get_int(a_overload()) == 42
               ^^^^^^^^^^^^
E       TypeError: none of the 3 overloaded methods succeeded. Full details:
E         c_overload::c_overload(c_overload &&) =>
E           TypeError: takes at least 1 arguments (0 given)
E         c_overload constructor failed
E         c_overload::c_overload(const c_overload &) =>
E           TypeError: takes at least 1 arguments (0 given)

test_overloads.py:33: TypeError
----------------------------- Captured stderr call -----------------------------
JIT session error: In graph incr_module_3894-jitted-objectbuffer, section .eh_frame: relocation target 0x7705435980a0 (DW.ref.__gxx_personality_v0) is out of range of Delta32 fixup at address 0x7705435980a0 (<anonymous block> @ 0x7704b6346020 + 0x13)
TClingCallFunc::make_wrapper:Failed to compile
==== SOURCE BEGIN ====
#pragma clang diagnostic push
#pragma clang diagnostic ignored "-Wformat-security"
__attribute__((used)) __attribute__((annotate("__cling__ptrcheck(off)")))
extern "C" void __jc_982(void* ret, unsigned long nary, unsigned long nargs, void** args, void* is_arena)
{
   if (nary > 1) {
   (*(c_overload**)ret) = (is_arena) ? ::new (*(c_overload**)ret) c_overload[nary]: new c_overload[nary];
   }
else {
   (*(c_overload**)ret) = (is_arena) ? ::new (*(c_overload**)ret) c_overload(): new c_overload();
}
}
#pragma clang diagnostic pop
==== SOURCE END ====
________ TestOVERLOADS.test02_class_based_overloads_explicit_resolution ________

self = <test_overloads.TestOVERLOADS object at 0x770541637d90>

    def test02_class_based_overloads_explicit_resolution(self):
        """Test explicitly resolved function overloads"""
    
        import cppjit
    
        a_overload = cppjit.gbl.a_overload
        b_overload = cppjit.gbl.b_overload
        c_overload = cppjit.gbl.c_overload
        d_overload = cppjit.gbl.d_overload
    
        ns_a_overload = cppjit.gbl.ns_a_overload
    
>       c = c_overload()
            ^^^^^^^^^^^^
E       TypeError: none of the 3 overloaded methods succeeded. Full details:
E         c_overload::c_overload(c_overload &&) =>
E           TypeError: takes at least 1 arguments (0 given)
E         c_overload constructor failed
E         c_overload::c_overload(const c_overload &) =>
E           TypeError: takes at least 1 arguments (0 given)

test_overloads.py:56: TypeError
----------------------------- Captured stderr call -----------------------------
JIT session error: In graph incr_module_3895-jitted-objectbuffer, section .eh_frame: relocation target 0x7705435980a0 (DW.ref.__gxx_personality_v0) is out of range of Delta32 fixup at address 0x7705435980a0 (<anonymous block> @ 0x7704b6346020 + 0x13)
TClingCallFunc::make_wrapper:Failed to compile
==== SOURCE BEGIN ====
#pragma clang diagnostic push
#pragma clang diagnostic ignored "-Wformat-security"
__attribute__((used)) __attribute__((annotate("__cling__ptrcheck(off)")))
extern "C" void __jc_983(void* ret, unsigned long nary, unsigned long nargs, void** args, void* is_arena)
{
   if (nary > 1) {
   (*(c_overload**)ret) = (is_arena) ? ::new (*(c_overload**)ret) c_overload[nary]: new c_overload[nary];
   }
else {
   (*(c_overload**)ret) = (is_arena) ? ::new (*(c_overload**)ret) c_overload(): new c_overload();
}
}
#pragma clang diagnostic pop
==== SOURCE END ====
______________ TestOVERLOADS.test03_fragile_class_based_overloads ______________

self = <test_overloads.TestOVERLOADS object at 0x770542512780>

    def test03_fragile_class_based_overloads(self):
        """Test functions overloaded on void* and non-existing classes"""
    
        import cppjit
    
        more_overloads = cppjit.gbl.more_overloads
        aa_ol = cppjit.gbl.aa_ol
        bb_ol = cppjit.gbl.bb_ol
        cc_ol = cppjit.gbl.cc_ol
        dd_ol = cppjit.gbl.dd_ol
    
>       assert more_overloads().call(aa_ol()) == "aa_ol"
               ^^^^^^^^^^^^^^^^
E       TypeError: none of the 3 overloaded methods succeeded. Full details:
E         more_overloads::more_overloads(more_overloads &&) =>
E           TypeError: takes at least 1 arguments (0 given)
E         more_overloads constructor failed
E         more_overloads::more_overloads(const more_overloads &) =>
E           TypeError: takes at least 1 arguments (0 given)

test_overloads.py:87: TypeError
----------------------------- Captured stderr call -----------------------------
JIT session error: In graph incr_module_3896-jitted-objectbuffer, section .eh_frame: relocation target 0x7705435980a0 (DW.ref.__gxx_personality_v0) is out of range of Delta32 fixup at address 0x7705435980a0 (<anonymous block> @ 0x7704b6346020 + 0x13)
TClingCallFunc::make_wrapper:Failed to compile
==== SOURCE BEGIN ====
#pragma clang diagnostic push
#pragma clang diagnostic ignored "-Wformat-security"
__attribute__((used)) __attribute__((annotate("__cling__ptrcheck(off)")))
extern "C" void __jc_984(void* ret, unsigned long nary, unsigned long nargs, void** args, void* is_arena)
{
   if (nary > 1) {
   (*(more_overloads**)ret) = (is_arena) ? ::new (*(more_overloads**)ret) more_overloads[nary]: new more_overloads[nary];
   }
else {
   (*(more_overloads**)ret) = (is_arena) ? ::new (*(more_overloads**)ret) more_overloads(): new more_overloads();
}
}
#pragma clang diagnostic pop
==== SOURCE END ====
_________________ TestOVERLOADS.test04_fully_fragile_overloads _________________

self = <test_overloads.TestOVERLOADS object at 0x7705425128b0>

    def test04_fully_fragile_overloads(self):
        """Test that unknown* is preferred over unknown&"""
    
        import cppjit
    
        more_overloads2 = cppjit.gbl.more_overloads2
    
        bb = cppjit.bind_object(cppjit.nullptr, cppjit.gbl.bb_ol)
>       assert more_overloads2().call(bb) == "bb_olptr"
               ^^^^^^^^^^^^^^^^^
E       TypeError: none of the 3 overloaded methods succeeded. Full details:
E         more_overloads2::more_overloads2(more_overloads2 &&) =>
E           TypeError: takes at least 1 arguments (0 given)
E         more_overloads2 constructor failed
E         more_overloads2::more_overloads2(const more_overloads2 &) =>
E           TypeError: takes at least 1 arguments (0 given)

test_overloads.py:105: TypeError
----------------------------- Captured stderr call -----------------------------
JIT session error: In graph incr_module_3897-jitted-objectbuffer, section .eh_frame: relocation target 0x7705435980a0 (DW.ref.__gxx_personality_v0) is out of range of Delta32 fixup at address 0x7705435980a0 (<anonymous block> @ 0x7704b6346020 + 0x13)
TClingCallFunc::make_wrapper:Failed to compile
==== SOURCE BEGIN ====
#pragma clang diagnostic push
#pragma clang diagnostic ignored "-Wformat-security"
__attribute__((used)) __attribute__((annotate("__cling__ptrcheck(off)")))
extern "C" void __jc_985(void* ret, unsigned long nary, unsigned long nargs, void** args, void* is_arena)
{
   if (nary > 1) {
   (*(more_overloads2**)ret) = (is_arena) ? ::new (*(more_overloads2**)ret) more_overloads2[nary]: new more_overloads2[nary];
   }
else {
   (*(more_overloads2**)ret) = (is_arena) ? ::new (*(more_overloads2**)ret) more_overloads2(): new more_overloads2();
}
}
#pragma clang diagnostic pop
==== SOURCE END ====
_____________________ TestOVERLOADS.test05_array_overloads _____________________

self = <test_overloads.TestOVERLOADS object at 0x770541750050>

    def test05_array_overloads(self):
        """Test functions overloaded on different arrays"""
    
        import cppjit
    
        c_overload = cppjit.gbl.c_overload
        d_overload = cppjit.gbl.d_overload
    
        from array import array
    
        ai = array("i", [525252])
>       assert c_overload().get_int(ai) == 525252
               ^^^^^^^^^^^^
E       TypeError: none of the 3 overloaded methods succeeded. Full details:
E         c_overload::c_overload(c_overload &&) =>
E           TypeError: takes at least 1 arguments (0 given)
E         c_overload constructor failed
E         c_overload::c_overload(const c_overload &) =>
E           TypeError: takes at least 1 arguments (0 given)

test_overloads.py:121: TypeError
----------------------------- Captured stderr call -----------------------------
JIT session error: In graph incr_module_3898-jitted-objectbuffer, section .eh_frame: relocation target 0x7705435980a0 (DW.ref.__gxx_personality_v0) is out of range of Delta32 fixup at address 0x7705435980a0 (<anonymous block> @ 0x7704b6346020 + 0x13)
TClingCallFunc::make_wrapper:Failed to compile
==== SOURCE BEGIN ====
#pragma clang diagnostic push
#pragma clang diagnostic ignored "-Wformat-security"
__attribute__((used)) __attribute__((annotate("__cling__ptrcheck(off)")))
extern "C" void __jc_986(void* ret, unsigned long nary, unsigned long nargs, void** args, void* is_arena)
{
   if (nary > 1) {
   (*(c_overload**)ret) = (is_arena) ? ::new (*(c_overload**)ret) c_overload[nary]: new c_overload[nary];
   }
else {
   (*(c_overload**)ret) = (is_arena) ? ::new (*(c_overload**)ret) c_overload(): new c_overload();
}
}
#pragma clang diagnostic pop
==== SOURCE END ====
__________________ TestOVERLOADS.test06_double_int_overloads ___________________

self = <test_overloads.TestOVERLOADS object at 0x77054168d040>

    def test06_double_int_overloads(self):
        """Test overloads on int/doubles"""
    
        import cppjit
    
        more_overloads = cppjit.gbl.more_overloads
    
>       assert more_overloads().call(1) == "int"
               ^^^^^^^^^^^^^^^^
E       TypeError: none of the 3 overloaded methods succeeded. Full details:
E         more_overloads::more_overloads(more_overloads &&) =>
E           TypeError: takes at least 1 arguments (0 given)
E         more_overloads constructor failed
E         more_overloads::more_overloads(const more_overloads &) =>
E           TypeError: takes at least 1 arguments (0 given)

test_overloads.py:135: TypeError
----------------------------- Captured stderr call -----------------------------
JIT session error: In graph incr_module_3899-jitted-objectbuffer, section .eh_frame: relocation target 0x7705435980a0 (DW.ref.__gxx_personality_v0) is out of range of Delta32 fixup at address 0x7705435980a0 (<anonymous block> @ 0x7704b6346020 + 0x13)
TClingCallFunc::make_wrapper:Failed to compile
==== SOURCE BEGIN ====
#pragma clang diagnostic push
#pragma clang diagnostic ignored "-Wformat-security"
__attribute__((used)) __attribute__((annotate("__cling__ptrcheck(off)")))
extern "C" void __jc_987(void* ret, unsigned long nary, unsigned long nargs, void** args, void* is_arena)
{
   if (nary > 1) {
   (*(more_overloads**)ret) = (is_arena) ? ::new (*(more_overloads**)ret) more_overloads[nary]: new more_overloads[nary];
   }
else {
   (*(more_overloads**)ret) = (is_arena) ? ::new (*(more_overloads**)ret) more_overloads(): new more_overloads();
}
}
#pragma clang diagnostic pop
==== SOURCE END ====
_________________ TestOVERLOADS.test10_overload_and_exceptions _________________

self = <test_overloads.TestOVERLOADS object at 0x77054148af30>

    @mark.xfail(condition=IS_MAC, run=not IS_MAC_ARM, reason="Seg Faults")
    def test10_overload_and_exceptions(self):
        """Prioritize reporting C++ exceptions from callee"""
    
        if ispypy or IS_WINDOWS:
            skip("throwing exceptions from the JIT terminates the process")
    
        import cppjit
    
        cppjit.cppdef("""\
        namespace ExceptionTypeTest {
    
        class ConfigFileNotFoundError : public std::exception {
            std::string fMsg;
        public:
            ConfigFileNotFoundError(const std::string& msg) : fMsg(msg) {}
            const char* what() const throw() { return fMsg.c_str(); }
        };
    
        class MyClass1 {
        public:
            MyClass1(const std::string& configfilename) {
                throw ConfigFileNotFoundError{configfilename};
            }
            MyClass1(const MyClass1& other) {}
        };
    
        class MyClass2 {
        public:
            MyClass2(const std::string& configfilename) {
                throw ConfigFileNotFoundError{configfilename};
            }
            MyClass2(const char* configfilename) {
                throw ConfigFileNotFoundError{configfilename};
            }
            MyClass2(const MyClass2& other) {}
        };
    
        class MyClass3 {
        public:
            MyClass3(int) {}
            MyClass3(const MyClass3& other) {}
        }; }""")
    
        ns = cppjit.gbl.ExceptionTypeTest
    
        with raises(ns.ConfigFileNotFoundError):
>           ns.MyClass1("some_file")
E           TypeError: none of the 2 overloaded methods succeeded. Full details:
E             ExceptionTypeTest::MyClass1 constructor failed
E             MyClass1::MyClass1(const ExceptionTypeTest::MyClass1 & other) =>
E               TypeError: could not convert argument 1: [InstanceRefConverter]

test_overloads.py:261: TypeError
----------------------------- Captured stderr call -----------------------------
JIT session error: Failed to materialize symbols: { (main, { _ZNKSt7__cxx1112basic_stringIcSt11char_traitsIcESaIcEE5c_strEv }) }
TClingCallFunc::make_wrapper:Failed to compile
==== SOURCE BEGIN ====
#pragma clang diagnostic push
#pragma clang diagnostic ignored "-Wformat-security"
__attribute__((used)) __attribute__((annotate("__cling__ptrcheck(off)")))
extern "C" void __jc_1003(void* ret, unsigned long nary, unsigned long nargs, void** args, void* is_arena)
{
      (*(ExceptionTypeTest::MyClass1**)ret) = (is_arena) ? ::new (*(ExceptionTypeTest::MyClass1**)ret) ExceptionTypeTest::MyClass1((const std::basic_string<char>&)*(const std::basic_string<char>*)args[0]): new ExceptionTypeTest::MyClass1((const std::basic_string<char>&)*(const std::basic_string<char>*)args[0]);
}
#pragma clang diagnostic pop
==== SOURCE END ====
____________________ TestOVERLOADS.test11_deep_inheritance _____________________

self = <test_overloads.TestOVERLOADS object at 0x77054148ad50>

    def test11_deep_inheritance(self):
        """Prioritize expected most derived class"""
    
        import cppjit
    
        cppjit.cppdef("""\
        namespace DeepInheritance {
        class A {};
        class B: public A {};
        class C: public B {};
    
        class D: public A {};
        class E: public D {};
    
        std::string myfunc1(const B&) { return "B"; }
        std::string myfunc1(const C&) { return "C"; }
        std::string myfunc2(const E&) { return "E"; }
        std::string myfunc2(const D&) { return "D"; }
        }""")
    
        ns = cppjit.gbl.DeepInheritance
    
>       assert ns.myfunc1(ns.B()) == "B"
E       AssertionError: assert b'' == 'B'
E        +  where b'' = <cppjit.CPPOverload object at 0x770551e83340>(<cppjit.gbl.DeepInheritance.B object at 0x5d8d7626c8d0>)
E        +    where <cppjit.CPPOverload object at 0x770551e83340> = <namespace cppjit.gbl.DeepInheritance at 0x5d8d7625a0e0>.myfunc1
E        +    and   <cppjit.gbl.DeepInheritance.B object at 0x5d8d7626c8d0> = <class cppjit.gbl.DeepInheritance.B at 0x5d8d763ae2a0>()
E        +      where <class cppjit.gbl.DeepInheritance.B at 0x5d8d763ae2a0> = <namespace cppjit.gbl.DeepInheritance at 0x5d8d7625a0e0>.B

test_overloads.py:291: AssertionError
----------------------------- Captured stderr call -----------------------------
JIT session error: In graph incr_module_3926-jitted-objectbuffer, section .eh_frame: relocation target 0x7705435980a0 (DW.ref.__gxx_personality_v0) is out of range of Delta32 fixup at address 0x7705435980a0 (<anonymous block> @ 0x7704b6301088 + 0x13)
TClingCallFunc::make_wrapper:Failed to compile
==== SOURCE BEGIN ====
#pragma clang diagnostic push
#pragma clang diagnostic ignored "-Wformat-security"
__attribute__((used)) __attribute__((annotate("__cling__ptrcheck(off)")))
extern "C" void __jc_1005(void* obj, unsigned long nargs, void** args, void* ret)
{
   if (ret) {
      ::new (ret) (std::string) (((std::string (&)(const DeepInheritance::B &))DeepInheritance::myfunc1)((const DeepInheritance::B&)*(const DeepInheritance::B*)args[0]));
      return;
   }
   else {
      (void)(((std::string (&)(const DeepInheritance::B &))DeepInheritance::myfunc1)((const DeepInheritance::B&)*(const DeepInheritance::B*)args[0]));
      return;
   }
}
#pragma clang diagnostic pop
==== SOURCE END ====
JIT session error: Failed to materialize symbols: { (main, { _ZNSt7__cxx1112basic_stringIcSt11char_traitsIcESaIcEE5beginEv }) }
TClingCallFunc::make_wrapper:Failed to compile
==== SOURCE BEGIN ====
#pragma clang diagnostic push
#pragma clang diagnostic ignored "-Wformat-security"
__attribute__((used)) __attribute__((annotate("__cling__ptrcheck(off)")))
extern "C" void __jc_1006(void* obj, unsigned long nargs, void** args, void* ret)
{
   if (ret) {
      ::new (ret) (std::basic_string<char>::iterator) (((std::basic_string<char, std::char_traits<char>, std::allocator<char>>*)obj)->std::basic_string<char, std::char_traits<char>, std::allocator<char>>::begin());
      return;
   }
   else {
      (void)(((std::basic_string<char, std::char_traits<char>, std::allocator<char>>*)obj)->std::basic_string<char, std::char_traits<char>, std::allocator<char>>::begin());
      return;
   }
}
#pragma clang diagnostic pop
==== SOURCE END ====
JIT session error: Failed to materialize symbols: { (main, { _ZNKSt7__cxx1112basic_stringIcSt11char_traitsIcESaIcEE5beginEv }) }
TClingCallFunc::make_wrapper:Failed to compile
==== SOURCE BEGIN ====
#pragma clang diagnostic push
#pragma clang diagnostic ignored "-Wformat-security"
__attribute__((used)) __attribute__((annotate("__cling__ptrcheck(off)")))
extern "C" void __jc_1007(void* obj, unsigned long nargs, void** args, void* ret)
{
   if (ret) {
      ::new (ret) (std::basic_string<char>::const_iterator) (((const std::basic_string<char, std::char_traits<char>, std::allocator<char>>*)obj)->std::basic_string<char, std::char_traits<char>, std::allocator<char>>::begin());
      return;
   }
   else {
      (void)(((const std::basic_string<char, std::char_traits<char>, std::allocator<char>>*)obj)->std::basic_string<char, std::char_traits<char>, std::allocator<char>>::begin());
      return;
   }
}
#pragma clang diagnostic pop
==== SOURCE END ====
__________ TestOVERLOADS.test13_disallow_functor_to_function_pointer ___________

self = <test_overloads.TestOVERLOADS object at 0x77054175c670>

    def test13_disallow_functor_to_function_pointer(self):
        """Make sure we're no allowing to convert C++ functors to function
        pointers, extending the C++ language in an unnatural way that can lead
        to wrong overload resolutions."""
        import cppjit
    
        cppjit.cppdef("""
        class Test14Functor {
        public:
            double operator () (double* args, double*) {
                return 4.0 * args[0];
            }
        };
    
        int test14_foo(double (*fcn)(double*, double*)) {
            return 0;
        }
    
        template<class T>
        int test14_foo(T fcn) {
            return 1;
        }
    
        int test14_bar(double (*fcn)(double*, double*)) {
            return 0;
        }
    
        int test14_baz(double (*fcn)(double*, double*)) {
            return 0;
        }
    
        int test14_baz(std::function<double(double*, double*)> const &fcn) {
            return 2;
        }
        """)
    
        functor = cppjit.gbl.Test14Functor()
        assert cppjit.gbl.test14_foo(functor) == 1  # should resolve to foo(T fcn)
        # not allowed, because there is only an overload taking a function pointer
        raises(TypeError, cppjit.gbl.test14_bar, functor)
        # The "baz" function has a std::function overload, which should be selected
        assert (
>           cppjit.gbl.test14_baz(functor) == 2
            ^^^^^^^^^^^^^^^^^^^^^^^^^^^^^^
        )  # should resolve to baz(std::function)
E       TypeError: none of the 2 overloaded methods succeeded. Full details:
E         int test14_baz(const std::function<double (double *, double *)> & fcn) =>
E           TypeError: could not convert argument 1: [StdFunctionConverter]
E         int test14_baz(double (*)(double *, double *) fcn) =>
E           TypeError: could not convert argument 1: [FunctionPointerConverter]

test_overloads.py:366: TypeError
----------------------------- Captured stderr call -----------------------------
JIT session error: In graph incr_module_3948-jitted-objectbuffer, section .text: relocation target 0x7705411d8b0c (_ZNSt10unique_ptrIN6cppjit5cpyrt9ConverterESt8functionIFvPS2_EEED2Ev:0x7705411d8b10 + 0xfffffffffffffffc) is out of range of Delta32 fixup at address 0x7705411d8b10 (_ZN17__cppjit_internal11fptr_wrap15EPdS0_, 0x7704b62f0000 + 0xff)
____________ TestOVERLOADS.test16_voidp_does_not_outrank_conversion ____________

self = <test_overloads.TestOVERLOADS object at 0x7705414a3650>

    def test16_voidp_does_not_outrank_conversion(self):
        """Verify that a const void* overload does not shadow a converting one."""
    
        import cppjit
    
        cppjit.cppdef("""
        namespace VoidPPriority {
        struct Handle {
            void* data;
            Handle() : data(nullptr) {}
            Handle(void* p) : data(p) {}
        };
        struct ConstHandle {
            const void* data;
            ConstHandle() : data(nullptr) {}
            ConstHandle(const void* p) : data(p) {}   // declared first on purpose
            ConstHandle(Handle h) : data(h.data) {}
        };
        Handle make_handle() { return Handle((void*)0xABCD1234); }
        bool kept_value(ConstHandle c) { return c.data == (const void*)0xABCD1234; }
        }""")
    
        ns = cppjit.gbl.VoidPPriority
    
        # taking ConstHandle(const void*) would pass the proxy's address instead
        h = ns.make_handle()
>       assert ns.kept_value(h)
               ^^^^^^^^^^^^^^^^
E       TypeError: bool VoidPPriority::kept_value(VoidPPriority::ConstHandle c) =>
E           TypeError: could not convert argument 1: [InstanceConverter]

test_overloads.py:436: TypeError
----------------------------- Captured stderr call -----------------------------
JIT session error: In graph incr_module_3965-jitted-objectbuffer, section .eh_frame: relocation target 0x7705435980a0 (DW.ref.__gxx_personality_v0) is out of range of Delta32 fixup at address 0x7705435980a0 (<anonymous block> @ 0x7704b62d7050 + 0x13)
TClingCallFunc::make_wrapper:Failed to compile
==== SOURCE BEGIN ====
#pragma clang diagnostic push
#pragma clang diagnostic ignored "-Wformat-security"
__attribute__((used)) __attribute__((annotate("__cling__ptrcheck(off)")))
extern "C" void __jc_1020(void* ret, unsigned long nary, unsigned long nargs, void** args, void* is_arena)
{
      (*(VoidPPriority::ConstHandle**)ret) = (is_arena) ? ::new (*(VoidPPriority::ConstHandle**)ret) VoidPPriority::ConstHandle(*(VoidPPriority::Handle*)args[0]): new VoidPPriority::ConstHandle(*(VoidPPriority::Handle*)args[0]);
}
#pragma clang diagnostic pop
==== SOURCE END ====
JIT session error: In graph incr_module_3967-jitted-objectbuffer, section .eh_frame: relocation target 0x7705435980a0 (DW.ref.__gxx_personality_v0) is out of range of Delta32 fixup at address 0x7705435980a0 (<anonymous block> @ 0x7704b62d7048 + 0x13)
TClingCallFunc::make_wrapper:Failed to compile
==== SOURCE BEGIN ====
#pragma clang diagnostic push
#pragma clang diagnostic ignored "-Wformat-security"
__attribute__((used)) __attribute__((annotate("__cling__ptrcheck(off)")))
extern "C" void __jc_1021(void* ret, unsigned long nary, unsigned long nargs, void** args, void* is_arena)
{
      (*(VoidPPriority::ConstHandle**)ret) = (is_arena) ? ::new (*(VoidPPriority::ConstHandle**)ret) VoidPPriority::ConstHandle(*(const void**)args[0]): new VoidPPriority::ConstHandle(*(const void**)args[0]);
}
#pragma clang diagnostic pop
==== SOURCE END ====
________________ TestPYTHONIFY.test04_constructing_and_calling _________________

self = <test_pythonify.TestPYTHONIFY object at 0x770542512c40>

    def test04_constructing_and_calling(self):
        """Test object and method calls"""
    
        import cppjit
    
        example01_class = cppjit.gbl.example01
        assert example01_class.getCount() == 0
>       instance = example01_class(7)
                   ^^^^^^^^^^^^^^^^^^
E       TypeError: none of the 3 overloaded methods succeeded. Full details:
E         example01::example01() =>
E           TypeError: takes at most 0 arguments (1 given)
E         example01 constructor failed
E         example01::example01(const example01 & e) =>
E           TypeError: could not convert argument 1: [InstanceRefConverter]

test_pythonify.py:88: TypeError
----------------------------- Captured stderr call -----------------------------
JIT session error: In graph incr_module_3979-jitted-objectbuffer, section .eh_frame: relocation target 0x7705435980a0 (DW.ref.__gxx_personality_v0) is out of range of Delta32 fixup at address 0x7705435980a0 (<anonymous block> @ 0x7704b62be010 + 0x13)
TClingCallFunc::make_wrapper:Failed to compile
==== SOURCE BEGIN ====
#pragma clang diagnostic push
#pragma clang diagnostic ignored "-Wformat-security"
__attribute__((used)) __attribute__((annotate("__cling__ptrcheck(off)")))
extern "C" void __jc_1028(void* ret, unsigned long nary, unsigned long nargs, void** args, void* is_arena)
{
      (*(example01**)ret) = (is_arena) ? ::new (*(example01**)ret) example01(*(int*)args[0]): new example01(*(int*)args[0]);
}
#pragma clang diagnostic pop
==== SOURCE END ====
________________ TestPYTHONIFY.test05_passing_object_by_pointer ________________

self = <test_pythonify.TestPYTHONIFY object at 0x770541752210>

    def test05_passing_object_by_pointer(self):
        """Pass object by pointer"""
    
        import cppjit
    
        example01_class = cppjit.gbl.example01
        payload_class = cppjit.gbl.payload
    
>       e = example01_class(14)
            ^^^^^^^^^^^^^^^^^^^
E       TypeError: none of the 3 overloaded methods succeeded. Full details:
E         example01::example01() =>
E           TypeError: takes at most 0 arguments (1 given)
E         example01 constructor failed
E         example01::example01(const example01 & e) =>
E           TypeError: could not convert argument 1: [InstanceRefConverter]

test_pythonify.py:140: TypeError
----------------------------- Captured stderr call -----------------------------
JIT session error: In graph incr_module_3980-jitted-objectbuffer, section .eh_frame: relocation target 0x7705435980a0 (DW.ref.__gxx_personality_v0) is out of range of Delta32 fixup at address 0x7705435980a0 (<anonymous block> @ 0x7704b62be010 + 0x13)
TClingCallFunc::make_wrapper:Failed to compile
==== SOURCE BEGIN ====
#pragma clang diagnostic push
#pragma clang diagnostic ignored "-Wformat-security"
__attribute__((used)) __attribute__((annotate("__cling__ptrcheck(off)")))
extern "C" void __jc_1029(void* ret, unsigned long nary, unsigned long nargs, void** args, void* is_arena)
{
      (*(example01**)ret) = (is_arena) ? ::new (*(example01**)ret) example01(*(int*)args[0]): new example01(*(int*)args[0]);
}
#pragma clang diagnostic pop
==== SOURCE END ====
_______________ TestPYTHONIFY.test06_returning_object_by_pointer _______________

self = <test_pythonify.TestPYTHONIFY object at 0x77054168de10>

    def test06_returning_object_by_pointer(self):
        """Return an object py pointer"""
    
        import cppjit
    
        example01_class = cppjit.gbl.example01
        payload_class = cppjit.gbl.payload
    
>       pl = payload_class(3.14)
             ^^^^^^^^^^^^^^^^^^^
E       TypeError: none of the 2 overloaded methods succeeded. Full details:
E         payload::payload(const payload & p) =>
E           TypeError: could not convert argument 1: [InstanceRefConverter]
E         payload constructor failed

test_pythonify.py:166: TypeError
----------------------------- Captured stderr call -----------------------------
JIT session error: In graph incr_module_3984-jitted-objectbuffer, section .eh_frame: relocation target 0x7705435980a0 (DW.ref.__gxx_personality_v0) is out of range of Delta32 fixup at address 0x7705435980a0 (<anonymous block> @ 0x7704b62b5048 + 0x13)
TClingCallFunc::make_wrapper:Failed to compile
==== SOURCE BEGIN ====
#pragma clang diagnostic push
#pragma clang diagnostic ignored "-Wformat-security"
__attribute__((used)) __attribute__((annotate("__cling__ptrcheck(off)")))
extern "C" void __jc_1033(void* ret, unsigned long nary, unsigned long nargs, void** args, void* is_arena)
{
   if (nargs == 0) {
      if (nary > 1) {
      (*(payload**)ret) = (is_arena) ? ::new (*(payload**)ret) payload[nary]: new payload[nary];
      }
else {
      (*(payload**)ret) = (is_arena) ? ::new (*(payload**)ret) payload(): new payload();
   }
   }
   if (nargs == 1) {
      if (nary > 1) {
      (*(payload**)ret) = (is_arena) ? ::new (*(payload**)ret) payload[nary]: new payload[nary];
      }
else {
      (*(payload**)ret) = (is_arena) ? ::new (*(payload**)ret) payload(*(double*)args[0]): new payload(*(double*)args[0]);
   }
   }
}
#pragma clang diagnostic pop
==== SOURCE END ====
________________ TestPYTHONIFY.test07_returning_object_by_value ________________

self = <test_pythonify.TestPYTHONIFY object at 0x77054168d6a0>

    def test07_returning_object_by_value(self):
        """Return an object by value"""
    
        import cppjit
    
        example01_class = cppjit.gbl.example01
        payload_class = cppjit.gbl.payload
    
>       pl = payload_class(3.14)
             ^^^^^^^^^^^^^^^^^^^
E       TypeError: none of the 2 overloaded methods succeeded. Full details:
E         payload::payload(const payload & p) =>
E           TypeError: could not convert argument 1: [InstanceRefConverter]
E         payload constructor failed

test_pythonify.py:189: TypeError
----------------------------- Captured stderr call -----------------------------
JIT session error: In graph incr_module_3985-jitted-objectbuffer, section .eh_frame: relocation target 0x7705435980a0 (DW.ref.__gxx_personality_v0) is out of range of Delta32 fixup at address 0x7705435980a0 (<anonymous block> @ 0x7704b62b5048 + 0x13)
TClingCallFunc::make_wrapper:Failed to compile
==== SOURCE BEGIN ====
#pragma clang diagnostic push
#pragma clang diagnostic ignored "-Wformat-security"
__attribute__((used)) __attribute__((annotate("__cling__ptrcheck(off)")))
extern "C" void __jc_1034(void* ret, unsigned long nary, unsigned long nargs, void** args, void* is_arena)
{
   if (nargs == 0) {
      if (nary > 1) {
      (*(payload**)ret) = (is_arena) ? ::new (*(payload**)ret) payload[nary]: new payload[nary];
      }
else {
      (*(payload**)ret) = (is_arena) ? ::new (*(payload**)ret) payload(): new payload();
   }
   }
   if (nargs == 1) {
      if (nary > 1) {
      (*(payload**)ret) = (is_arena) ? ::new (*(payload**)ret) payload[nary]: new payload[nary];
      }
else {
      (*(payload**)ret) = (is_arena) ? ::new (*(payload**)ret) payload(*(double*)args[0]): new payload(*(double*)args[0]);
   }
   }
}
#pragma clang diagnostic pop
==== SOURCE END ====
_________________________ TestPYTHONIFY.test09_memory __________________________

self = <test_pythonify.TestPYTHONIFY object at 0x7705422cc150>

    def test09_memory(self):
        """Test proper C++ destruction by the garbage collector"""
    
        import gc
    
        import cppjit
    
        example01_class = cppjit.gbl.example01
        payload_class = cppjit.gbl.payload
    
>       pl = payload_class(3.14)
             ^^^^^^^^^^^^^^^^^^^
E       TypeError: none of the 2 overloaded methods succeeded. Full details:
E         payload::payload(const payload & p) =>
E           TypeError: could not convert argument 1: [InstanceRefConverter]
E         payload constructor failed

test_pythonify.py:227: TypeError
----------------------------- Captured stderr call -----------------------------
JIT session error: In graph incr_module_3988-jitted-objectbuffer, section .eh_frame: relocation target 0x7705435980a0 (DW.ref.__gxx_personality_v0) is out of range of Delta32 fixup at address 0x7705435980a0 (<anonymous block> @ 0x7704b62af048 + 0x13)
TClingCallFunc::make_wrapper:Failed to compile
==== SOURCE BEGIN ====
#pragma clang diagnostic push
#pragma clang diagnostic ignored "-Wformat-security"
__attribute__((used)) __attribute__((annotate("__cling__ptrcheck(off)")))
extern "C" void __jc_1037(void* ret, unsigned long nary, unsigned long nargs, void** args, void* is_arena)
{
   if (nargs == 0) {
      if (nary > 1) {
      (*(payload**)ret) = (is_arena) ? ::new (*(payload**)ret) payload[nary]: new payload[nary];
      }
else {
      (*(payload**)ret) = (is_arena) ? ::new (*(payload**)ret) payload(): new payload();
   }
   }
   if (nargs == 1) {
      if (nary > 1) {
      (*(payload**)ret) = (is_arena) ? ::new (*(payload**)ret) payload[nary]: new payload[nary];
      }
else {
      (*(payload**)ret) = (is_arena) ? ::new (*(payload**)ret) payload(*(double*)args[0]): new payload(*(double*)args[0]);
   }
   }
}
#pragma clang diagnostic pop
==== SOURCE END ====
____________________ TestPYTHONIFY.test10_default_arguments ____________________

self = <test_pythonify.TestPYTHONIFY object at 0x77054148b5c0>

    @mark.xfail(condition=IS_MAC, reason="Fails in OSX")
    def test10_default_arguments(self):
        """Test propagation of default function arguments"""
    
        import cppjit
    
        a = cppjit.gbl.ArgPasser()
    
        # NOTE: when called through the stub, default args are fine
        f = a.stringRef
        s = cppjit.gbl.std.string
>       assert f(s("aap"), 0, s("noot")) == "aap"
E       AssertionError: assert b'' == 'aap'
E        +  where b'' = <cppjit.CPPOverload object at 0x7705424797c0>(b'aap', 0, b'noot')
E        +    where b'aap' = <class cppjit.gbl.std.__cxx11.basic_string<char, std::char_traits<char>, std::allocator<char>> at 0x5d8d70de8dc0>('aap')
E        +    and   b'noot' = <class cppjit.gbl.std.__cxx11.basic_string<char, std::char_traits<char>, std::allocator<char>> at 0x5d8d70de8dc0>('noot')

test_pythonify.py:275: AssertionError
----------------------------- Captured stderr call -----------------------------
JIT session error: In graph incr_module_3990-jitted-objectbuffer, section .eh_frame: relocation target 0x7705435980a0 (DW.ref.__gxx_personality_v0) is out of range of Delta32 fixup at address 0x7705435980a0 (<anonymous block> @ 0x7704b62ac090 + 0x13)
TClingCallFunc::make_wrapper:Failed to compile
==== SOURCE BEGIN ====
#pragma clang diagnostic push
#pragma clang diagnostic ignored "-Wformat-security"
__attribute__((used)) __attribute__((annotate("__cling__ptrcheck(off)")))
extern "C" void __jc_1039(void* obj, unsigned long nargs, void** args, void* ret)
{
   if (nargs == 1) {
      if (ret) {
         ::new (ret) (std::string) (((ArgPasser*)obj)->ArgPasser::stringRef((const std::basic_string<char>&)*(const std::basic_string<char>*)args[0]));
         return;
      }
      else {
         (void)(((ArgPasser*)obj)->ArgPasser::stringRef((const std::basic_string<char>&)*(const std::basic_string<char>*)args[0]));
         return;
      }
   }
   if (nargs == 2) {
      if (ret) {
         ::new (ret) (std::string) (((ArgPasser*)obj)->ArgPasser::stringRef((const std::basic_string<char>&)*(const std::basic_string<char>*)args[0], *(int*)args[1]));
         return;
      }
      else {
         (void)(((ArgPasser*)obj)->ArgPasser::stringRef((const std::basic_string<char>&)*(const std::basic_string<char>*)args[0], *(int*)args[1]));
         return;
      }
   }
   if (nargs == 3) {
      if (ret) {
         ::new (ret) (std::string) (((ArgPasser*)obj)->ArgPasser::stringRef((const std::basic_string<char>&)*(const std::basic_string<char>*)args[0], *(int*)args[1], (const std::basic_string<char>&)*(const std::basic_string<char>*)args[2]));
         return;
      }
      else {
         (void)(((ArgPasser*)obj)->ArgPasser::stringRef((const std::basic_string<char>&)*(const std::basic_string<char>*)args[0], *(int*)args[1], (const std::basic_string<char>&)*(const std::basic_string<char>*)args[2]));
         return;
      }
   }
}
#pragma clang diagnostic pop
==== SOURCE END ====
JIT session error: Failed to materialize symbols: { (main, { _ZNSt7__cxx1112basic_stringIcSt11char_traitsIcESaIcEE5beginEv }) }
TClingCallFunc::make_wrapper:Failed to compile
==== SOURCE BEGIN ====
#pragma clang diagnostic push
#pragma clang diagnostic ignored "-Wformat-security"
__attribute__((used)) __attribute__((annotate("__cling__ptrcheck(off)")))
extern "C" void __jc_1040(void* obj, unsigned long nargs, void** args, void* ret)
{
   if (ret) {
      ::new (ret) (std::basic_string<char>::iterator) (((std::basic_string<char, std::char_traits<char>, std::allocator<char>>*)obj)->std::basic_string<char, std::char_traits<char>, std::allocator<char>>::begin());
      return;
   }
   else {
      (void)(((std::basic_string<char, std::char_traits<char>, std::allocator<char>>*)obj)->std::basic_string<char, std::char_traits<char>, std::allocator<char>>::begin());
      return;
   }
}
#pragma clang diagnostic pop
==== SOURCE END ====
JIT session error: Failed to materialize symbols: { (main, { _ZNKSt7__cxx1112basic_stringIcSt11char_traitsIcESaIcEE5beginEv }) }
TClingCallFunc::make_wrapper:Failed to compile
==== SOURCE BEGIN ====
#pragma clang diagnostic push
#pragma clang diagnostic ignored "-Wformat-security"
__attribute__((used)) __attribute__((annotate("__cling__ptrcheck(off)")))
extern "C" void __jc_1041(void* obj, unsigned long nargs, void** args, void* ret)
{
   if (ret) {
      ::new (ret) (std::basic_string<char>::const_iterator) (((const std::basic_string<char, std::char_traits<char>, std::allocator<char>>*)obj)->std::basic_string<char, std::char_traits<char>, std::allocator<char>>::begin());
      return;
   }
   else {
      (void)(((const std::basic_string<char, std::char_traits<char>, std::allocator<char>>*)obj)->std::basic_string<char, std::char_traits<char>, std::allocator<char>>::begin());
      return;
   }
}
#pragma clang diagnostic pop
==== SOURCE END ====
__________________ TestPYTHONIFY.test11_overload_on_arguments __________________

self = <test_pythonify.TestPYTHONIFY object at 0x77054148b6b0>

    def test11_overload_on_arguments(self):
        """Test functions overloaded on arguments"""
    
        import cppjit
    
>       e = cppjit.gbl.example01(1)
            ^^^^^^^^^^^^^^^^^^^^^^^
E       TypeError: none of the 3 overloaded methods succeeded. Full details:
E         example01::example01() =>
E           TypeError: takes at most 0 arguments (1 given)
E         example01 constructor failed
E         example01::example01(const example01 & e) =>
E           TypeError: could not convert argument 1: [InstanceRefConverter]

test_pythonify.py:306: TypeError
----------------------------- Captured stderr call -----------------------------
JIT session error: In graph incr_module_3993-jitted-objectbuffer, section .eh_frame: relocation target 0x7705435980a0 (DW.ref.__gxx_personality_v0) is out of range of Delta32 fixup at address 0x7705435980a0 (<anonymous block> @ 0x7704b62ac010 + 0x13)
TClingCallFunc::make_wrapper:Failed to compile
==== SOURCE BEGIN ====
#pragma clang diagnostic push
#pragma clang diagnostic ignored "-Wformat-security"
__attribute__((used)) __attribute__((annotate("__cling__ptrcheck(off)")))
extern "C" void __jc_1042(void* ret, unsigned long nary, unsigned long nargs, void** args, void* is_arena)
{
      (*(example01**)ret) = (is_arena) ? ::new (*(example01**)ret) example01(*(int*)args[0]): new example01(*(int*)args[0]);
}
#pragma clang diagnostic pop
==== SOURCE END ====
___________________ TestPYTHONIFY.test14_bound_unbound_calls ___________________

self = <test_pythonify.TestPYTHONIFY object at 0x77054168b860>

    def test14_bound_unbound_calls(self):
        """Test (un)bound method calls"""
    
        if ispypy:
            skip("segfaults in pypy")
    
        import cppjit
    
        raises(TypeError, cppjit.gbl.example01.addDataToInt, 1)
    
        meth = cppjit.gbl.example01.addDataToInt
        raises(TypeError, meth)
        raises(TypeError, meth, 1)
    
>       e = cppjit.gbl.example01(2)
            ^^^^^^^^^^^^^^^^^^^^^^^
E       TypeError: none of the 3 overloaded methods succeeded. Full details:
E         example01::example01() =>
E           TypeError: takes at most 0 arguments (1 given)
E         example01 constructor failed
E         example01::example01(const example01 & e) =>
E           TypeError: could not convert argument 1: [InstanceRefConverter]

test_pythonify.py:346: TypeError
----------------------------- Captured stderr call -----------------------------
JIT session error: In graph incr_module_3998-jitted-objectbuffer, section .eh_frame: relocation target 0x7705435980a0 (DW.ref.__gxx_personality_v0) is out of range of Delta32 fixup at address 0x7705435980a0 (<anonymous block> @ 0x7704b62a3010 + 0x13)
TClingCallFunc::make_wrapper:Failed to compile
==== SOURCE BEGIN ====
#pragma clang diagnostic push
#pragma clang diagnostic ignored "-Wformat-security"
__attribute__((used)) __attribute__((annotate("__cling__ptrcheck(off)")))
extern "C" void __jc_1046(void* ret, unsigned long nary, unsigned long nargs, void** args, void* is_arena)
{
      (*(example01**)ret) = (is_arena) ? ::new (*(example01**)ret) example01(*(int*)args[0]): new example01(*(int*)args[0]);
}
#pragma clang diagnostic pop
==== SOURCE END ====
__________________ TestPYTHONIFY.test15_installable_function ___________________

self = <test_pythonify.TestPYTHONIFY object at 0x7705414a2e10>

    def test15_installable_function(self):
        """Test installing and calling global C++ function as python method"""
    
        import cppjit
    
        cppjit.gbl.example01.fresh = cppjit.gbl.installableAddOneToInt
    
>       e = cppjit.gbl.example01(0)
            ^^^^^^^^^^^^^^^^^^^^^^^
E       TypeError: none of the 3 overloaded methods succeeded. Full details:
E         example01::example01() =>
E           TypeError: takes at most 0 arguments (1 given)
E         example01 constructor failed
E         example01::example01(const example01 & e) =>
E           TypeError: could not convert argument 1: [InstanceRefConverter]

test_pythonify.py:356: TypeError
----------------------------- Captured stderr call -----------------------------
JIT session error: In graph incr_module_3999-jitted-objectbuffer, section .eh_frame: relocation target 0x7705435980a0 (DW.ref.__gxx_personality_v0) is out of range of Delta32 fixup at address 0x7705435980a0 (<anonymous block> @ 0x7704b62a3010 + 0x13)
TClingCallFunc::make_wrapper:Failed to compile
==== SOURCE BEGIN ====
#pragma clang diagnostic push
#pragma clang diagnostic ignored "-Wformat-security"
__attribute__((used)) __attribute__((annotate("__cling__ptrcheck(off)")))
extern "C" void __jc_1047(void* ret, unsigned long nary, unsigned long nargs, void** args, void* is_arena)
{
      (*(example01**)ret) = (is_arena) ? ::new (*(example01**)ret) example01(*(int*)args[0]): new example01(*(int*)args[0]);
}
#pragma clang diagnostic pop
==== SOURCE END ====
_______________________ TestPYTHONIFY.test16_subclassing _______________________

self = <test_pythonify.TestPYTHONIFY object at 0x7705414a2b10>

    def test16_subclassing(self):
        """A sub-class on the python side should have that class as type"""
    
        import gc
    
        import cppjit
    
        gc.collect()
    
        example01 = cppjit.gbl.example01
    
        assert example01.getCount() == 0
    
>       o = example01()
            ^^^^^^^^^^^
E       TypeError: none of the 3 overloaded methods succeeded. Full details:
E         example01 constructor failed
E         example01::example01(int a) =>
E           TypeError: takes at least 1 arguments (0 given)
E         example01::example01(const example01 & e) =>
E           TypeError: takes at least 1 arguments (0 given)

test_pythonify.py:373: TypeError
----------------------------- Captured stderr call -----------------------------
JIT session error: In graph incr_module_4001-jitted-objectbuffer, section .eh_frame: relocation target 0x7705435980a0 (DW.ref.__gxx_personality_v0) is out of range of Delta32 fixup at address 0x7705435980a0 (<anonymous block> @ 0x7704b62a0028 + 0x13)
TClingCallFunc::make_wrapper:Failed to compile
==== SOURCE BEGIN ====
#pragma clang diagnostic push
#pragma clang diagnostic ignored "-Wformat-security"
__attribute__((used)) __attribute__((annotate("__cling__ptrcheck(off)")))
extern "C" void __jc_1049(void* ret, unsigned long nary, unsigned long nargs, void** args, void* is_arena)
{
   if (nary > 1) {
   (*(example01**)ret) = (is_arena) ? ::new (*(example01**)ret) example01[nary]: new example01[nary];
   }
else {
   (*(example01**)ret) = (is_arena) ? ::new (*(example01**)ret) example01(): new example01();
}
}
#pragma clang diagnostic pop
==== SOURCE END ====
________________________ TestPYTHONIFY.test17_chaining _________________________

self = <test_pythonify.TestPYTHONIFY object at 0x770541824ec0>

    def test17_chaining(self):
        """Respective return values of temporaries should not go away"""
    
        import cppjit
    
        cppjit.cppdef("""namespace Lifeline {
        struct A1 { A1(int x) : x(x) {} int x; };
        struct A2 { A2(int x) { v.emplace_back(x); } std::vector<A1> v; std::vector<A1>& get() { return v; } };
        struct A3 { A3(int x) { v.emplace_back(x); } std::vector<A2> v; std::vector<A2>& get() { return v; } };
        struct A4 { A4(int x) { v.emplace_back(x); } std::vector<A3> v; std::vector<A3>& get() { return v; } };
        struct A5 { A5(int x) { v.emplace_back(x); } std::vector<A4> v; std::vector<A4>& get() { return v; } };
    
        A5 gime(int i) { return A5(i); }
        }""")
    
>       assert cppjit.gbl.Lifeline.gime(42).get()[0].get()[0].get()[0].get()[0].x == 42
               ^^^^^^^^^^^^^^^^^^^^^^^^^^^^
E       ValueError: Lifeline::A5 Lifeline::gime(int i) =>
E           ValueError: nullptr result where temporary expected

test_pythonify.py:419: ValueError
----------------------------- Captured stderr call -----------------------------
JIT session error: In graph incr_module_4002-jitted-objectbuffer, section .eh_frame: relocation target 0x7705435980a0 (DW.ref.__gxx_personality_v0) is out of range of Delta32 fixup at address 0x7705435980a0 (<anonymous block> @ 0x7704b6286568 + 0x13)
TClingCallFunc::make_wrapper:Failed to compile
==== SOURCE BEGIN ====
#pragma clang diagnostic push
#pragma clang diagnostic ignored "-Wformat-security"
__attribute__((used)) __attribute__((annotate("__cling__ptrcheck(off)")))
extern "C" void __jc_1050(void* obj, unsigned long nargs, void** args, void* ret)
{
   if (ret) {
      ::new (ret) (Lifeline::A5) (((Lifeline::A5 (&)(int))Lifeline::gime)(*(int*)args[0]));
      return;
   }
   else {
      (void)(((Lifeline::A5 (&)(int))Lifeline::gime)(*(int*)args[0]));
      return;
   }
}
#pragma clang diagnostic pop
==== SOURCE END ====
________________________ TestPYTHONIFY.test18_keywords _________________________

self = <test_pythonify.TestPYTHONIFY object at 0x770541824cb0>

    def test18_keywords(self):
        """Use of keyword arguments"""
    
        import cppjit
    
        cppjit.cppdef("""namespace KeyWords {
        struct A {
            A(std::initializer_list<int> vals) : fVals(vals) {}
            std::vector<int> fVals;
        };
    
        struct B {
            B() = delete;
            B(const A& in_A, const A& out_A) : fVal(42), fIn(in_A), fOut(out_A) {}
            B(int val, const A& in_A, const A& out_A) : fVal(val), fIn(in_A), fOut(out_A) {}
            int fVal;
            A fIn, fOut;
        };
    
        int callme(int choice, int a, int b, int c) {
            if (choice == 0) return a;
            if (choice == 1) return b;
            return c;
        }
    
        struct C {
            int fChoice;
        };
    
        int callme_c(const C& o, int a, int b, int c) {
            return callme(o.fChoice, a, b, c);
        } }""")
    
        # constructor and implicit conversion with keywords
        A = cppjit.gbl.KeyWords.A
        B = cppjit.gbl.KeyWords.B
    
        def verify_b(b, val, ti, to):
            assert b.fVal == val
            assert b.fIn.fVals.size() == len(ti)
            assert tuple(b.fIn.fVals) == ti
            assert b.fOut.fVals.size() == len(to)
            assert tuple(b.fOut.fVals) == to
    
>       b = B(in_A=(256,), out_A=(32,))
            ^^^^^^^^^^^^^^^^^^^^^^^^^^^
E       TypeError: none of the 4 overloaded methods succeeded. Full details:
E         B::B(KeyWords::B &&) =>
E           TypeError: takes at most 1 arguments (2 given)
E         B::B(const KeyWords::A & in_A, const KeyWords::A & out_A) =>
E           TypeError: could not convert argument 1: [InstanceRefConverter]
E         B::B(int val, const KeyWords::A & in_A, const KeyWords::A & out_A) =>
E           TypeError: takes at least 3 arguments (2 given)
E         B::B(const KeyWords::B &) =>
E           TypeError: takes at most 1 arguments (2 given)

test_pythonify.py:465: TypeError
----------------------------- Captured stderr call -----------------------------
JIT session error: Failed to materialize symbols: { (main, { _ZNSt6vectorIiSaIiEEC2ESt16initializer_listIiERKS0_ }) }
TClingCallFunc::make_wrapper:Failed to compile
==== SOURCE BEGIN ====
#pragma clang diagnostic push
#pragma clang diagnostic ignored "-Wformat-security"
__attribute__((used)) __attribute__((annotate("__cling__ptrcheck(off)")))
extern "C" void __jc_1051(void* ret, unsigned long nary, unsigned long nargs, void** args, void* is_arena)
{
      (*(KeyWords::A**)ret) = (is_arena) ? ::new (*(KeyWords::A**)ret) KeyWords::A(*(std::initializer_list<int>*)args[0]): new KeyWords::A(*(std::initializer_list<int>*)args[0]);
}
#pragma clang diagnostic pop
==== SOURCE END ====
__________________ TestPYTHONIFY.test19_keywords_and_defaults __________________

self = <test_pythonify.TestPYTHONIFY object at 0x7705417a0190>

    @mark.xfail(condition=IS_MAC, reason="Fails on OSX")
    def test19_keywords_and_defaults(self):
        """Use of keyword arguments mixed with defaults"""
    
        import cppjit
    
        cppjit.cppdef("""namespace KeyWordsAndDefaults {
        int foo(int a=10, int b=20, int c=5, int d=4) {
            return a-b/c*d;
        }
    
        std::string bar(const std::string& a = "a", const std::string& b = "b") {
            return a+b;
        }
    
        class MyClass {};
    
        void foobar(const MyClass& m1 = MyClass(), const MyClass& m2 = MyClass()) {
            /* empty */
        }
    
        bool barfoo(bool opt1=false, bool opt2=true) {
            return opt1 && opt2;
        } }""")
    
        def pyfoo(a=10, b=20, c=5, d=4):
            return a - b // c * d
    
        ns = cppjit.gbl.KeyWordsAndDefaults
    
>       assert ns.foo() == pyfoo()
               ^^^^^^^^
E       cppjit.gbl.std.runtime_error: int KeyWordsAndDefaults::foo(int a = 10, int b = 20, int c = 5, int d = 4) =>
E           runtime_error: failed to resolve function

test_pythonify.py:549: runtime_error
----------------------------- Captured stderr call -----------------------------
JIT session error: Failed to materialize symbols: { (main, { _ZStplIcSt11char_traitsIcESaIcEENSt7__cxx1112basic_stringIT_T0_T1_EERKS8_SA_ }) }
TClingCallFunc::make_wrapper:Failed to compile
==== SOURCE BEGIN ====
#pragma clang diagnostic push
#pragma clang diagnostic ignored "-Wformat-security"
__attribute__((used)) __attribute__((annotate("__cling__ptrcheck(off)")))
extern "C" void __jc_1052(void* obj, unsigned long nargs, void** args, void* ret)
{
   if (nargs == 0) {
      if (ret) {
         ::new (ret) (int) (KeyWordsAndDefaults::foo());
         return;
      }
      else {
         (void)(KeyWordsAndDefaults::foo());
         return;
      }
   }
   if (nargs == 1) {
      if (ret) {
         ::new (ret) (int) (KeyWordsAndDefaults::foo(*(int*)args[0]));
         return;
      }
      else {
         (void)(KeyWordsAndDefaults::foo(*(int*)args[0]));
         return;
      }
   }
   if (nargs == 2) {
      if (ret) {
         ::new (ret) (int) (KeyWordsAndDefaults::foo(*(int*)args[0], *(int*)args[1]));
         return;
      }
      else {
         (void)(KeyWordsAndDefaults::foo(*(int*)args[0], *(int*)args[1]));
         return;
      }
   }
   if (nargs == 3) {
      if (ret) {
         ::new (ret) (int) (KeyWordsAndDefaults::foo(*(int*)args[0], *(int*)args[1], *(int*)args[2]));
         return;
      }
      else {
         (void)(KeyWordsAndDefaults::foo(*(int*)args[0], *(int*)args[1], *(int*)args[2]));
         return;
      }
   }
   if (nargs == 4) {
      if (ret) {
         ::new (ret) (int) (((int (&)(int, int,
            int, int))KeyWordsAndDefaults::foo)(*(int*)args[0], *(int*)args[1], *(int*)args[2], *(int*)args[3]));
         return;
      }
      else {
         (void)(((int (&)(int, int,
            int, int))KeyWordsAndDefaults::foo)(*(int*)args[0], *(int*)args[1], *(int*)args[2], *(int*)args[3]));
         return;
      }
   }
}
#pragma clang diagnostic pop
==== SOURCE END ====
____________________ TestPYTHONIFY_UI.test01_pythonizations ____________________

self = <test_pythonify.TestPYTHONIFY_UI object at 0x7705417e4190>

    def test01_pythonizations(self):
        """Test addition of user-defined pythonizations"""
    
        import cppjit
    
        def example01a_pythonize(pyclass, pyname):
            if pyname == "example01a":
    
                def getitem(self, idx):
                    return self.addDataToInt(idx)
    
                pyclass.__getitem__ = getitem
    
        cppjit.py.add_pythonization(example01a_pythonize)
    
>       e = cppjit.gbl.example01a(1)
            ^^^^^^^^^^^^^^^^^^^^^^^^
E       TypeError: none of the 3 overloaded methods succeeded. Full details:
E         example01a::example01a(example01a &&) =>
E           TypeError: could not convert argument 1: [InstanceMoveConverter]
E         example01a::example01a(const example01a &) =>
E           TypeError: could not convert argument 1: [InstanceRefConverter]
E         example01a constructor failed

test_pythonify.py:593: TypeError
----------------------------- Captured stderr call -----------------------------
JIT session error: In graph incr_module_4023-jitted-objectbuffer, section .eh_frame: relocation target 0x7705435980a0 (DW.ref.__gxx_personality_v0) is out of range of Delta32 fixup at address 0x7705435980a0 (<anonymous block> @ 0x7704b6298098 + 0x13)
TClingCallFunc::make_wrapper:Failed to compile
==== SOURCE BEGIN ====
#pragma clang diagnostic push
#pragma clang diagnostic ignored "-Wformat-security"
__attribute__((used)) __attribute__((annotate("__cling__ptrcheck(off)")))
extern "C" void __jc_1053(void* ret, unsigned long nary, unsigned long nargs, void** args, void* is_arena)
{
      (*(example01a**)ret) = (is_arena) ? ::new (*(example01a**)ret) example01a(*(int*)args[0]): new example01a(*(int*)args[0]);
}
#pragma clang diagnostic pop
==== SOURCE END ====
=========================== short test summary info ============================
SKIPPED [1] test_stltypes.py:2353: std::span needs C++20 and <span> (libstdc++ >= 10)
SKIPPED [1] test_stltypes.py:2368: std::span needs C++20 and <span> (libstdc++ >= 10)
XFAIL test_templates.py::TestTEMPLATED_TYPEDEFS::test01_using - using-typedef resolution drops non-type template args
FAILED test_stltypes.py::TestSTLVECTOR::test09_vector_of_string - cppjit.gbl....
FAILED test_stltypes.py::TestSTLVECTOR::test11_vector_of_pair - ValueError: s...
FAILED test_stltypes.py::TestSTLVECTOR::test12_vector_lifeline - ValueError: ...
FAILED test_stltypes.py::TestSTLVECTOR::test13_vector_smartptr_iteration - Ty...
FAILED test_stltypes.py::TestSTLVECTOR::test14_vector_of_vector_of_ - cppjit....
FAILED test_stltypes.py::TestSTLVECTOR::test18_array_interface - TypeError: i...
FAILED test_stltypes.py::TestSTLVECTOR::test19_vector_point3d - cppjit.gbl.st...
FAILED test_stltypes.py::TestSTLVECTOR::test20_vector_cstring - SyntaxError: ...
FAILED test_stltypes.py::TestSTLVECTOR::test21_vector_of_structs_data - Synta...
FAILED test_stltypes.py::TestSTLVECTOR::test22_polymorphic - TypeError: none ...
FAILED test_stltypes.py::TestSTLVECTOR::test23_copy_conversion - TypeError: T...
FAILED test_stltypes.py::TestSTLVECTOR::test24_byte_vectors - assert 0 == 10
FAILED test_stltypes.py::TestSTLSTRING::test01_string_argument_passing - Type...
FAILED test_stltypes.py::TestSTLSTRING::test02_string_data_access - TypeError...
FAILED test_stltypes.py::TestSTLSTRING::test03_string_with_null_character - T...
FAILED test_stltypes.py::TestSTLSTRING::test05_stlstring_and_unicode - cppjit...
FAILED test_stltypes.py::TestSTLSTRING::test06_stlstring_bytes_and_text - Syn...
FAILED test_stltypes.py::TestSTLSTRING::test08_string_operators - AssertionEr...
FAILED test_stltypes.py::TestSTLSTRING::test10_string_in_repr_and_str_bytes
FAILED test_stltypes.py::TestSTLLIST::test01_builtin_list_type - assert not <...
FAILED test_stltypes.py::TestSTLLIST::test02_empty_list_type - assert not <cp...
FAILED test_stltypes.py::TestSTLLIST::test03_replacement_of_eq - ValueError: ...
FAILED test_stltypes.py::TestSTLLIST::test04_iter_of_iter - TypeError: Templa...
FAILED test_stltypes.py::TestSTLLIST::test05_list_cpp17_style - TypeError: Te...
FAILED test_stltypes.py::TestSTLLIST::test06_convert_list_of_strings - System...
FAILED test_stltypes.py::TestSTLMAP::test01_builtin_map_type - TypeError: Tem...
FAILED test_stltypes.py::TestSTLMAP::test02_keyed_maptype - TypeError: Templa...
FAILED test_stltypes.py::TestSTLMAP::test03_empty_maptype - TypeError: Templa...
FAILED test_stltypes.py::TestSTLMAP::test04_unsignedvalue_typemap_types - Typ...
FAILED test_stltypes.py::TestSTLMAP::test05_STL_like_class_indexing_overloads
FAILED test_stltypes.py::TestSTLMAP::test06_initialize_from_dict - TypeError:...
FAILED test_stltypes.py::TestSTLMAP::test07_map_cpp17_style - TypeError: Temp...
FAILED test_stltypes.py::TestSTLMAP::test08_map_derived_objects - TypeError: ...
FAILED test_stltypes.py::TestSTLITERATOR::test01_builtin_vector_iterators - a...
FAILED test_stltypes.py::TestSTLITERATOR::test04_stllike_confusing_name - Typ...
FAILED test_stltypes.py::TestSTLARRAY::test02_array_of_pods - TypeError: none...
FAILED test_stltypes.py::TestSTLARRAY::test03_array_of_pointer_to_pods - Type...
FAILED test_stltypes.py::TestSTLARRAY::test05_array_of_chrono_types_should_be_iterable
FAILED test_stltypes.py::TestSTLSTRING_VIEW::test03_string_view_pythonize - S...
FAILED test_stltypes.py::TestSTLDEQUE::test01_deque_byvalue_regression - Valu...
FAILED test_stltypes.py::TestSTLDEQUE::test02_deque_cpp17_style - TypeError: ...
FAILED test_stltypes.py::TestSTLSET::test01_set_iteration - TypeError: Templa...
FAILED test_stltypes.py::TestSTLSET::test02_set_iterators - TypeError: Templa...
FAILED test_stltypes.py::TestSTLSET::test03_initialize_from_set - TypeError: ...
FAILED test_stltypes.py::TestSTLSET::test04_set_cpp17_style - TypeError: Temp...
FAILED test_stltypes.py::TestSTLSET::test05_contains - TypeError: Template me...
FAILED test_stltypes.py::TestSTLTUPLE::test01_tuple_creation_and_access - Val...
FAILED test_stltypes.py::TestSTLTUPLE::test02_tuple_size - TypeError: Templat...
FAILED test_stltypes.py::TestSTLTUPLE::test03_tuple_iter - TypeError: Templat...
FAILED test_stltypes.py::TestSTLTUPLE::test04_tuple_lifeline - TypeError: non...
FAILED test_stltypes.py::TestSTLEXCEPTION::test02_raising - AttributeError: '...
FAILED test_stltypes.py::TestSTLEXCEPTION::test03_memory - AssertionError: as...
FAILED test_stltypes.py::TestSTLEXCEPTION::test04_from_cpp - Exception: void ...
FAILED test_stltypes.py::TestSTLANY::test01_make_any - ValueError: Could not ...
FAILED test_templates.py::TestTEMPLATES::test04_variadic_function - TypeError...
FAILED test_templates.py::TestTEMPLATES::test06_variadic_sfinae - TypeError: ...
FAILED test_templates.py::TestTEMPLATES::test08_using_of_static_data - TypeEr...
FAILED test_templates.py::TestTEMPLATES::test11_templated_ctor - TypeError: T...
FAILED test_templates.py::TestTEMPLATES::test12_template_aliases - TypeError:...
FAILED test_templates.py::TestTEMPLATES::test16_variadic - TypeError: none of...
FAILED test_templates.py::TestTEMPLATES::test19_templated_operator_add - Type...
FAILED test_templates.py::TestTEMPLATES::test20_templated_ctor_with_defaults
FAILED test_templates.py::TestTEMPLATES::test21_type_deduction_with_conversion
FAILED test_templates.py::TestTEMPLATES::test23_overloaded_setitem - TypeErro...
FAILED test_templates.py::TestTEMPLATES::test24_stdfunction_templated_arguments
FAILED test_templates.py::TestTEMPLATES::test25_stdfunction_ref_and_ptr_args
FAILED test_templates.py::TestTEMPLATES::test27_variadic_constructor - TypeEr...
FAILED test_templates.py::TestTEMPLATES::test28_enum_in_constructor - TypeErr...
FAILED test_templates.py::TestTEMPLATES::test29_function_ptr_as_template_arg
FAILED test_templates.py::TestTEMPLATES::test31_ltlt_in_template_name - TypeE...
FAILED test_templates.py::TestTEMPLATES::test34_cstring_template_argument - A...
FAILED test_templates.py::TestTEMPLATES::test36_templated_callbacks - TypeErr...
FAILED test_templates.py::TestTEMPLATES::test38_constructor_implicit_conversion
FAILED test_templates.py::TestTEMPLATES::test39_monkey_patching_template_proxy
FAILED test_templates.py::TestTEMPLATE_TYPE_REDUCTION::test01_reduce_binary
FAILED test_operators.py::TestOPERATORS::test01_math_operators - TypeError: n...
FAILED test_operators.py::TestOPERATORS::test02_unary_math_operators - TypeEr...
FAILED test_operators.py::TestOPERATORS::test03_comparison_operators - TypeEr...
FAILED test_operators.py::TestOPERATORS::test04_boolean_operator - TypeError:...
FAILED test_operators.py::TestOPERATORS::test05_exact_types - TypeError: none...
FAILED test_operators.py::TestOPERATORS::test07_virtual_operator_eq - TypeErr...
FAILED test_operators.py::TestOPERATORS::test08_call_to_getsetitem_mapping - ...
FAILED test_operators.py::TestOPERATORS::test10_r_non_associative - TypeError...
FAILED test_operators.py::TestOPERATORS::test11_overloaded_operators - TypeEr...
FAILED test_operators.py::TestOPERATORS::test12_unary_operators - TypeError: ...
FAILED test_operators.py::TestOPERATORS::test13_comma_operator - TypeError: n...
FAILED test_operators.py::TestOPERATORS::test16_global_ordered_operators - Ty...
FAILED test_overloads.py::TestOVERLOADS::test01_class_based_overloads - TypeE...
FAILED test_overloads.py::TestOVERLOADS::test02_class_based_overloads_explicit_resolution
FAILED test_overloads.py::TestOVERLOADS::test03_fragile_class_based_overloads
FAILED test_overloads.py::TestOVERLOADS::test04_fully_fragile_overloads - Typ...
FAILED test_overloads.py::TestOVERLOADS::test05_array_overloads - TypeError: ...
FAILED test_overloads.py::TestOVERLOADS::test06_double_int_overloads - TypeEr...
FAILED test_overloads.py::TestOVERLOADS::test10_overload_and_exceptions - Typ...
FAILED test_overloads.py::TestOVERLOADS::test11_deep_inheritance - AssertionE...
FAILED test_overloads.py::TestOVERLOADS::test13_disallow_functor_to_function_pointer
FAILED test_overloads.py::TestOVERLOADS::test16_voidp_does_not_outrank_conversion
FAILED test_pythonify.py::TestPYTHONIFY::test04_constructing_and_calling - Ty...
FAILED test_pythonify.py::TestPYTHONIFY::test05_passing_object_by_pointer - T...
FAILED test_pythonify.py::TestPYTHONIFY::test06_returning_object_by_pointer
FAILED test_pythonify.py::TestPYTHONIFY::test07_returning_object_by_value - T...
FAILED test_pythonify.py::TestPYTHONIFY::test09_memory - TypeError: none of t...
FAILED test_pythonify.py::TestPYTHONIFY::test10_default_arguments - Assertion...
FAILED test_pythonify.py::TestPYTHONIFY::test11_overload_on_arguments - TypeE...
FAILED test_pythonify.py::TestPYTHONIFY::test14_bound_unbound_calls - TypeErr...
FAILED test_pythonify.py::TestPYTHONIFY::test15_installable_function - TypeEr...
FAILED test_pythonify.py::TestPYTHONIFY::test16_subclassing - TypeError: none...
FAILED test_pythonify.py::TestPYTHONIFY::test17_chaining - ValueError: Lifeli...
FAILED test_pythonify.py::TestPYTHONIFY::test18_keywords - TypeError: none of...
FAILED test_pythonify.py::TestPYTHONIFY::test19_keywords_and_defaults - cppji...
FAILED test_pythonify.py::TestPYTHONIFY_UI::test01_pythonizations - TypeError...
111 failed, 130 passed, 2 skipped, 1 xfailed in 6.65s
